OBC,Outs,RunExpectancy
0,0,0.7735849056603774
0,1,0.3253968253968254
0,2,0.17582417582417584
1,0,1.625
1,1,0.4782608695652174
1,2,0.4318181818181818
2,0,2.6470588235294117
2,1,0.7222222222222222
2,2,0.6551724137931034
3,0,1.3333333333333333
3,1,1.5714285714285714
3,2,0.5
4,0,3.857142857142857
4,1,0.8571428571428571
4,2,0.5
5,0,2.5
5,1,2.0
5,2,1.0
6,0,2.2
6,1,1.25
6,2,0.0
7,0,6.625
7,1,2.0
7,2,3.0
