OBC,Outs,RunExpectancy
0,0,0.7643312101910829
0,1,0.3333333333333333
0,2,0.1724137931034483
1,0,1.6363636363636365
1,1,0.45454545454545453
1,2,0.4418604651162791
2,0,2.6470588235294117
2,1,0.7222222222222222
2,2,0.6551724137931034
3,0,1.3333333333333333
3,1,1.5714285714285714
3,2,0.5
4,0,3.857142857142857
4,1,1.0
4,2,0.6
5,0,2.5
5,1,2.0
5,2,1.2
6,0,2.2
6,1,1.25
6,2,0.0
7,0,6.625
7,1,2.0
7,2,3.0
