Hitter,Hitter ID,Swing,Pitcher,Pitcher ID,Pitch,Old Result,Diff,Inning,Outs,OBC,Home Score,Away Score,Batter WPA,Pitcher WPA,RBI,Run,Inning ID,Game ID,Session,Batter Team,Pitcher Team,Exact Result,Result at Neutral,Result All Neutral,PA Type
Lane Drew,190,721.0,Junks Tandem,3276,42.0,K,321.0,T1,0,0,0,0,-2.51%,2.51%,0,0,1,1,1,TOR,ATL,K,K,,1
Ziggy Ceder,56,562.0,Junks Tandem,3276,772.0,FO,210.0,T1,1,0,0,0,-2.18%,2.18%,0,0,1,1,1,TOR,ATL,FO,FO,,1
Quentin Adams,397,568.0,Junks Tandem,3276,7.0,LGO,439.0,T1,2,0,0,0,-1.76%,1.76%,0,0,1,1,1,TOR,ATL,LGO,LGO,,1
Phil Coulson,226,414.0,S.A.R. Dinka,395,138.0,K,276.0,B1,0,0,0,0,-2.48%,2.48%,0,0,2,1,1,ATL,TOR,K,K,,1
Forrest Gleeson,51,45.0,S.A.R. Dinka,395,602.0,LGO,443.0,B1,1,0,0,0,-2.17%,2.17%,0,0,2,1,1,ATL,TOR,LGO,LGO,,1
Y.E. Wally,5,619.0,S.A.R. Dinka,395,172.0,LGO,447.0,B1,2,0,0,0,-1.79%,1.79%,0,0,2,1,1,ATL,TOR,LGO,LGO,,1
Graham Grams,400,366.0,Junks Tandem,3276,17.0,K,349.0,T2,0,0,0,0,-2.72%,2.72%,0,0,3,1,1,TOR,ATL,K,K,,1
Luis Flemus,3275,242.0,Junks Tandem,3276,819.0,LGO,423.0,T2,1,0,0,0,-2.40%,2.40%,0,0,3,1,1,TOR,ATL,LGO,LGO,,1
Thomas Berry,446,525.0,Junks Tandem,3276,2.0,LGO,477.0,T2,2,0,0,0,-1.99%,1.99%,0,0,3,1,1,TOR,ATL,LGO,LGO,,1
Charles Lindberg,242,562.0,S.A.R. Dinka,395,802.0,FO,240.0,B2,0,0,0,0,-2.72%,2.72%,0,0,4,1,1,ATL,TOR,FO,FO,,1
Gil Metz,206,108.0,S.A.R. Dinka,395,603.0,LGO,495.0,B2,1,0,0,0,-2.38%,2.38%,0,0,4,1,1,ATL,TOR,LGO,LGO,,1
H.B. Boink,1988,105.0,S.A.R. Dinka,395,780.0,K,325.0,B2,2,0,0,0,-2.03%,2.03%,0,0,4,1,1,ATL,TOR,K,K,,1
Mike Honcho,445,408.0,Junks Tandem,3276,108.0,K,300.0,T3,0,0,0,0,-3.03%,3.03%,0,0,5,1,1,TOR,ATL,K,K,,1
Daz Reference,2114,572.0,Junks Tandem,3276,300.0,FO,272.0,T3,1,0,0,0,-2.74%,2.74%,0,0,5,1,1,TOR,ATL,FO,FO,,1
S.A.R. Dinka,395,200.0,Junks Tandem,3276,902.0,K,298.0,T3,2,0,0,0,-2.31%,2.31%,0,0,5,1,1,TOR,ATL,K,K,,1
Junks Tandem,3276,22.0,S.A.R. Dinka,395,129.0,1B,107.0,B3,0,0,0,0,3.09%,-3.09%,0,0,6,1,1,ATL,TOR,1B,1B,,1
Sadler Oriole,231,770.0,S.A.R. Dinka,395,420.0,DP,350.0,B3,0,1,0,0,-8.93%,8.93%,0,0,6,1,1,ATL,TOR,LGO,LGO,,1
Jake Blee,232,272.0,S.A.R. Dinka,395,252.0,HR,20.0,B3,2,0,0,0,17.42%,-17.42%,1,1,6,1,1,ATL,TOR,HR,HR,,1
Phil Coulson,226,887.0,S.A.R. Dinka,395,725.0,BB,162.0,B3,2,0,1,0,1.54%,-1.54%,0,0,6,1,1,ATL,TOR,BB,BB,,1
Forrest Gleeson,51,982.0,S.A.R. Dinka,395,801.0,FO,181.0,B3,2,1,1,0,-3.16%,3.16%,0,0,6,1,1,ATL,TOR,FO,FO,,1
Lane Drew,190,71.0,Junks Tandem,3276,811.0,FO,260.0,T4,0,0,1,0,-3.96%,3.96%,0,0,7,1,1,TOR,ATL,FO,FO,,1
Ziggy Ceder,56,71.0,Junks Tandem,3276,66.0,HR,5.0,T4,1,0,1,0,18.45%,-18.45%,1,1,7,1,1,TOR,ATL,HR,HR,,1
Quentin Adams,397,772.0,Junks Tandem,3276,1.0,FO,229.0,T4,1,0,1,1,-3.19%,3.19%,0,0,7,1,1,TOR,ATL,FO,FO,,1
Graham Grams,400,913.0,Junks Tandem,3276,420.0,LGO,493.0,T4,2,0,1,1,-2.75%,2.75%,0,0,7,1,1,TOR,ATL,LGO,LGO,,1
Y.E. Wally,5,151.0,S.A.R. Dinka,395,474.0,K,323.0,B4,0,0,1,1,-3.43%,3.43%,0,0,8,1,1,ATL,TOR,K,K,,1
Charles Lindberg,242,953.0,S.A.R. Dinka,395,1.0,HR,48.0,B4,1,0,1,1,20.22%,-20.22%,1,1,8,1,1,ATL,TOR,HR,HR,,1
Gil Metz,206,815.0,S.A.R. Dinka,395,732.0,1B,83.0,B4,1,0,2,1,1.59%,-1.59%,0,1,8,1,1,ATL,TOR,1B,1B,,1
H.B. Boink,1988,300.0,S.A.R. Dinka,395,347.0,1B,47.0,B4,1,1,2,1,2.73%,-2.73%,0,1,8,1,1,ATL,TOR,1B,1B,,1
Junks Tandem,3276,666.0,S.A.R. Dinka,395,524.0,BB,142.0,B4,1,4,2,1,5.33%,-5.33%,0,1,8,1,1,ATL,TOR,BB,BB,,1
Sadler Oriole,231,645.0,S.A.R. Dinka,395,699.0,1B,54.0,B4,1,7,2,1,6.22%,-6.22%,1,0,8,1,1,ATL,TOR,1B,1B,,1
Jake Blee,232,390.0,S.A.R. Dinka,395,330.0,2B,60.0,B4,1,7,3,1,5.80%,-5.80%,2,0,8,1,1,ATL,TOR,2B,2B,,1
Phil Coulson,226,997.0,S.A.R. Dinka,395,148.0,BB,151.0,B4,1,6,5,1,0.25%,-0.25%,0,0,8,1,1,ATL,TOR,BB,BB,,1
Forrest Gleeson,51,41.0,S.A.R. Dinka,395,531.0,DP,490.0,B4,1,7,5,1,-2.18%,2.18%,0,0,8,1,1,ATL,TOR,LGO,LGO,,1
Luis Flemus,3275,153.0,Junks Tandem,3276,210.0,2B,57.0,T5,0,0,5,1,3.50%,-3.50%,0,1,9,1,1,TOR,ATL,2B,2B,,1
Thomas Berry,446,944.0,Junks Tandem,3276,902.0,1B,42.0,T5,0,2,5,1,4.64%,-4.64%,0,1,9,1,1,TOR,ATL,1B,1B,,1
Mike Honcho,445,482.0,Junks Tandem,3276,700.0,Sac,218.0,T5,0,5,5,1,-3.79%,3.79%,1,0,9,1,1,TOR,ATL,FO,FO,,1
Daz Reference,2114,542.0,Junks Tandem,3276,300.0,FO,242.0,T5,1,1,5,2,-2.79%,2.79%,0,0,9,1,1,TOR,ATL,FO,FO,,1
S.A.R. Dinka,395,750.0,Junks Tandem,3276,573.0,BB,177.0,T5,2,1,5,2,3.46%,-3.46%,0,0,9,1,1,TOR,ATL,BB,BB,,1
Lane Drew,190,81.0,Junks Tandem,3276,13.0,1B,68.0,T5,2,4,5,2,7.63%,-7.63%,1,0,9,1,1,TOR,ATL,1B,1B,,1
Ziggy Ceder,56,280.0,Junks Tandem,3276,799.0,LGO,481.0,T5,2,5,5,3,-10.10%,10.10%,0,0,9,1,1,TOR,ATL,LGO,LGO,,1
Y.E. Wally,5,888.0,S.A.R. Dinka,395,267.0,LGO,379.0,B5,0,0,5,3,-0.67%,0.67%,0,0,10,1,1,ATL,TOR,LGO,LGO,,1
Charles Lindberg,242,931.0,S.A.R. Dinka,395,985.0,2B,54.0,B5,1,0,5,3,1.26%,-1.26%,0,1,10,1,1,ATL,TOR,2B,2B,,1
Gil Metz,206,483.0,S.A.R. Dinka,395,573.0,1B,90.0,B5,1,2,5,3,1.20%,-1.20%,0,1,10,1,1,ATL,TOR,1B,1B,,1
H.B. Boink,1988,864.0,S.A.R. Dinka,395,736.0,BB,128.0,B5,1,5,5,3,0.68%,-0.68%,0,0,10,1,1,ATL,TOR,BB,BB,,1
Junks Tandem,3276,318.0,S.A.R. Dinka,395,638.0,PO,320.0,B5,1,7,5,3,-1.88%,1.88%,0,0,10,1,1,ATL,TOR,PO,PO,,1
Sadler Oriole,231,275.0,S.A.R. Dinka,395,177.0,1B,98.0,B5,2,7,5,3,4.69%,-4.69%,2,0,10,1,1,ATL,TOR,1B,1B,,1
Jake Blee,232,311.0,S.A.R. Dinka,395,793.0,LGO,482.0,B5,2,5,7,3,-0.38%,0.38%,0,0,10,1,1,ATL,TOR,LGO,LGO,,1
Quentin Adams,397,306.0,Cal Tiberius Jr.,199,901.0,LGO,405.0,T6,0,0,7,3,-0.92%,0.92%,0,0,11,1,1,TOR,ATL,LGO,LGO,,1
Graham Grams,400,278.0,Cal Tiberius Jr.,199,384.0,1B,106.0,T6,1,0,7,3,1.03%,-1.03%,0,0,11,1,1,TOR,ATL,1B,1B,,1
Luis Flemus,3275,756.0,Cal Tiberius Jr.,199,181.0,DP,425.0,T6,1,1,7,3,-1.75%,1.75%,0,0,11,1,1,TOR,ATL,LGO,LGO,,1
C.W. Mitzel,2127,79.0,Cy Hadd,3295,780.0,FO,299.0,T1,0,0,0,0,-2.51%,2.51%,0,0,12,2,1,MIN,PHI,FO,FO,,1
Dark Bobman,359,275.0,Cy Hadd,3295,274.0,HR,1.0,T1,1,0,0,0,11.75%,-11.75%,1,1,12,2,1,MIN,PHI,HR,HR,,1
Twinkie Power,2128,408.0,Cy Hadd,3295,51.0,K,357.0,T1,1,0,0,1,-1.84%,1.84%,0,0,12,2,1,MIN,PHI,K,K,,1
Hashcoin Shitstorm,3277,245.0,Cy Hadd,3295,209.0,2B,36.0,T1,2,0,0,1,2.75%,-2.75%,0,0,12,2,1,MIN,PHI,2B,2B,,1
"Jake ""JP"" Panik",267,608.0,Cy Hadd,3295,810.0,FO,202.0,T1,2,2,0,1,-4.22%,4.22%,0,0,12,2,1,MIN,PHI,FO,FO,,1
Kyle Mack,2011,462.0,Sonny Streaker,2065,223.0,FO,239.0,B1,0,0,0,1,-2.79%,2.79%,0,0,13,2,1,PHI,MIN,FO,FO,,1
Ross Fire,47,462.0,Sonny Streaker,2065,93.0,LGO,369.0,B1,1,0,0,1,-2.36%,2.36%,0,0,13,2,1,PHI,MIN,LGO,LGO,,1
Conrad Love,300,777.0,Sonny Streaker,2065,448.0,K,329.0,B1,2,0,0,1,-1.88%,1.88%,0,0,13,2,1,PHI,MIN,K,K,,1
Miguel Snow,290,276.0,Cy Hadd,3295,23.0,FO,253.0,T2,0,0,0,1,-2.27%,2.27%,0,0,14,2,1,MIN,PHI,FO,FO,,1
Chad Barrett,2030,895.0,Cy Hadd,3295,889.0,HR,6.0,T2,1,0,0,1,11.55%,-11.55%,1,1,14,2,1,MIN,PHI,HR,HR,,1
Jack Marnette,213,329.0,Cy Hadd,3295,762.0,LGO,433.0,T2,1,0,0,2,-1.52%,1.52%,0,0,14,2,1,MIN,PHI,LGO,LGO,,1
Sonny Streaker,2065,329.0,Cy Hadd,3295,999.0,K,330.0,T2,2,0,0,2,-1.37%,1.37%,0,0,14,2,1,MIN,PHI,K,K,,1
Rory Nipponsteer,1992,348.0,Sonny Streaker,2065,127.0,FO,221.0,B2,0,0,0,2,-2.94%,2.94%,0,0,15,2,1,PHI,MIN,FO,FO,,1
Hunter Tuzero,346,479.0,Sonny Streaker,2065,836.0,PO,357.0,B2,1,0,0,2,-2.53%,2.53%,0,0,15,2,1,PHI,MIN,PO,PO,,1
Martin Barnar,2088,323.0,Sonny Streaker,2065,27.0,K,296.0,B2,2,0,0,2,-1.92%,1.92%,0,0,15,2,1,PHI,MIN,K,K,,1
C.W. Mitzel,2127,136.0,Cy Hadd,3295,898.0,FO,238.0,T3,0,0,0,2,-1.72%,1.72%,0,0,16,2,1,MIN,PHI,FO,FO,,1
Dark Bobman,359,790.0,Cy Hadd,3295,78.0,FO,288.0,T3,1,0,0,2,-1.56%,1.56%,0,0,16,2,1,MIN,PHI,FO,FO,,1
Twinkie Power,2128,682.0,Cy Hadd,3295,125.0,LGO,443.0,T3,2,0,0,2,-1.30%,1.30%,0,0,16,2,1,MIN,PHI,LGO,LGO,,1
Jay Lupp,3278,362.0,Sonny Streaker,2065,753.0,LGO,391.0,B3,0,0,0,2,-3.28%,3.28%,0,0,17,2,1,PHI,MIN,LGO,LGO,,1
Justin Virga,3279,411.0,Sonny Streaker,2065,830.0,LGO,419.0,B3,1,0,0,2,-2.78%,2.78%,0,0,17,2,1,PHI,MIN,LGO,LGO,,1
Cy Hadd,3295,551.0,Sonny Streaker,2065,530.0,HR,21.0,B3,2,0,0,2,12.85%,-12.85%,1,1,17,2,1,PHI,MIN,HR,HR,,1
Kyle Mack,2011,736.0,Sonny Streaker,2065,880.0,BB,144.0,B3,2,0,1,2,2.66%,-2.66%,0,1,17,2,1,PHI,MIN,BB,BB,,1
Ross Fire,47,872.0,Sonny Streaker,2065,765.0,1B,107.0,B3,2,1,1,2,4.34%,-4.34%,0,0,17,2,1,PHI,MIN,1B,1B,,1
Conrad Love,300,195.0,Sonny Streaker,2065,110.0,1B,85.0,B3,2,5,1,2,16.20%,-16.20%,1,0,17,2,1,PHI,MIN,1B,1B,,1
Rory Nipponsteer,1992,750.0,Sonny Streaker,2065,200.0,LGO,450.0,B3,2,5,2,2,-7.87%,7.87%,0,0,17,2,1,PHI,MIN,LGO,LGO,,1
Hashcoin Shitstorm,3277,180.0,Cy Hadd,3295,678.0,LGO,498.0,T4,0,0,2,2,-3.58%,3.58%,0,0,18,2,1,MIN,PHI,LGO,LGO,,1
"Jake ""JP"" Panik",267,304.0,Cy Hadd,3295,1.0,K,303.0,T4,1,0,2,2,-3.19%,3.19%,0,0,18,2,1,MIN,PHI,K,K,,1
Miguel Snow,290,760.0,Cy Hadd,3295,441.0,K,319.0,T4,2,0,2,2,-2.75%,2.75%,0,0,18,2,1,MIN,PHI,K,K,,1
Hunter Tuzero,346,79.0,Sonny Streaker,2065,980.0,1B,99.0,B4,0,0,2,2,3.11%,-3.11%,0,1,19,2,1,PHI,MIN,1B,1B,,1
Martin Barnar,2088,873.0,Sonny Streaker,2065,197.0,K,324.0,B4,0,1,2,2,-3.88%,3.88%,0,0,19,2,1,PHI,MIN,K,K,,1
Jay Lupp,3278,864.0,Sonny Streaker,2065,1.0,1B,137.0,B4,1,1,2,2,4.93%,-4.93%,0,0,19,2,1,PHI,MIN,1B,1B,,1
Justin Virga,3279,742.0,Sonny Streaker,2065,780.0,2B,38.0,B4,1,4,2,2,21.62%,-21.62%,1,0,19,2,1,PHI,MIN,2B,2B,,1
Cy Hadd,3295,178.0,Sonny Streaker,2065,837.0,PO,341.0,B4,1,6,3,2,-6.79%,6.79%,0,0,19,2,1,PHI,MIN,PO,PO,,1
Kyle Mack,2011,103.0,Sonny Streaker,2065,933.0,FO,170.0,B4,2,6,3,2,-5.43%,5.43%,0,0,19,2,1,PHI,MIN,FO,FO,,1
Chad Barrett,2030,37.0,Cy Hadd,3295,325.0,K,288.0,T5,0,0,3,2,-4.98%,4.98%,0,0,20,2,1,MIN,PHI,K,K,,1
Jack Marnette,213,707.0,Cy Hadd,3295,27.0,K,320.0,T5,1,0,3,2,-4.32%,4.32%,0,0,20,2,1,MIN,PHI,K,K,,1
Sonny Streaker,2065,779.0,Cy Hadd,3295,61.0,K,282.0,T5,2,0,3,2,-3.61%,3.61%,0,0,20,2,1,MIN,PHI,K,K,,1
Ross Fire,47,130.0,Sonny Streaker,2065,887.0,FO,243.0,B5,0,0,3,2,-1.37%,1.37%,0,0,21,2,1,PHI,MIN,FO,FO,,1
Conrad Love,300,900.0,Sonny Streaker,2065,110.0,FO,210.0,B5,1,0,3,2,-1.30%,1.30%,0,0,21,2,1,PHI,MIN,FO,FO,,1
Rory Nipponsteer,1992,143.0,Sonny Streaker,2065,27.0,BB,116.0,B5,2,0,3,2,1.06%,-1.06%,0,0,21,2,1,PHI,MIN,BB,BB,,1
Hunter Tuzero,346,101.0,Sonny Streaker,2065,722.0,LGO,379.0,B5,2,1,3,2,-2.20%,2.20%,0,0,21,2,1,PHI,MIN,LGO,LGO,,1
C.W. Mitzel,2127,969.0,Cy Hadd,3295,244.0,FO,275.0,T6,0,0,3,2,-6.73%,6.73%,0,0,22,2,1,MIN,PHI,FO,FO,,1
Dark Bobman,359,210.0,Cy Hadd,3295,773.0,LGO,437.0,T6,1,0,3,2,-6.00%,6.00%,0,0,22,2,1,MIN,PHI,LGO,LGO,,1
Twinkie Power,2128,501.0,Cy Hadd,3295,151.0,K,350.0,T6,2,0,3,2,-5.13%,5.13%,0,0,22,2,1,MIN,PHI,K,K,,1
Jimbo Fishy,1984,546.0,Grey Goose McGillicuddy,1961,537.0,HR,9.0,T1,0,0,0,0,11.33%,-11.33%,1,1,23,3,1,HOU,ARI,HR,HR,,1
Rupert Apple,3280,67.0,Grey Goose McGillicuddy,1961,613.0,LGO,454.0,T1,0,0,0,1,-2.09%,2.09%,0,0,23,3,1,HOU,ARI,LGO,LGO,,1
Triston Uzumaki,125,180.0,Grey Goose McGillicuddy,1961,818.0,PO,362.0,T1,1,0,0,1,-1.84%,1.84%,0,0,23,3,1,HOU,ARI,PO,PO,,1
Buck Cheeks,457,133.0,Grey Goose McGillicuddy,1961,400.0,FO,267.0,T1,2,0,0,1,-1.47%,1.47%,0,0,23,3,1,HOU,ARI,FO,FO,,1
Tsar Zaar,274,287.0,Willoughby Hoose,112,781.0,LGO,494.0,B1,0,0,0,1,-2.79%,2.79%,0,0,24,3,1,ARI,HOU,LGO,LGO,,1
Garren Smudge,133,376.0,Willoughby Hoose,112,348.0,2B,28.0,B1,1,0,0,1,4.97%,-4.97%,0,1,24,3,1,ARI,HOU,2B,2B,,1
Assassin Panda,15,272.0,Willoughby Hoose,112,164.0,1B,108.0,B1,1,2,0,1,5.70%,-5.70%,0,1,24,3,1,ARI,HOU,1B,1B,,1
I.M. Organic,2132,522.0,Willoughby Hoose,112,635.0,BB,113.0,B1,1,5,0,1,5.42%,-5.42%,0,0,24,3,1,ARI,HOU,BB,BB,,1
Trey Rangers,224,888.0,Willoughby Hoose,112,14.0,1B,126.0,B1,1,7,0,1,10.38%,-10.38%,1,0,24,3,1,ARI,HOU,1B,1B,,1
Rico Veringhipster,2014,540.0,Willoughby Hoose,112,322.0,Sac,218.0,B1,1,7,1,1,0.36%,-0.36%,1,0,24,3,1,ARI,HOU,FO,FO,,1
Obi-Wan Canoli,3281,888.0,Willoughby Hoose,112,414.0,LGO,474.0,B1,2,4,2,1,-5.08%,5.08%,0,0,24,3,1,ARI,HOU,LGO,LGO,,1
Jay Money,241,165.0,Grey Goose McGillicuddy,1961,211.0,1B,46.0,T2,0,0,2,1,3.46%,-3.46%,0,0,25,3,1,HOU,ARI,1B,1B,,1
Jasper Orbit,1983,400.0,Grey Goose McGillicuddy,1961,770.0,K,370.0,T2,0,1,2,1,-3.57%,3.57%,0,0,25,3,1,HOU,ARI,K,K,,1
Lemmy Fraser,2166,222.0,Grey Goose McGillicuddy,1961,948.0,FO,274.0,T2,1,1,2,1,-3.11%,3.11%,0,0,25,3,1,HOU,ARI,FO,FO,,1
Jacques Blaque,2202,457.0,Grey Goose McGillicuddy,1961,120.0,K,337.0,T2,2,1,2,1,-4.20%,4.20%,0,0,25,3,1,HOU,ARI,K,K,,1
S.K. Brettbug,2015,673.0,Willoughby Hoose,112,232.0,LGO,441.0,B2,0,0,2,1,-2.00%,2.00%,0,0,26,3,1,ARI,HOU,LGO,LGO,,1
Grey Goose McGillicuddy,1961,344.0,Willoughby Hoose,112,10.0,K,334.0,B2,1,0,2,1,-1.83%,1.83%,0,0,26,3,1,ARI,HOU,K,K,,1
Tsar Zaar,274,950.0,Willoughby Hoose,112,876.0,1B,74.0,B2,2,0,2,1,1.60%,-1.60%,0,0,26,3,1,ARI,HOU,1B,1B,,1
Garren Smudge,133,42.0,Willoughby Hoose,112,255.0,FO,213.0,B2,2,1,2,1,-3.16%,3.16%,0,0,26,3,1,ARI,HOU,FO,FO,,1
Willoughby Hoose,112,665.0,Grey Goose McGillicuddy,1961,13.0,K,348.0,T3,0,0,2,1,-3.32%,3.32%,0,0,27,3,1,HOU,ARI,K,K,,1
Jimbo Fishy,1984,772.0,Grey Goose McGillicuddy,1961,40.0,FO,268.0,T3,1,0,2,1,-2.85%,2.85%,0,0,27,3,1,HOU,ARI,FO,FO,,1
Rupert Apple,3280,200.0,Grey Goose McGillicuddy,1961,720.0,LGO,480.0,T3,2,0,2,1,-2.26%,2.26%,0,0,27,3,1,HOU,ARI,LGO,LGO,,1
Assassin Panda,15,321.0,Willoughby Hoose,112,125.0,FO,196.0,B3,0,0,2,1,-2.04%,2.04%,0,0,28,3,1,ARI,HOU,FO,FO,,1
I.M. Organic,2132,450.0,Willoughby Hoose,112,134.0,K,316.0,B3,1,0,2,1,-1.80%,1.80%,0,0,28,3,1,ARI,HOU,K,K,,1
Trey Rangers,224,760.0,Willoughby Hoose,112,962.0,FO,202.0,B3,2,0,2,1,-1.62%,1.62%,0,0,28,3,1,ARI,HOU,FO,FO,,1
Triston Uzumaki,125,500.0,Grey Goose McGillicuddy,1961,70.0,LGO,430.0,T4,0,0,2,1,-3.96%,3.96%,0,0,29,3,1,HOU,ARI,LGO,LGO,,1
Buck Cheeks,457,212.0,Grey Goose McGillicuddy,1961,611.0,K,399.0,T4,1,0,2,1,-3.37%,3.37%,0,0,29,3,1,HOU,ARI,K,K,,1
Jay Money,241,840.0,Grey Goose McGillicuddy,1961,40.0,FO,200.0,T4,2,0,2,1,-2.78%,2.78%,0,0,29,3,1,HOU,ARI,FO,FO,,1
Rico Veringhipster,2014,615.0,Willoughby Hoose,112,631.0,3B,16.0,B4,0,0,2,1,7.86%,-7.86%,0,1,30,3,1,ARI,HOU,3B,3B,,1
Obi-Wan Canoli,3281,954.0,Willoughby Hoose,112,886.0,1B,68.0,B4,0,3,2,1,2.98%,-2.98%,1,0,30,3,1,ARI,HOU,1B,1B,,1
S.K. Brettbug,2015,942.0,Willoughby Hoose,112,802.0,1B,140.0,B4,0,1,3,1,2.07%,-2.07%,0,0,30,3,1,ARI,HOU,1B,1B,,1
Grey Goose McGillicuddy,1961,899.0,Willoughby Hoose,112,587.0,K,312.0,B4,0,4,3,1,-1.71%,1.71%,0,0,30,3,1,ARI,HOU,K,K,,1
Tsar Zaar,274,391.0,Willoughby Hoose,112,622.0,FO,231.0,B4,1,4,3,1,-1.55%,1.55%,0,0,30,3,1,ARI,HOU,FO,FO,,1
Garren Smudge,133,545.0,Willoughby Hoose,112,887.0,K,342.0,B4,2,4,3,1,-2.65%,2.65%,0,0,30,3,1,ARI,HOU,K,K,,1
Jasper Orbit,1983,200.0,Grey Goose McGillicuddy,1961,72.0,1B,128.0,T5,0,0,3,1,5.36%,-5.36%,0,0,31,3,1,HOU,ARI,1B,1B,,1
Lemmy Fraser,2166,812.0,Grey Goose McGillicuddy,1961,400.0,K,412.0,T5,0,1,3,1,-4.68%,4.68%,0,0,31,3,1,HOU,ARI,K,K,,1
Jacques Blaque,2202,327.0,Grey Goose McGillicuddy,1961,960.0,K,367.0,T5,1,1,3,1,-4.16%,4.16%,0,0,31,3,1,HOU,ARI,K,K,,1
Willoughby Hoose,112,665.0,Grey Goose McGillicuddy,1961,13.0,K,348.0,T5,2,1,3,1,-4.84%,4.84%,0,0,31,3,1,HOU,ARI,K,K,,1
Assassin Panda,15,435.0,Willoughby Hoose,112,398.0,2B,37.0,B5,0,0,3,1,1.61%,-1.61%,0,0,32,3,1,ARI,HOU,2B,2B,,1
Will Power,8,770.0,Willoughby Hoose,112,12.0,FO,242.0,B5,0,2,3,1,-1.02%,1.02%,0,0,32,3,1,ARI,HOU,FO,FO,,1
Trey Rangers,224,242.0,Willoughby Hoose,112,18.0,FO,224.0,B5,1,2,3,1,-0.93%,0.93%,0,0,32,3,1,ARI,HOU,FO,FO,,1
Rico Veringhipster,2014,808.0,Willoughby Hoose,112,358.0,LGO,450.0,B5,2,2,3,1,-1.48%,1.48%,0,0,32,3,1,ARI,HOU,LGO,LGO,,1
Jimbo Fishy,1984,528.0,Grey Goose McGillicuddy,1961,210.0,K,318.0,T6,0,0,3,1,-3.81%,3.81%,0,0,33,3,1,HOU,ARI,K,K,,1
Rupert Apple,3280,721.0,Grey Goose McGillicuddy,1961,770.0,2B,49.0,T6,1,0,3,1,7.24%,-7.24%,0,1,33,3,1,HOU,ARI,2B,2B,,1
Triston Uzumaki,125,696.0,Grey Goose McGillicuddy,1961,120.0,LGO,424.0,T6,1,2,3,1,-6.63%,6.63%,0,0,33,3,1,HOU,ARI,LGO,LGO,,1
Buck Cheeks,457,31.0,Grey Goose McGillicuddy,1961,3.0,HR,28.0,T6,2,2,3,1,34.28%,-34.28%,2,1,33,3,1,HOU,ARI,HR,HR,,1
Jay Money,241,856.0,Grey Goose McGillicuddy,1961,40.0,BB,184.0,T6,2,0,3,3,4.02%,-4.02%,0,0,33,3,1,HOU,ARI,BB,BB,,1
Jasper Orbit,1983,715.0,Grey Goose McGillicuddy,1961,190.0,LGO,475.0,T6,2,1,3,3,-8.93%,8.93%,0,0,33,3,1,HOU,ARI,LGO,LGO,,1
Grey Goose McGillicuddy,1961,623.0,Willoughby Hoose,112,216.0,K,407.0,B6,0,0,3,3,-5.27%,5.27%,0,0,34,3,1,ARI,HOU,K,K,,1
S.K. Brettbug,2015,190.0,Willoughby Hoose,112,841.0,K,349.0,B6,1,0,3,3,-5.09%,5.09%,0,0,34,3,1,ARI,HOU,K,K,,1
Grey Goose McGillicuddy,1961,404.0,Willoughby Hoose,112,457.0,2B,53.0,B6,2,0,3,3,7.75%,-7.75%,0,0,34,3,1,ARI,HOU,2B,2B,,1
Tsar Zaar,274,102.0,Willoughby Hoose,112,457.0,K,355.0,B6,2,2,3,3,-26.25%,26.25%,0,0,34,3,1,ARI,HOU,K,K,,1
Lemmy Fraser,2166,952.0,Grey Goose McGillicuddy,1961,770.0,FO,182.0,T7,0,2,3,3,-9.04%,9.04%,0,0,35,3,1,HOU,ARI,FO,FO,,1
Jacques Blaque,2202,567.0,Grey Goose McGillicuddy,1961,127.0,LGO,440.0,T7,1,2,3,3,-7.31%,7.31%,0,0,35,3,1,HOU,ARI,LGO,LGO,,1
Willoughby Hoose,112,1.0,Grey Goose McGillicuddy,1961,960.0,2B,41.0,T7,2,2,3,3,34.19%,-34.19%,1,0,35,3,1,HOU,ARI,2B,2B,,1
Jimbo Fishy,1984,421.0,Grey Goose McGillicuddy,1961,4.0,LGO,417.0,T7,2,2,3,4,-25.24%,25.24%,0,0,35,3,1,HOU,ARI,LGO,LGO,,1
Garren Smudge,133,399.0,Willoughby Hoose,112,652.0,FO,253.0,B7,0,2,3,4,-13.47%,13.47%,0,0,36,3,1,ARI,HOU,FO,FO,,1
Assassin Panda,15,282.0,Willoughby Hoose,112,430.0,BB,148.0,B7,1,2,3,4,1.40%,-1.40%,0,0,36,3,1,ARI,HOU,BB,BB,,1
Will Power,8,197.0,Willoughby Hoose,112,648.0,DP,451.0,B7,1,4,3,4,-31.94%,31.94%,0,0,36,3,1,ARI,HOU,LGO,LGO,,1
falcs51,3282,22.0,Sal Shark,2147,1.0,2B,21.0,T1,0,0,0,0,6.33%,-6.33%,0,1,37,4,1,PIT,OAK,2B,2B,,1
Splash Nelson,312,487.0,Sal Shark,2147,212.0,FO,275.0,T1,0,2,0,0,-4.19%,4.19%,0,0,37,4,1,PIT,OAK,FO,FO,,1
Gare Doctor,307,741.0,Sal Shark,2147,67.0,K,326.0,T1,1,2,0,0,-3.78%,3.78%,0,0,37,4,1,PIT,OAK,K,K,,1
Jameson Poe,310,608.0,Sal Shark,2147,500.0,BB,108.0,T1,2,2,0,0,1.74%,-1.74%,0,1,37,4,1,PIT,OAK,BB,BB,,1
Johnny Hopkins,2070,627.0,Sal Shark,2147,608.0,HR,19.0,T1,2,4,0,0,27.37%,-27.37%,3,1,37,4,1,PIT,OAK,HR,HR,,1
Lance Lummox,314,697.0,Sal Shark,2147,879.0,FO,182.0,T1,2,0,0,3,-0.91%,0.91%,0,0,37,4,1,PIT,OAK,FO,FO,,1
Art Zyz,1982,362.0,Darth Vader,336,720.0,K,358.0,B1,0,0,0,3,-2.35%,2.35%,0,0,38,4,1,OAK,PIT,K,K,,1
Bobson Dugnutt,2096,101.0,Darth Vader,336,881.0,FO,220.0,B1,1,0,0,3,-1.98%,1.98%,0,0,38,4,1,OAK,PIT,FO,FO,,1
Boaty McBoatface,2095,250.0,Darth Vader,336,133.0,1B,117.0,B1,2,0,0,3,1.90%,-1.90%,0,1,38,4,1,OAK,PIT,1B,1B,,1
Caleb VanVacter,2103,500.0,Darth Vader,336,487.0,HR,13.0,B1,2,1,0,3,17.91%,-17.91%,2,1,38,4,1,OAK,PIT,HR,HR,,1
Blue Moon Barthelemy,2025,666.0,Darth Vader,336,680.0,HR,14.0,B1,2,0,2,3,12.88%,-12.88%,1,1,38,4,1,OAK,PIT,HR,HR,,1
Graham Othrie,2139,369.0,Darth Vader,336,232.0,BB,137.0,B1,2,0,3,3,1.90%,-1.90%,0,0,38,4,1,OAK,PIT,BB,BB,,1
Rick Gymnast,3283,971.0,Darth Vader,336,220.0,FO,249.0,B1,2,1,3,3,-3.69%,3.69%,0,0,38,4,1,OAK,PIT,FO,FO,,1
Baxter Payne,2021,79.0,Sal Shark,2147,725.0,K,354.0,T2,0,0,3,3,-2.72%,2.72%,0,0,39,4,1,PIT,OAK,K,K,,1
Cook Froster,2033,371.0,Sal Shark,2147,250.0,1B,121.0,T2,1,0,3,3,2.57%,-2.57%,0,0,39,4,1,PIT,OAK,1B,1B,,1
Darth Vader,336,52.0,Sal Shark,2147,7.0,2B,45.0,T2,1,1,3,3,10.50%,-10.50%,0,0,39,4,1,PIT,OAK,2B,2B,,1
falcs51,3282,450.0,Sal Shark,2147,50.0,LGO,400.0,T2,1,6,3,3,-9.54%,9.54%,0,0,39,4,1,PIT,OAK,LGO,LGO,,2
Splash Nelson,312,820.0,Sal Shark,2147,616.0,FO,204.0,T2,2,6,3,3,-7.92%,7.92%,0,0,39,4,1,PIT,OAK,FO,FO,,1
Kid Notcher,429,42.0,Darth Vader,336,822.0,FO,220.0,B2,0,0,3,3,-2.72%,2.72%,0,0,40,4,1,OAK,PIT,FO,FO,,1
Sal Shark,2147,790.0,Darth Vader,336,866.0,1B,76.0,B2,1,0,3,3,2.47%,-2.47%,0,0,40,4,1,OAK,PIT,1B,1B,,1
Art Zyz,1982,347.0,Darth Vader,336,97.0,FO,250.0,B2,1,1,3,3,-2.78%,2.78%,0,0,40,4,1,OAK,PIT,FO,FO,,1
Bobson Dugnutt,2096,500.0,Darth Vader,336,229.0,FO,271.0,B2,2,1,3,3,-4.10%,4.10%,0,0,40,4,1,OAK,PIT,FO,FO,,1
Gare Doctor,307,412.0,Sal Shark,2147,250.0,BB,162.0,T3,0,0,3,3,3.31%,-3.31%,0,0,41,4,1,PIT,OAK,BB,BB,,1
Jameson Poe,310,816.0,Sal Shark,2147,250.0,DP,434.0,T3,0,1,3,3,-9.08%,9.08%,0,0,41,4,1,PIT,OAK,LGO,LGO,,1
Johnny Hopkins,2070,22.0,Sal Shark,2147,125.0,1B,103.0,T3,2,0,3,3,2.50%,-2.50%,0,0,41,4,1,PIT,OAK,1B,1B,,1
Lance Lummox,314,750.0,Sal Shark,2147,372.0,PO,378.0,T3,2,1,3,3,-4.81%,4.81%,0,0,41,4,1,PIT,OAK,PO,PO,,1
Boaty McBoatface,2095,100.0,Darth Vader,336,342.0,FO,242.0,B3,0,0,3,3,-3.07%,3.07%,0,0,42,4,1,OAK,PIT,FO,FO,,1
Caleb VanVacter,2103,975.0,Darth Vader,336,910.0,1B,65.0,B3,1,0,3,3,2.70%,-2.70%,0,0,42,4,1,OAK,PIT,1B,1B,,1
Blue Moon Barthelemy,2025,22.0,Darth Vader,336,582.0,DP,440.0,B3,1,1,3,3,-7.74%,7.74%,0,0,42,4,1,OAK,PIT,LGO,LGO,,1
Baxter Payne,2021,500.0,Sal Shark,2147,765.0,FO,265.0,T4,0,0,3,3,-3.58%,3.58%,0,0,43,4,1,PIT,OAK,FO,FO,,1
Cook Froster,2033,715.0,Sal Shark,2147,100.0,LGO,385.0,T4,1,0,3,3,-3.19%,3.19%,0,0,43,4,1,PIT,OAK,LGO,LGO,,1
Darth Vader,336,375.0,Sal Shark,2147,800.0,LGO,425.0,T4,2,0,3,3,-2.75%,2.75%,0,0,43,4,1,PIT,OAK,LGO,LGO,,1
Graham Othrie,2139,782.0,Darth Vader,336,622.0,FO,160.0,B4,0,0,3,3,-3.43%,3.43%,0,0,44,4,1,OAK,PIT,FO,FO,,1
Rick Gymnast,3283,179.0,Darth Vader,336,706.0,LGO,473.0,B4,1,0,3,3,-3.17%,3.17%,0,0,44,4,1,OAK,PIT,LGO,LGO,,1
Kid Notcher,429,414.0,Darth Vader,336,392.0,1B,22.0,B4,2,0,3,3,2.65%,-2.65%,0,0,44,4,1,OAK,PIT,1B,1B,,1
Sal Shark,2147,550.0,Darth Vader,336,156.0,K,394.0,B4,2,1,3,3,-5.52%,5.52%,0,0,44,4,1,OAK,PIT,K,K,,1
falcs51,3282,805.0,Sal Shark,2147,680.0,1B,125.0,T5,0,0,3,3,4.12%,-4.12%,0,1,45,4,1,PIT,OAK,1B,1B,,1
Splash Nelson,312,400.0,Sal Shark,2147,750.0,PO,350.0,T5,0,1,3,3,-4.96%,4.96%,0,0,45,4,1,PIT,OAK,PO,PO,,1
Gare Doctor,307,250.0,Sal Shark,2147,415.0,BB,165.0,T5,1,1,3,3,6.08%,-6.08%,0,0,45,4,1,PIT,OAK,BB,BB,,1
Jameson Poe,310,77.0,Sal Shark,2147,800.0,FO,277.0,T5,1,4,3,3,-5.78%,5.78%,0,0,45,4,1,PIT,OAK,FO,FO,,1
Johnny Hopkins,2070,820.0,Sal Shark,2147,950.0,1B,130.0,T5,2,4,3,3,23.49%,-23.49%,1,0,45,4,1,PIT,OAK,1B,1B,,1
Lance Lummox,314,225.0,Sal Shark,2147,350.0,BB,125.0,T5,2,5,3,4,2.16%,-2.16%,0,0,45,4,1,PIT,OAK,BB,BB,,1
Baxter Payne,2021,750.0,Sal Shark,2147,315.0,LGO,435.0,T5,2,7,3,4,-8.39%,8.39%,0,0,45,4,1,PIT,OAK,LGO,LGO,,1
Art Zyz,1982,475.0,Darth Vader,336,212.0,FO,263.0,B5,0,0,3,4,-5.77%,5.77%,0,0,46,4,1,OAK,PIT,FO,FO,,1
Bobson Dugnutt,2096,777.0,Darth Vader,336,181.0,LGO,404.0,B5,1,0,3,4,-5.16%,5.16%,0,0,46,4,1,OAK,PIT,LGO,LGO,,1
Boaty McBoatface,2095,750.0,Darth Vader,336,154.0,K,404.0,B5,2,0,3,4,-4.45%,4.45%,0,0,46,4,1,OAK,PIT,K,K,,1
Cook Froster,2033,234.0,Sal Shark,2147,575.0,PO,341.0,T6,0,0,3,4,-1.71%,1.71%,0,0,47,4,1,PIT,OAK,PO,PO,,1
Darth Vader,336,800.0,Sal Shark,2147,150.0,K,350.0,T6,1,0,3,4,-1.62%,1.62%,0,0,47,4,1,PIT,OAK,K,K,,1
falcs51,3282,99.0,Sal Shark,2147,200.0,1B,101.0,T6,2,0,3,4,1.36%,-1.36%,0,0,47,4,1,PIT,OAK,1B,1B,,1
Splash Nelson,312,320.0,Sal Shark,2147,90.0,FO,230.0,T6,2,1,3,4,-2.86%,2.86%,0,0,47,4,1,PIT,OAK,FO,FO,,1
Caleb VanVacter,2103,772.0,Darth Vader,336,721.0,1B,51.0,B6,0,0,3,4,8.33%,-8.33%,0,0,48,4,1,OAK,PIT,1B,1B,,1
Blue Moon Barthelemy,2025,420.0,Darth Vader,336,802.0,K,382.0,B6,0,1,3,4,-9.27%,9.27%,0,0,48,4,1,OAK,PIT,K,K,,1
Graham Othrie,2139,969.0,Darth Vader,336,562.0,K,407.0,B6,1,1,3,4,-7.88%,7.88%,0,0,48,4,1,OAK,PIT,K,K,,1
Rick Gymnast,3283,196.0,Darth Vader,336,792.0,LGO,404.0,B6,2,1,3,4,-13.92%,13.92%,0,0,48,4,1,OAK,PIT,LGO,LGO,,1
Gene Hennig,2040,765.0,Hudson Quin,58,624.0,1B,141.0,T1,0,0,0,0,2.91%,-2.91%,0,1,49,5,1,WAS,NYM,1B,1B,,1
Mylo Grams,396,113.0,Hudson Quin,58,241.0,1B,128.0,T1,0,1,0,0,5.56%,-5.56%,0,1,49,5,1,WAS,NYM,1B,1B,,1
Bo Kinsella,2051,411.0,Hudson Quin,58,570.0,BB,159.0,T1,0,4,0,0,9.34%,-9.34%,0,1,49,5,1,WAS,NYM,BB,BB,,1
Jason Girth,2143,420.0,Hudson Quin,58,19.0,K,401.0,T1,0,7,0,0,-5.92%,5.92%,0,0,49,5,1,WAS,NYM,K,K,,1
Osmosis Jones,37,630.0,Hudson Quin,58,807.0,BB,177.0,T1,1,7,0,0,9.58%,-9.58%,1,1,49,5,1,WAS,NYM,BB,BB,,1
Larry Wayne,2053,10.0,Hudson Quin,58,967.0,2B,43.0,T1,1,7,0,1,13.44%,-13.44%,2,1,49,5,1,WAS,NYM,2B,2B,,1
Herrera O'Doubles,2055,349.0,Hudson Quin,58,387.0,2B,38.0,T1,1,6,0,3,7.38%,-7.38%,2,0,49,5,1,WAS,NYM,2B,2B,,1
James Earl Pwns,2062,779.0,Hudson Quin,58,114.0,K,335.0,T1,1,2,0,5,-1.54%,1.54%,0,0,49,5,1,WAS,NYM,K,K,,1
Jay Bedia,2151,876.0,Hudson Quin,58,704.0,FO,172.0,T1,2,2,0,5,-1.34%,1.34%,0,0,49,5,1,WAS,NYM,FO,FO,,1
Chocolate Smegma,2107,3.0,Jay Bedia,2151,333.0,K,330.0,B1,0,0,0,5,-1.45%,1.45%,0,0,50,5,1,NYM,WAS,K,K,,1
Trey Paste,2037,587.0,Jay Bedia,2151,122.0,LGO,465.0,B1,1,0,0,5,-1.19%,1.19%,0,0,50,5,1,NYM,WAS,LGO,LGO,,1
Mongster Mash,344,200.0,Jay Bedia,2151,745.0,LGO,455.0,B1,2,0,0,5,-0.80%,0.80%,0,0,50,5,1,NYM,WAS,LGO,LGO,,1
Gene Hennig,2040,292.0,Hudson Quin,58,356.0,1B,64.0,T2,0,0,0,5,0.33%,-0.33%,0,0,51,5,1,WAS,NYM,1B,1B,,1
Mylo Grams,396,623.0,Hudson Quin,58,91.0,DP,468.0,T2,0,1,0,5,-1.35%,1.35%,0,0,51,5,1,WAS,NYM,LGO,LGO,,1
Bo Kinsella,2051,269.0,Hudson Quin,58,550.0,FO,281.0,T2,2,0,0,5,-0.49%,0.49%,0,0,51,5,1,WAS,NYM,FO,FO,,1
Master Cashier,93,671.0,Jay Bedia,2151,98.0,PO,427.0,B2,0,0,0,5,-1.41%,1.41%,0,0,52,5,1,NYM,WAS,PO,PO,,1
Red Trapper,453,380.0,Jay Bedia,2151,103.0,K,277.0,B2,1,0,0,5,-1.18%,1.18%,0,0,52,5,1,NYM,WAS,K,K,,1
Xavier Crowbar,2006,160.0,Jay Bedia,2151,699.0,LGO,461.0,B2,2,0,0,5,-0.61%,0.61%,0,0,52,5,1,NYM,WAS,LGO,LGO,,1
Jason Girth,2143,384.0,Hudson Quin,58,788.0,K,404.0,T3,0,0,0,5,-0.42%,0.42%,0,0,53,5,1,WAS,NYM,K,K,,1
Osmosis Jones,37,312.0,Hudson Quin,58,116.0,FO,196.0,T3,1,0,0,5,-0.49%,0.49%,0,0,53,5,1,WAS,NYM,FO,FO,,1
Larry Wayne,2053,985.0,Hudson Quin,58,447.0,LGO,462.0,T3,2,0,0,5,-0.31%,0.31%,0,0,53,5,1,WAS,NYM,LGO,LGO,,1
Pip Squires,2060,218.0,Jay Bedia,2151,600.0,PO,382.0,B3,0,0,0,5,-1.40%,1.40%,0,0,54,5,1,NYM,WAS,PO,PO,,1
John C. Johnson,3284,866.0,Jay Bedia,2151,500.0,K,366.0,B3,1,0,0,5,-0.97%,0.97%,0,0,54,5,1,NYM,WAS,K,K,,1
Hudson Quin,58,4.0,Jay Bedia,2151,900.0,1B,104.0,B3,2,0,0,5,1.09%,-1.09%,0,0,54,5,1,NYM,WAS,1B,1B,,1
Chocolate Smegma,2107,206.0,Jay Bedia,2151,865.0,K,341.0,B3,2,1,0,5,-1.74%,1.74%,0,0,54,5,1,NYM,WAS,K,K,,1
Herrera O'Doubles,2055,728.0,Hudson Quin,58,412.0,K,316.0,T4,0,0,0,5,-0.38%,0.38%,0,0,55,5,1,WAS,NYM,K,K,,1
James Earl Pwns,2062,119.0,Hudson Quin,58,849.0,FO,270.0,T4,1,0,0,5,-0.27%,0.27%,0,0,55,5,1,WAS,NYM,FO,FO,,1
Jay Bedia,2151,200.0,Hudson Quin,58,615.0,K,415.0,T4,2,0,0,5,-0.24%,0.24%,0,0,55,5,1,WAS,NYM,K,K,,1
Trey Paste,2037,222.0,Jay Bedia,2151,767.0,LGO,455.0,B4,0,0,0,5,-1.24%,1.24%,0,0,56,5,1,NYM,WAS,LGO,LGO,,1
Mongster Mash,344,624.0,Jay Bedia,2151,900.0,FO,276.0,B4,1,0,0,5,-0.82%,0.82%,0,0,56,5,1,NYM,WAS,FO,FO,,1
Master Cashier,93,117.0,Jay Bedia,2151,750.0,K,367.0,B4,2,0,0,5,-0.47%,0.47%,0,0,56,5,1,NYM,WAS,K,K,,1
Gene Hennig,2040,603.0,Hudson Quin,58,334.0,FO,269.0,T5,0,0,0,5,-0.18%,0.18%,0,0,57,5,1,WAS,NYM,FO,FO,,1
Mylo Grams,396,515.0,Hudson Quin,58,373.0,1B,142.0,T5,1,0,0,5,0.11%,-0.11%,0,1,57,5,1,WAS,NYM,1B,1B,,1
Bo Kinsella,2051,669.0,Hudson Quin,58,693.0,3B,24.0,T5,1,1,0,5,1.26%,-1.26%,1,0,57,5,1,WAS,NYM,3B,3B,,1
Jason Girth,2143,287.0,Hudson Quin,58,3.0,K,284.0,T5,1,3,0,6,-0.17%,0.17%,0,0,57,5,1,WAS,NYM,K,K,,1
Osmosis Jones,37,416.0,Hudson Quin,58,177.0,FO,239.0,T5,2,3,0,6,-0.19%,0.19%,0,0,57,5,1,WAS,NYM,FO,FO,,1
Red Trapper,453,50.0,Jay Bedia,2151,350.0,K,300.0,B5,0,0,0,6,-0.47%,0.47%,0,0,58,5,1,NYM,WAS,K,K,,1
Xavier Crowbar,2006,266.0,Jay Bedia,2151,346.0,1B,80.0,B5,1,0,0,6,0.48%,-0.48%,0,0,58,5,1,NYM,WAS,1B,1B,,1
Pip Squires,2060,743.0,Jay Bedia,2151,901.0,1B,158.0,B5,1,1,0,6,1.20%,-1.20%,0,0,58,5,1,NYM,WAS,1B,1B,,1
John C. Johnson,3284,42.0,Jay Bedia,2151,755.0,FO,287.0,B5,1,4,0,6,-1.14%,1.14%,0,0,58,5,1,NYM,WAS,FO,FO,,1
Hudson Quin,58,582.0,Jay Bedia,2151,78.0,LGO,496.0,B5,2,4,0,6,-0.96%,0.96%,0,0,58,5,1,NYM,WAS,LGO,LGO,,1
Larry Wayne,2053,333.0,Hudson Quin,58,672.0,K,339.0,T6,0,0,0,6,-0.02%,0.02%,0,0,59,5,1,WAS,NYM,K,K,,1
Herrera O'Doubles,2055,212.0,Hudson Quin,58,991.0,FO,221.0,T6,1,0,0,6,-0.04%,0.04%,0,0,59,5,1,WAS,NYM,FO,FO,,1
James Earl Pwns,2062,10.0,Hudson Quin,58,366.0,K,356.0,T6,2,0,0,6,-0.04%,0.04%,0,0,59,5,1,WAS,NYM,K,K,,1
Chocolate Smegma,2107,500.0,Jay Bedia,2151,690.0,FO,190.0,B6,0,0,0,6,-0.26%,0.26%,0,0,60,5,1,NYM,WAS,FO,FO,,1
Trey Paste,2037,750.0,Jay Bedia,2151,567.0,BB,183.0,B6,1,0,0,6,0.22%,-0.22%,0,0,60,5,1,NYM,WAS,BB,BB,,1
Mongster Mash,344,125.0,Jay Bedia,2151,12.0,1B,113.0,B6,1,1,0,6,0.76%,-0.76%,0,0,60,5,1,NYM,WAS,1B,1B,,1
Master Cashier,93,430.0,Jay Bedia,2151,99.0,K,331.0,B6,1,4,0,6,-0.85%,0.85%,0,0,60,5,1,NYM,WAS,K,K,,1
Red Trapper,453,550.0,Jay Bedia,2151,364.0,FO,186.0,B6,2,4,0,6,-0.27%,0.27%,0,0,60,5,1,NYM,WAS,FO,FO,,1
Whit Merto,162,108.0,Big Tuna,2091,372.0,FO,264.0,T1,0,0,0,0,-2.51%,2.51%,0,0,61,6,1,BAL,DET,FO,FO,,1
Clipper Charge,171,482.0,Big Tuna,2091,751.0,FO,269.0,T1,1,0,0,0,-2.18%,2.18%,0,0,61,6,1,BAL,DET,FO,FO,,1
Bernie Petrol,1972,794.0,Big Tuna,2091,322.0,LGO,472.0,T1,2,0,0,0,-1.76%,1.76%,0,0,61,6,1,BAL,DET,LGO,LGO,,1
BB Bambino Jr.,115,431.0,Rob Pancakes,1966,69.0,K,362.0,B1,0,0,0,0,-2.48%,2.48%,0,0,62,6,1,DET,BAL,K,K,,1
Casey Nine,101,652.0,Rob Pancakes,1966,630.0,2B,22.0,B1,1,0,0,0,4.73%,-4.73%,0,0,62,6,1,DET,BAL,2B,2B,,1
Big Tuna,2091,330.0,Rob Pancakes,1966,722.0,K,392.0,B1,1,2,0,0,-3.77%,3.77%,0,0,62,6,1,DET,BAL,K,K,,1
Valentino Rollin,2089,120.0,Rob Pancakes,1966,356.0,FO,236.0,B1,2,2,0,0,-4.92%,4.92%,0,0,62,6,1,DET,BAL,FO,FO,,1
Sam Smith,158,857.0,Big Tuna,2091,902.0,2B,45.0,T2,0,0,0,0,6.81%,-6.81%,0,1,63,6,1,BAL,DET,2B,2B,,1
Johnny Dickshot,233,232.0,Big Tuna,2091,545.0,K,313.0,T2,0,2,0,0,-4.42%,4.42%,0,0,63,6,1,BAL,DET,K,K,,1
Randy Nummer,2066,702.0,Big Tuna,2091,824.0,1B,122.0,T2,1,2,0,0,10.29%,-10.29%,1,0,63,6,1,BAL,DET,1B,1B,,1
Indy Sayne,151,439.0,Big Tuna,2091,131.0,K,308.0,T2,1,1,0,1,-2.12%,2.12%,0,0,63,6,1,BAL,DET,K,K,,1
Clark Web,3285,268.0,Big Tuna,2091,788.0,LGO,480.0,T2,2,1,0,1,-3.57%,3.57%,0,0,63,6,1,BAL,DET,LGO,LGO,,1
Sevag Vapor,106,433.0,Rob Pancakes,1966,972.0,LGO,461.0,B2,0,0,0,1,-3.11%,3.11%,0,0,64,6,1,DET,BAL,LGO,LGO,,1
Otis Nixon Sr.,107,210.0,Rob Pancakes,1966,45.0,FO,165.0,B2,1,0,0,1,-2.69%,2.69%,0,0,64,6,1,DET,BAL,FO,FO,,1
Merodach Baladan,100,840.0,Rob Pancakes,1966,510.0,K,330.0,B2,2,0,0,1,-2.13%,2.13%,0,0,64,6,1,DET,BAL,K,K,,1
Rob Pancakes,1966,420.0,Big Tuna,2091,200.0,FO,220.0,T3,0,0,0,1,-2.37%,2.37%,0,0,65,6,1,BAL,DET,FO,FO,,1
Whit Merto,162,769.0,Big Tuna,2091,974.0,FO,205.0,T3,1,0,0,1,-2.03%,2.03%,0,0,65,6,1,BAL,DET,FO,FO,,1
Clipper Charge,171,420.0,Big Tuna,2091,345.0,1B,75.0,T3,2,0,0,1,1.75%,-1.75%,0,0,65,6,1,BAL,DET,1B,1B,,1
Bernie Petrol,1972,854.0,Big Tuna,2091,222.0,K,368.0,T3,2,1,0,1,-3.57%,3.57%,0,0,65,6,1,BAL,DET,K,K,,1
Brandon Aconi,2042,879.0,Rob Pancakes,1966,153.0,FO,274.0,B3,0,0,0,1,-3.58%,3.58%,0,0,66,6,1,DET,BAL,FO,FO,,1
Morris Deratt,104,420.0,Rob Pancakes,1966,295.0,BB,125.0,B3,1,0,0,1,3.31%,-3.31%,0,1,66,6,1,DET,BAL,BB,BB,,1
BB Bambino Jr.,115,671.0,Rob Pancakes,1966,518.0,1B,153.0,B3,1,1,0,1,5.85%,-5.85%,0,0,66,6,1,DET,BAL,1B,1B,,1
Casey Nine,101,918.0,Rob Pancakes,1966,7.0,1B,89.0,B3,1,4,0,1,10.86%,-10.86%,0,0,66,6,1,DET,BAL,1B,1B,,1
Big Tuna,2091,478.0,Rob Pancakes,1966,222.0,Sac,256.0,B3,1,7,0,1,-0.05%,0.05%,1,0,66,6,1,DET,BAL,FO,FO,,1
Valentino Rollin,2089,648.0,Rob Pancakes,1966,162.0,LGO,486.0,B3,2,4,1,1,-7.74%,7.74%,0,0,66,6,1,DET,BAL,LGO,LGO,,1
Sam Smith,158,326.0,Big Tuna,2091,110.0,FO,216.0,T4,0,0,1,1,-3.58%,3.58%,0,0,67,6,1,BAL,DET,FO,FO,,1
Johnny Dickshot,233,826.0,Big Tuna,2091,432.0,K,394.0,T4,1,0,1,1,-3.19%,3.19%,0,0,67,6,1,BAL,DET,K,K,,1
Randy Nummer,2066,389.0,Big Tuna,2091,830.0,LGO,441.0,T4,2,0,1,1,-2.75%,2.75%,0,0,67,6,1,BAL,DET,LGO,LGO,,1
Sevag Vapor,106,333.0,Rob Pancakes,1966,187.0,1B,146.0,B4,0,0,1,1,3.11%,-3.11%,0,0,68,6,1,DET,BAL,1B,1B,,1
Otis Nixon Sr.,107,85.0,Rob Pancakes,1966,320.0,FO,235.0,B4,0,1,1,1,-3.88%,3.88%,0,0,68,6,1,DET,BAL,FO,FO,,1
Merodach Baladan,100,840.0,Rob Pancakes,1966,628.0,FO,212.0,B4,1,1,1,1,-3.18%,3.18%,0,0,68,6,1,DET,BAL,FO,FO,,1
Brandon Aconi,2042,347.0,Rob Pancakes,1966,753.0,LGO,406.0,B4,2,1,1,1,-5.52%,5.52%,0,0,68,6,1,DET,BAL,LGO,LGO,,1
Indy Sayne,151,241.0,Big Tuna,2091,449.0,FO,208.0,T5,0,0,1,1,-4.31%,4.31%,0,0,69,6,1,BAL,DET,FO,FO,,1
Aaron Range,3290,323.0,Big Tuna,2091,712.0,LGO,389.0,T5,1,0,1,1,-3.90%,3.90%,0,0,69,6,1,BAL,DET,LGO,LGO,,1
Rob Pancakes,1966,651.0,Big Tuna,2091,935.0,FO,284.0,T5,2,0,1,1,-3.51%,3.51%,0,0,69,6,1,BAL,DET,FO,FO,,1
Morris Deratt,104,345.0,Rob Pancakes,1966,711.0,K,366.0,B5,0,0,1,1,-4.12%,4.12%,0,0,70,6,1,DET,BAL,K,K,,1
BB Bambino Jr.,115,292.0,Rob Pancakes,1966,401.0,1B,109.0,B5,1,0,1,1,2.78%,-2.78%,0,0,70,6,1,DET,BAL,1B,1B,,1
Mason Spurs,103,518.0,Rob Pancakes,1966,765.0,FO,247.0,B5,1,1,1,1,-3.49%,3.49%,0,0,70,6,1,DET,BAL,FO,FO,,1
Big Tuna,2091,322.0,Rob Pancakes,1966,288.0,2B,34.0,B5,2,1,1,1,4.59%,-4.59%,0,0,70,6,1,DET,BAL,2B,2B,,1
Valentino Rollin,2089,878.0,Rob Pancakes,1966,300.0,PO,422.0,B5,2,6,1,1,-11.45%,11.45%,0,0,70,6,1,DET,BAL,PO,PO,,1
Whit Merto,162,819.0,Big Tuna,2091,698.0,1B,121.0,T6,0,0,1,1,4.38%,-4.38%,0,0,71,6,1,BAL,DET,1B,1B,,1
Clipper Charge,171,561.0,Big Tuna,2091,115.0,DP,446.0,T6,0,1,1,1,-14.90%,14.90%,0,0,71,6,1,BAL,DET,LGO,LGO,,1
Bernie Petrol,1972,341.0,Big Tuna,2091,568.0,FO,227.0,T6,2,0,1,1,-4.91%,4.91%,0,0,71,6,1,BAL,DET,FO,FO,,1
Sevag Vapor,106,285.0,Rob Pancakes,1966,669.0,PO,384.0,B6,0,0,1,1,-5.27%,5.27%,0,0,72,6,1,DET,BAL,PO,PO,,1
Otis Nixon Sr.,107,880.0,Rob Pancakes,1966,154.0,K,274.0,B6,1,0,1,1,-5.09%,5.09%,0,0,72,6,1,DET,BAL,K,K,,1
Merodach Baladan,100,117.0,Rob Pancakes,1966,773.0,K,344.0,B6,2,0,1,1,-18.50%,18.50%,0,0,72,6,1,DET,BAL,K,K,,1
Sam Smith,158,673.0,Big Tuna,2091,944.0,FO,271.0,T7,0,2,1,1,-9.04%,9.04%,0,0,73,6,1,BAL,DET,FO,FO,,1
Johnny Dickshot,233,238.0,Big Tuna,2091,817.0,LGO,421.0,T7,1,2,1,1,-7.31%,7.31%,0,0,73,6,1,BAL,DET,LGO,LGO,,1
Randy Nummer,2066,19.0,Big Tuna,2091,228.0,FO,209.0,T7,2,2,1,1,-25.25%,25.25%,0,0,73,6,1,BAL,DET,FO,FO,,1
Brandon Aconi,2042,350.0,Rob Pancakes,1966,501.0,1B,151.0,B7,0,2,1,1,21.79%,-21.79%,1,0,74,6,1,DET,BAL,1B,1B,,1
BB Bambino Jr.,115,449.0,Sonny Streaker,2065,877.0,LGO,428.0,T1,0,0,0,0,-2.51%,2.51%,0,0,75,7,2,DET,MIN,LGO,LGO,,1
Casey Nine,101,860.0,Sonny Streaker,2065,322.0,LGO,462.0,T1,1,0,0,0,-2.18%,2.18%,0,0,75,7,2,DET,MIN,LGO,LGO,,1
King Fielder,222,210.0,Sonny Streaker,2065,223.0,HR,13.0,T1,2,0,0,0,12.09%,-12.09%,1,1,75,7,2,DET,MIN,HR,HR,,1
Valentino Rollin,2089,718.0,Sonny Streaker,2065,988.0,FO,270.0,T1,2,0,0,1,-1.47%,1.47%,0,0,75,7,2,DET,MIN,FO,FO,,1
Dark Bobman,359,760.0,Big Tuna,2091,117.0,PO,357.0,B1,0,0,0,1,-2.79%,2.79%,0,0,76,7,2,MIN,DET,PO,PO,,1
Twinkie Power,2128,682.0,Big Tuna,2091,912.0,FO,230.0,B1,1,0,0,1,-2.36%,2.36%,0,0,76,7,2,MIN,DET,FO,FO,,1
Hashcoin Shitstorm,3277,380.0,Big Tuna,2091,763.0,K,383.0,B1,2,0,0,1,-1.88%,1.88%,0,0,76,7,2,MIN,DET,K,K,,1
Otis Nixon Sr.,107,770.0,Sonny Streaker,2065,766.0,HR,4.0,T2,0,0,0,1,10.98%,-10.98%,1,1,77,7,2,DET,MIN,HR,HR,,1
Mason Spurs,103,490.0,Sonny Streaker,2065,122.0,LGO,368.0,T2,0,0,0,2,-1.70%,1.70%,0,0,77,7,2,DET,MIN,LGO,LGO,,1
Sevag Vapor,106,733.0,Sonny Streaker,2065,333.0,LGO,400.0,T2,1,0,0,2,-1.52%,1.52%,0,0,77,7,2,DET,MIN,LGO,LGO,,1
Morris Deratt,104,666.0,Sonny Streaker,2065,3.0,PO,337.0,T2,2,0,0,2,-1.37%,1.37%,0,0,77,7,2,DET,MIN,PO,PO,,1
"Jake ""JP"" Panik",267,340.0,Big Tuna,2091,78.0,FO,262.0,B2,0,0,0,2,-2.94%,2.94%,0,0,78,7,2,MIN,DET,FO,FO,,1
Miguel Snow,290,666.0,Big Tuna,2091,338.0,K,328.0,B2,1,0,0,2,-2.53%,2.53%,0,0,78,7,2,MIN,DET,K,K,,1
Victor Justice,410,818.0,Big Tuna,2091,212.0,PO,394.0,B2,2,0,0,2,-1.92%,1.92%,0,0,78,7,2,MIN,DET,PO,PO,,1
Big Tuna,2091,446.0,Sonny Streaker,2065,775.0,PO,329.0,T3,0,0,0,2,-1.72%,1.72%,0,0,79,7,2,DET,MIN,PO,PO,,1
BB Bambino Jr.,115,685.0,Sonny Streaker,2065,213.0,LGO,472.0,T3,1,0,0,2,-1.56%,1.56%,0,0,79,7,2,DET,MIN,LGO,LGO,,1
Casey Nine,101,514.0,Sonny Streaker,2065,5.0,LGO,491.0,T3,2,0,0,2,-1.30%,1.30%,0,0,79,7,2,DET,MIN,LGO,LGO,,1
Jack Marnette,213,307.0,Big Tuna,2091,508.0,FO,201.0,B3,0,0,0,2,-3.28%,3.28%,0,0,80,7,2,MIN,DET,FO,FO,,1
C.W. Mitzel,2127,103.0,Big Tuna,2091,45.0,1B,58.0,B3,1,0,0,2,3.33%,-3.33%,0,0,80,7,2,MIN,DET,1B,1B,,1
Sonny Streaker,2065,670.0,Big Tuna,2091,273.0,DP,397.0,B3,1,1,0,2,-8.18%,8.18%,0,0,80,7,2,MIN,DET,LGO,LGO,,1
King Fielder,222,420.0,Sonny Streaker,2065,677.0,K,257.0,T4,0,0,0,2,-1.53%,1.53%,0,0,81,7,2,DET,MIN,K,K,,1
Valentino Rollin,2089,488.0,Sonny Streaker,2065,792.0,K,304.0,T4,1,0,0,2,-1.44%,1.44%,0,0,81,7,2,DET,MIN,K,K,,1
Otis Nixon Sr.,107,850.0,Sonny Streaker,2065,901.0,3B,51.0,T4,2,0,0,2,2.26%,-2.26%,0,1,81,7,2,DET,MIN,3B,3B,,1
Mason Spurs,103,717.0,Sonny Streaker,2065,777.0,1B,60.0,T4,2,3,0,2,7.73%,-7.73%,1,0,81,7,2,DET,MIN,1B,1B,,1
Sevag Vapor,106,670.0,Sonny Streaker,2065,336.0,LGO,334.0,T4,2,1,0,3,-1.60%,1.60%,0,0,81,7,2,DET,MIN,LGO,LGO,,1
Dark Bobman,359,105.0,Big Tuna,2091,895.0,FO,210.0,B4,0,0,0,3,-2.76%,2.76%,0,0,82,7,2,MIN,DET,FO,FO,,1
Twinkie Power,2128,999.0,Big Tuna,2091,104.0,1B,105.0,B4,1,0,0,3,3.15%,-3.15%,0,0,82,7,2,MIN,DET,1B,1B,,1
Hashcoin Shitstorm,3277,598.0,Big Tuna,2091,77.0,DP,479.0,B4,1,1,0,3,-6.82%,6.82%,0,0,82,7,2,MIN,DET,LGO,LGO,,1
Morris Deratt,104,100.0,Sonny Streaker,2065,117.0,HR,17.0,T5,0,0,0,3,3.79%,-3.79%,1,1,83,7,2,DET,MIN,HR,HR,,1
Big Tuna,2091,645.0,Sonny Streaker,2065,717.0,1B,72.0,T5,0,0,0,4,0.33%,-0.33%,0,0,83,7,2,DET,MIN,1B,1B,,1
BB Bambino Jr.,115,484.0,Sonny Streaker,2065,899.0,DP,415.0,T5,0,1,0,4,-1.04%,1.04%,0,0,83,7,2,DET,MIN,LGO,LGO,,1
Casey Nine,101,377.0,Sonny Streaker,2065,933.0,LGO,444.0,T5,2,0,0,4,-0.30%,0.30%,0,0,83,7,2,DET,MIN,LGO,LGO,,1
Mike Cal,2126,868.0,Big Tuna,2091,987.0,1B,119.0,B5,0,0,0,4,2.80%,-2.80%,0,0,84,7,2,MIN,DET,1B,1B,,1
Shiny Tenson,2124,279.0,Big Tuna,2091,747.0,DP,468.0,B5,0,1,0,4,-5.61%,5.61%,0,0,84,7,2,MIN,DET,LGO,LGO,,1
Victor Justice,410,463.0,Big Tuna,2091,312.0,BB,151.0,B5,2,0,0,4,1.04%,-1.04%,0,0,84,7,2,MIN,DET,BB,BB,,1
Jack Marnette,213,178.0,Big Tuna,2091,92.0,1B,86.0,B5,2,1,0,4,2.14%,-2.14%,0,0,84,7,2,MIN,DET,1B,1B,,1
C.W. Mitzel,2127,312.0,Big Tuna,2091,758.0,LGO,446.0,B5,2,5,0,4,-3.81%,3.81%,0,0,84,7,2,MIN,DET,LGO,LGO,,1
King Fielder,222,828.0,Pablo Sanchez,120,24.0,FO,196.0,T6,0,0,0,4,-0.18%,0.18%,0,0,85,7,2,DET,MIN,FO,FO,,1
Valentino Rollin,2089,977.0,Pablo Sanchez,120,24.0,3B,47.0,T6,1,0,0,4,0.66%,-0.66%,0,1,85,7,2,DET,MIN,3B,3B,,1
Otis Nixon Sr.,107,24.0,Pablo Sanchez,120,224.0,Sac,200.0,T6,1,3,0,4,0.30%,-0.30%,1,0,85,7,2,DET,MIN,FO,FO,,1
Mason Spurs,103,776.0,Pablo Sanchez,120,499.0,FO,277.0,T6,2,0,0,5,-0.06%,0.06%,0,0,85,7,2,DET,MIN,FO,FO,,1
Pablo Sanchez,120,24.0,Big Tuna,2091,856.0,FO,168.0,B6,0,0,0,5,-0.56%,0.56%,0,0,86,7,2,MIN,DET,FO,FO,,1
Dark Bobman,359,930.0,Big Tuna,2091,422.0,LGO,492.0,B6,1,0,0,5,-0.27%,0.27%,0,0,86,7,2,MIN,DET,LGO,LGO,,1
Twinkie Power,2128,45.0,Big Tuna,2091,705.0,K,340.0,B6,2,0,0,5,-0.09%,0.09%,0,0,86,7,2,MIN,DET,K,K,,1
Gene Hennig,2040,667.0,Syd Kidd,3,743.0,1B,76.0,T1,0,0,0,0,2.91%,-2.91%,0,1,87,8,2,WAS,ARI,1B,1B,,1
Mylo Grams,396,40.0,Syd Kidd,3,57.0,3B,17.0,T1,0,1,0,0,17.19%,-17.19%,1,1,87,8,2,WAS,ARI,3B,3B,,1
Larry Wayne,2053,133.0,Syd Kidd,3,126.0,HR,7.0,T1,0,3,0,1,9.72%,-9.72%,2,1,87,8,2,WAS,ARI,HR,HR,,1
Jason Girth,2143,327.0,Syd Kidd,3,17.0,FO,310.0,T1,0,0,0,3,-1.09%,1.09%,0,0,87,8,2,WAS,ARI,FO,FO,,1
Chad Barrett,2030,890.0,Syd Kidd,3,756.0,1B,134.0,T1,1,0,0,3,1.29%,-1.29%,0,0,87,8,2,WAS,ARI,1B,1B,,1
Osmosis Jones,37,401.0,Syd Kidd,3,623.0,FO,222.0,T1,1,1,0,3,-1.40%,1.40%,0,0,87,8,2,WAS,ARI,FO,FO,,1
Rusty LaRue,2203,571.0,Syd Kidd,3,290.0,K,281.0,T1,2,1,0,3,-2.06%,2.06%,0,0,87,8,2,WAS,ARI,K,K,,1
Tsar Zaar,274,638.0,Timothy Moyer,2345,733.0,1B,95.0,B1,0,0,0,3,3.01%,-3.01%,0,0,88,8,2,ARI,WAS,1B,1B,,1
Obi-Wan Canoli,3281,821.0,Timothy Moyer,2345,733.0,1B,88.0,B1,0,1,0,3,6.62%,-6.62%,0,0,88,8,2,ARI,WAS,1B,1B,,1
I.M. Organic,2132,624.0,Timothy Moyer,2345,999.0,K,375.0,B1,0,4,0,3,-4.74%,4.74%,0,0,88,8,2,ARI,WAS,K,K,,1
Trey Rangers,224,9.0,Timothy Moyer,2345,534.0,DP,475.0,B1,1,4,0,3,-10.64%,10.64%,0,0,88,8,2,ARI,WAS,LGO,LGO,,1
Humphrey Carter,2201,187.0,Syd Kidd,3,631.0,LGO,444.0,T2,0,0,0,3,-1.19%,1.19%,0,0,89,8,2,WAS,ARI,LGO,LGO,,1
Timothy Moyer,2345,256.0,Syd Kidd,3,2.0,FO,254.0,T2,1,0,0,3,-1.15%,1.15%,0,0,89,8,2,WAS,ARI,FO,FO,,1
Gene Hennig,2040,724.0,Syd Kidd,3,433.0,K,291.0,T2,2,0,0,3,-0.89%,0.89%,0,0,89,8,2,WAS,ARI,K,K,,1
Garren Smudge,133,399.0,Timothy Moyer,2345,178.0,FO,221.0,B2,0,0,0,3,-2.53%,2.53%,0,0,90,8,2,ARI,WAS,FO,FO,,1
Will Power,8,363.0,Timothy Moyer,2345,316.0,2B,47.0,B2,1,0,0,3,4.58%,-4.58%,0,1,90,8,2,ARI,WAS,2B,2B,,1
Assassin Panda,15,512.0,Timothy Moyer,2345,804.0,K,292.0,B2,1,2,0,3,-4.10%,4.10%,0,0,90,8,2,ARI,WAS,K,K,,1
Syd Kidd,3,87.0,Timothy Moyer,2345,33.0,1B,54.0,B2,2,2,0,3,8.50%,-8.50%,1,0,90,8,2,ARI,WAS,1B,1B,,1
Garrett Ipnov,2136,475.0,Timothy Moyer,2345,612.0,1B,137.0,B2,2,1,1,3,3.76%,-3.76%,0,0,90,8,2,ARI,WAS,1B,1B,,1
Tsar Zaar,274,215.0,Timothy Moyer,2345,658.0,LGO,443.0,B2,2,5,1,3,-7.87%,7.87%,0,0,90,8,2,ARI,WAS,LGO,LGO,,1
Mylo Grams,396,36.0,Syd Kidd,3,199.0,BB,163.0,T3,0,0,1,3,1.74%,-1.74%,0,0,91,8,2,WAS,ARI,BB,BB,,1
Larry Wayne,2053,100.0,Syd Kidd,3,603.0,DP,497.0,T3,0,1,1,3,-5.02%,5.02%,0,0,91,8,2,WAS,ARI,LGO,LGO,,1
Jason Girth,2143,486.0,Syd Kidd,3,501.0,HR,15.0,T3,2,0,1,3,9.49%,-9.49%,1,1,91,8,2,WAS,ARI,HR,HR,,1
Chad Barrett,2030,72.0,Syd Kidd,3,908.0,BB,164.0,T3,2,0,1,4,0.98%,-0.98%,0,0,91,8,2,WAS,ARI,BB,BB,,1
Osmosis Jones,37,808.0,Syd Kidd,3,600.0,FO,208.0,T3,2,1,1,4,-1.86%,1.86%,0,0,91,8,2,WAS,ARI,FO,FO,,1
Obi-Wan Canoli,3281,455.0,Timothy Moyer,2345,497.0,2B,42.0,B3,0,0,1,4,7.08%,-7.08%,0,0,92,8,2,ARI,WAS,2B,2B,,1
I.M. Organic,2132,656.0,Timothy Moyer,2345,215.0,LGO,441.0,B3,0,2,1,4,-4.76%,4.76%,0,0,92,8,2,ARI,WAS,LGO,LGO,,1
Trey Rangers,224,610.0,Timothy Moyer,2345,863.0,FO,253.0,B3,1,2,1,4,-4.33%,4.33%,0,0,92,8,2,ARI,WAS,FO,FO,,1
Garren Smudge,133,401.0,Timothy Moyer,2345,109.0,K,292.0,B3,2,2,1,4,-4.26%,4.26%,0,0,92,8,2,ARI,WAS,K,K,,1
Rusty LaRue,2203,661.0,Syd Kidd,3,815.0,BB,154.0,T4,0,0,1,4,0.92%,-0.92%,0,1,93,8,2,WAS,ARI,BB,BB,,1
Humphrey Carter,2201,308.0,Syd Kidd,3,1.0,K,307.0,T4,0,1,1,4,-1.21%,1.21%,0,0,93,8,2,WAS,ARI,K,K,,1
Timothy Moyer,2345,128.0,Syd Kidd,3,41.0,1B,87.0,T4,1,1,1,4,1.17%,-1.17%,0,1,93,8,2,WAS,ARI,1B,1B,,1
Gene Hennig,2040,367.0,Syd Kidd,3,999.0,PO,368.0,T4,1,4,1,4,-1.14%,1.14%,0,0,93,8,2,WAS,ARI,PO,PO,,1
Mylo Grams,396,462.0,Syd Kidd,3,411.0,1B,51.0,T4,2,4,1,4,5.01%,-5.01%,1,1,93,8,2,WAS,ARI,1B,1B,,1
Larry Wayne,2053,10.0,Syd Kidd,3,3.0,HR,7.0,T4,2,5,1,5,5.69%,-5.69%,3,1,93,8,2,WAS,ARI,HR,HR,,1
Jason Girth,2143,123.0,Syd Kidd,3,688.0,LGO,435.0,T4,2,0,1,8,-0.07%,0.07%,0,0,93,8,2,WAS,ARI,LGO,LGO,,1
Will Power,8,703.0,Timothy Moyer,2345,547.0,BB,156.0,B4,0,0,1,8,0.72%,-0.72%,0,0,94,8,2,ARI,WAS,BB,BB,,1
Assassin Panda,15,475.0,Timothy Moyer,2345,27.0,DP,448.0,B4,0,1,1,8,-1.41%,1.41%,0,0,94,8,2,ARI,WAS,LGO,LGO,,1
Syd Kidd,3,241.0,Timothy Moyer,2345,933.0,K,308.0,B4,2,0,1,8,-0.16%,0.16%,0,0,94,8,2,ARI,WAS,K,K,,1
Chad Barrett,2030,712.0,Syd Kidd,3,777.0,2B,65.0,T5,0,0,1,8,0.17%,-0.17%,0,0,95,8,2,WAS,ARI,2B,2B,,1
Osmosis Jones,37,127.0,Syd Kidd,3,924.0,FO,203.0,T5,0,2,1,8,-0.13%,0.13%,0,0,95,8,2,WAS,ARI,FO,FO,,1
Rusty LaRue,2203,715.0,Syd Kidd,3,421.0,K,294.0,T5,1,2,1,8,-0.06%,0.06%,0,0,95,8,2,WAS,ARI,K,K,,1
Humphrey Carter,2201,212.0,Syd Kidd,3,421.0,FO,209.0,T5,2,2,1,8,-0.12%,0.12%,0,0,95,8,2,WAS,ARI,FO,FO,,1
Garrett Ipnov,2136,994.0,Timothy Moyer,2345,981.0,HR,13.0,B5,0,0,1,8,0.61%,-0.61%,1,1,96,8,2,ARI,WAS,HR,HR,,1
Rico Veringhipster,2014,86.0,Timothy Moyer,2345,824.0,FO,262.0,B5,0,0,2,8,-0.47%,0.47%,0,0,96,8,2,ARI,WAS,FO,FO,,1
S.K. Brettbug,2015,777.0,Timothy Moyer,2345,357.0,LGO,420.0,B5,1,0,2,8,-0.30%,0.30%,0,0,96,8,2,ARI,WAS,LGO,LGO,,1
Grey Goose McGillicuddy,1961,565.0,Timothy Moyer,2345,655.0,1B,90.0,B5,2,0,2,8,0.25%,-0.25%,0,0,96,8,2,ARI,WAS,1B,1B,,1
Trey Rangers,224,511.0,Timothy Moyer,2345,478.0,2B,33.0,B5,2,1,2,8,0.80%,-0.80%,0,0,96,8,2,ARI,WAS,2B,2B,,1
Garren Smudge,133,179.0,Timothy Moyer,2345,734.0,LGO,445.0,B5,2,6,2,8,-1.17%,1.17%,0,0,96,8,2,ARI,WAS,LGO,LGO,,1
Timothy Moyer,2345,333.0,Grey Goose McGillicuddy,1961,770.0,PO,437.0,T6,0,0,2,8,-0.02%,0.02%,0,0,97,8,2,WAS,ARI,PO,PO,,1
Gene Hennig,2040,127.0,Grey Goose McGillicuddy,1961,210.0,1B,83.0,T6,1,0,2,8,0.01%,-0.01%,0,0,97,8,2,WAS,ARI,1B,1B,,1
Mylo Grams,396,710.0,Grey Goose McGillicuddy,1961,210.0,DP,500.0,T6,1,1,2,8,-0.09%,0.09%,0,0,97,8,2,WAS,ARI,LGO,LGO,,1
Will Power,8,527.0,Timothy Moyer,2345,560.0,2B,33.0,B6,0,0,2,8,0.56%,-0.56%,0,1,98,8,2,ARI,WAS,2B,2B,,1
Assassin Panda,15,130.0,Timothy Moyer,2345,48.0,1B,82.0,B6,0,2,2,8,1.16%,-1.16%,0,1,98,8,2,ARI,WAS,1B,1B,,1
Villar Porn,2184,,Timothy Moyer,2345,,Auto K,,B6,0,5,2,8,-1.03%,1.03%,0,0,98,8,2,ARI,WAS,Auto K,Auto K,,9
Garrett Ipnov,2136,981.0,Timothy Moyer,2345,101.0,1B,120.0,B6,1,5,2,8,1.41%,-1.41%,1,1,98,8,2,ARI,WAS,1B,1B,,1
Rico Veringhipster,2014,702.0,Timothy Moyer,2345,719.0,2B,17.0,B6,1,4,3,8,4.48%,-4.48%,1,0,98,8,2,ARI,WAS,2B,2B,,1
S.K. Brettbug,2015,222.0,Timothy Moyer,2345,264.0,1B,42.0,B6,1,6,4,8,7.39%,-7.39%,1,0,98,8,2,ARI,WAS,1B,1B,,1
Grey Goose McGillicuddy,1961,570.0,Timothy Moyer,2345,33.0,DP,463.0,B6,1,5,5,8,-14.37%,14.37%,0,0,98,8,2,ARI,WAS,LGO,LGO,,1
Trey Paste,2037,900.0,Cal Tiberius Jr.,199,474.0,LGO,426.0,T1,0,0,0,0,-2.51%,2.51%,0,0,99,9,2,NYM,ATL,LGO,LGO,,1
Chocolate Smegma,2107,195.0,Cal Tiberius Jr.,199,662.0,LGO,467.0,T1,1,0,0,0,-2.18%,2.18%,0,0,99,9,2,NYM,ATL,LGO,LGO,,1
Master Cashier,93,980.0,Cal Tiberius Jr.,199,306.0,K,326.0,T1,2,0,0,0,-1.76%,1.76%,0,0,99,9,2,NYM,ATL,K,K,,1
H.B. Boink,1988,333.0,Hudson Quin,58,283.0,2B,50.0,B1,0,0,0,0,6.33%,-6.33%,0,0,100,9,2,ATL,NYM,2B,2B,,1
Cal Tiberius Jr.,199,230.0,Hudson Quin,58,748.0,LGO,482.0,B1,0,2,0,0,-4.08%,4.08%,0,0,100,9,2,ATL,NYM,LGO,LGO,,1
Y.E. Wally,5,412.0,Hudson Quin,58,882.0,LGO,470.0,B1,1,2,0,0,-3.77%,3.77%,0,0,100,9,2,ATL,NYM,LGO,LGO,,1
Charles Lindberg,242,994.0,Hudson Quin,58,203.0,FO,209.0,B1,2,2,0,0,-4.92%,4.92%,0,0,100,9,2,ATL,NYM,FO,FO,,1
Mongster Mash,344,500.0,Cal Tiberius Jr.,199,536.0,2B,36.0,T2,0,0,0,0,6.81%,-6.81%,0,0,101,9,2,NYM,ATL,2B,2B,,1
Art Inova,3286,632.0,Cal Tiberius Jr.,199,125.0,LGO,493.0,T2,0,2,0,0,-4.42%,4.42%,0,0,101,9,2,NYM,ATL,LGO,LGO,,1
Xavier Crowbar,2006,447.0,Cal Tiberius Jr.,199,910.0,LGO,463.0,T2,1,2,0,0,-4.15%,4.15%,0,0,101,9,2,NYM,ATL,LGO,LGO,,1
Pip Squires,2060,624.0,Cal Tiberius Jr.,199,310.0,PO,314.0,T2,2,2,0,0,-5.35%,5.35%,0,0,101,9,2,NYM,ATL,PO,PO,,1
Jake Blee,232,313.0,Hudson Quin,58,834.0,LGO,479.0,B2,0,0,0,0,-2.72%,2.72%,0,0,102,9,2,ATL,NYM,LGO,LGO,,1
Phil Coulson,226,984.0,Hudson Quin,58,142.0,BB,158.0,B2,1,0,0,0,2.47%,-2.47%,0,0,102,9,2,ATL,NYM,BB,BB,,1
Sadler Oriole,231,875.0,Hudson Quin,58,463.0,DP,412.0,B2,1,1,0,0,-6.88%,6.88%,0,0,102,9,2,ATL,NYM,LGO,LGO,,1
Bix Kayne,3287,123.0,Cal Tiberius Jr.,199,562.0,LGO,439.0,T3,0,0,0,0,-3.03%,3.03%,0,0,103,9,2,NYM,ATL,LGO,LGO,,1
Hudson Quin,58,500.0,Cal Tiberius Jr.,199,172.0,K,328.0,T3,1,0,0,0,-2.74%,2.74%,0,0,103,9,2,NYM,ATL,K,K,,1
Trey Paste,2037,900.0,Cal Tiberius Jr.,199,181.0,K,281.0,T3,2,0,0,0,-2.31%,2.31%,0,0,103,9,2,NYM,ATL,K,K,,1
C.J. Bastian,1989,956.0,Hudson Quin,58,647.0,K,309.0,B3,0,0,0,0,-3.07%,3.07%,0,0,104,9,2,ATL,NYM,K,K,,1
Gil Metz,206,82.0,Hudson Quin,58,197.0,BB,115.0,B3,1,0,0,0,2.70%,-2.70%,0,0,104,9,2,ATL,NYM,BB,BB,,1
H.B. Boink,1988,462.0,Hudson Quin,58,677.0,FO,215.0,B3,1,1,0,0,-3.10%,3.10%,0,0,104,9,2,ATL,NYM,FO,FO,,1
Cal Tiberius Jr.,199,560.0,Hudson Quin,58,677.0,1B,117.0,B3,2,1,0,0,3.23%,-3.23%,0,0,104,9,2,ATL,NYM,1B,1B,,1
Y.E. Wally,5,103.0,Hudson Quin,58,272.0,FO,169.0,B3,2,5,0,0,-7.87%,7.87%,0,0,104,9,2,ATL,NYM,FO,FO,,1
Chocolate Smegma,2107,899.0,Cal Tiberius Jr.,199,404.0,LGO,495.0,T4,0,0,0,0,-3.58%,3.58%,0,0,105,9,2,NYM,ATL,LGO,LGO,,1
Master Cashier,93,182.0,Cal Tiberius Jr.,199,302.0,BB,120.0,T4,1,0,0,0,3.19%,-3.19%,0,0,105,9,2,NYM,ATL,BB,BB,,1
Mongster Mash,344,432.0,Cal Tiberius Jr.,199,925.0,DP,493.0,T4,1,1,0,0,-9.13%,9.13%,0,0,105,9,2,NYM,ATL,LGO,LGO,,1
Charles Lindberg,242,712.0,Hudson Quin,58,285.0,PO,427.0,B4,0,0,0,0,-3.43%,3.43%,0,0,106,9,2,ATL,NYM,PO,PO,,1
Jake Blee,232,826.0,Hudson Quin,58,999.0,FO,173.0,B4,1,0,0,0,-3.17%,3.17%,0,0,106,9,2,ATL,NYM,FO,FO,,1
Phil Coulson,226,273.0,Hudson Quin,58,638.0,PO,365.0,B4,2,0,0,0,-2.87%,2.87%,0,0,106,9,2,ATL,NYM,PO,PO,,1
Art Inova,3286,335.0,Cal Tiberius Jr.,199,736.0,LGO,401.0,T5,0,0,0,0,-4.31%,4.31%,0,0,107,9,2,NYM,ATL,LGO,LGO,,1
Xavier Crowbar,2006,210.0,Cal Tiberius Jr.,199,312.0,1B,102.0,T5,1,0,0,0,3.47%,-3.47%,0,0,107,9,2,NYM,ATL,1B,1B,,1
Pip Squires,2060,243.0,Cal Tiberius Jr.,199,1.0,FO,242.0,T5,1,1,0,0,-4.01%,4.01%,0,0,107,9,2,NYM,ATL,FO,FO,,1
Bix Kayne,3287,597.0,Cal Tiberius Jr.,199,312.0,K,285.0,T5,2,1,0,0,-6.87%,6.87%,0,0,107,9,2,NYM,ATL,K,K,,1
Sadler Oriole,231,650.0,Hudson Quin,58,785.0,1B,135.0,B5,0,0,0,0,3.33%,-3.33%,0,0,108,9,2,ATL,NYM,1B,1B,,1
C.J. Bastian,1989,412.0,Hudson Quin,58,138.0,K,274.0,B5,0,1,0,0,-4.67%,4.67%,0,0,108,9,2,ATL,NYM,K,K,,1
Gil Metz,206,408.0,Hudson Quin,58,290.0,BB,118.0,B5,1,1,0,0,5.44%,-5.44%,0,0,108,9,2,ATL,NYM,BB,BB,,1
H.B. Boink,1988,666.0,Hudson Quin,58,388.0,FO,278.0,B5,1,4,0,0,-5.24%,5.24%,0,0,108,9,2,ATL,NYM,FO,FO,,1
Cal Tiberius Jr.,199,472.0,Hudson Quin,58,626.0,BB,154.0,B5,2,4,0,0,3.65%,-3.65%,0,0,108,9,2,ATL,NYM,BB,BB,,1
Y.E. Wally,5,93.0,Hudson Quin,58,575.0,LGO,482.0,B5,2,7,0,0,-14.20%,14.20%,0,0,108,9,2,ATL,NYM,LGO,LGO,,1
Hudson Quin,58,752.0,Cal Tiberius Jr.,199,602.0,FO,150.0,T6,0,0,0,0,-5.44%,5.44%,0,0,109,9,2,NYM,ATL,FO,FO,,1
Trey Paste,2037,313.0,Cal Tiberius Jr.,199,925.0,PO,388.0,T6,1,0,0,0,-5.08%,5.08%,0,0,109,9,2,NYM,ATL,PO,PO,,1
Chocolate Smegma,2107,898.0,Cal Tiberius Jr.,199,411.0,LGO,487.0,T6,2,0,0,0,-4.91%,4.91%,0,0,109,9,2,NYM,ATL,LGO,LGO,,1
Charles Lindberg,242,71.0,Hudson Quin,58,410.0,K,339.0,B6,0,0,0,0,-5.27%,5.27%,0,0,110,9,2,ATL,NYM,K,K,,1
Jake Blee,232,735.0,Hudson Quin,58,697.0,2B,38.0,B6,1,0,0,0,9.58%,-9.58%,0,0,110,9,2,ATL,NYM,2B,2B,,1
Phil Coulson,226,623.0,Hudson Quin,58,953.0,K,330.0,B6,1,2,0,0,-6.92%,6.92%,0,0,110,9,2,ATL,NYM,K,K,,1
Sadler Oriole,231,350.0,Hudson Quin,58,566.0,FO,216.0,B6,2,2,0,0,-26.25%,26.25%,0,0,110,9,2,ATL,NYM,FO,FO,,1
Hyper Scoops,3288,563.0,Junks Tandem,3276,215.0,K,348.0,T7,0,2,0,0,-9.04%,9.04%,0,0,111,9,2,NYM,ATL,K,K,,1
Mongster Mash,344,888.0,Junks Tandem,3276,1.0,1B,113.0,T7,1,2,0,0,10.32%,-10.32%,0,0,111,9,2,NYM,ATL,1B,1B,,1
Art Inova,3286,660.0,Junks Tandem,3276,156.0,DP,496.0,T7,1,5,0,0,-42.88%,42.88%,0,0,111,9,2,NYM,ATL,LGO,LGO,,1
C.J. Bastian,1989,350.0,Hudson Quin,58,957.0,K,393.0,B7,0,2,0,0,-8.43%,8.43%,0,0,112,9,2,ATL,NYM,K,K,,1
Junks Tandem,3276,650.0,Hudson Quin,58,238.0,K,412.0,B7,1,2,0,0,-6.92%,6.92%,0,0,112,9,2,ATL,NYM,K,K,,1
H.B. Boink,1988,137.0,Hudson Quin,58,638.0,LGO,499.0,B7,2,2,0,0,-42.55%,42.55%,0,0,112,9,2,ATL,NYM,LGO,LGO,,1
Xavier Crowbar,2006,832.0,Junks Tandem,3276,772.0,1B,60.0,T8,0,6,0,0,11.24%,-11.24%,1,1,113,9,2,NYM,ATL,1B,1B,,1
Pip Squires,2060,286.0,Junks Tandem,3276,322.0,2B,36.0,T8,0,5,0,1,5.25%,-5.25%,1,0,113,9,2,NYM,ATL,2B,2B,,1
Bix Kayne,3287,584.0,Junks Tandem,3276,21.0,LGO,437.0,T8,0,6,0,2,-1.47%,1.47%,0,0,113,9,2,NYM,ATL,LGO,LGO,,2
Hudson Quin,58,699.0,Junks Tandem,3276,584.0,BB,115.0,T8,1,6,0,2,0.10%,-0.10%,0,0,113,9,2,NYM,ATL,BB,BB,,1
Trey Paste,2037,300.0,Junks Tandem,3276,88.0,Sac,212.0,T8,1,7,0,2,1.31%,-1.31%,1,0,113,9,2,NYM,ATL,FO,FO,,1
Chocolate Smegma,2107,489.0,Junks Tandem,3276,888.0,LGO,399.0,T8,2,4,0,3,-20.56%,20.56%,0,0,113,9,2,NYM,ATL,LGO,LGO,,1
Cal Tiberius Jr.,199,632.0,Hudson Quin,58,732.0,1B,100.0,B8,0,6,0,3,7.45%,-7.45%,1,1,114,9,2,ATL,NYM,1B,1B,,1
Y.E. Wally,5,647.0,Hudson Quin,58,500.0,BB,147.0,B8,0,5,1,3,14.61%,-14.61%,0,1,114,9,2,ATL,NYM,BB,BB,,1
Charles Lindberg,242,222.0,Hudson Quin,58,881.0,K,341.0,B8,0,7,1,3,-9.39%,9.39%,0,0,114,9,2,ATL,NYM,K,K,,1
Jake Blee,232,201.0,Hudson Quin,58,979.0,Sac,222.0,B8,1,7,1,3,-15.40%,15.40%,1,0,114,9,2,ATL,NYM,FO,FO,,1
Phil Coulson,226,650.0,Hudson Quin,58,631.0,3B,19.0,B8,2,4,2,3,78.29%,-78.29%,2,0,114,9,2,ATL,NYM,3B,3B,,1
Jimbo Fishy,1984,236.0,Rob Pancakes,1966,762.0,LGO,474.0,T1,0,0,0,0,-2.51%,2.51%,0,0,115,10,2,HOU,BAL,LGO,LGO,,1
Rupert Apple,3280,111.0,Rob Pancakes,1966,16.0,1B,95.0,T1,1,0,0,0,2.43%,-2.43%,0,0,115,10,2,HOU,BAL,1B,1B,,1
Khalil Underscore,3289,584.0,Rob Pancakes,1966,620.0,2B,36.0,T1,1,1,0,0,9.55%,-9.55%,0,0,115,10,2,HOU,BAL,2B,2B,,1
Buck Cheeks,457,104.0,Rob Pancakes,1966,381.0,K,277.0,T1,1,6,0,0,-8.58%,8.58%,0,0,115,10,2,HOU,BAL,K,K,,1
Jay Money,241,590.0,Rob Pancakes,1966,117.0,LGO,473.0,T1,2,6,0,0,-7.34%,7.34%,0,0,115,10,2,HOU,BAL,LGO,LGO,,1
Whit Merto,162,734.0,Whitt Bass,39,575.0,BB,159.0,B1,0,0,0,0,2.76%,-2.76%,0,0,116,10,2,BAL,HOU,BB,BB,,1
Clipper Charge,171,465.0,Whitt Bass,39,893.0,DP,428.0,B1,0,1,0,0,-7.41%,7.41%,0,0,116,10,2,BAL,HOU,LGO,LGO,,1
Bernie Petrol,1972,218.0,Whitt Bass,39,111.0,1B,107.0,B1,2,0,0,0,1.90%,-1.90%,0,0,116,10,2,BAL,HOU,1B,1B,,1
Sam Smith,158,840.0,Whitt Bass,39,666.0,FO,174.0,B1,2,1,0,0,-3.69%,3.69%,0,0,116,10,2,BAL,HOU,FO,FO,,1
Chester Facto,2032,729.0,Rob Pancakes,1966,434.0,K,295.0,T2,0,0,0,0,-2.72%,2.72%,0,0,117,10,2,HOU,BAL,K,K,,1
Triston Uzumaki,125,813.0,Rob Pancakes,1966,902.0,1B,89.0,T2,1,0,0,0,2.57%,-2.57%,0,0,117,10,2,HOU,BAL,1B,1B,,1
Chris Keebler,2108,18.0,Rob Pancakes,1966,739.0,FO,279.0,T2,1,1,0,0,-2.82%,2.82%,0,0,117,10,2,HOU,BAL,FO,FO,,1
Whitt Bass,39,435.0,Rob Pancakes,1966,633.0,BB,198.0,T2,2,1,0,0,3.17%,-3.17%,0,0,117,10,2,HOU,BAL,BB,BB,,1
Jimbo Fishy,1984,1.0,Rob Pancakes,1966,540.0,LGO,461.0,T2,2,4,0,0,-7.31%,7.31%,0,0,117,10,2,HOU,BAL,LGO,LGO,,1
Johnny Dickshot,233,318.0,Whitt Bass,39,449.0,BB,131.0,B2,0,0,0,0,2.94%,-2.94%,0,0,118,10,2,BAL,HOU,BB,BB,,1
Aaron Range,3290,516.0,Whitt Bass,39,986.0,DP,470.0,B2,0,1,0,0,-8.04%,8.04%,0,0,118,10,2,BAL,HOU,LGO,LGO,,1
Randy Nummer,2066,789.0,Whitt Bass,39,478.0,K,311.0,B2,2,0,0,0,-2.03%,2.03%,0,0,118,10,2,BAL,HOU,K,K,,1
Rupert Apple,3280,350.0,Rob Pancakes,1966,202.0,BB,148.0,T3,0,0,0,0,3.31%,-3.31%,0,0,119,10,2,HOU,BAL,BB,BB,,1
Khalil Underscore,3289,716.0,Rob Pancakes,1966,202.0,DP,486.0,T3,0,1,0,0,-9.08%,9.08%,0,0,119,10,2,HOU,BAL,LGO,LGO,,1
Buck Cheeks,457,811.0,Rob Pancakes,1966,999.0,FO,188.0,T3,2,0,0,0,-2.31%,2.31%,0,0,119,10,2,HOU,BAL,FO,FO,,1
Indy Sayne,151,444.0,Whitt Bass,39,898.0,LGO,454.0,B3,0,0,0,0,-3.07%,3.07%,0,0,120,10,2,BAL,HOU,LGO,LGO,,1
Rob Pancakes,1966,627.0,Whitt Bass,39,944.0,PO,317.0,B3,1,0,0,0,-2.77%,2.77%,0,0,120,10,2,BAL,HOU,PO,PO,,1
Whit Merto,162,217.0,Whitt Bass,39,324.0,1B,107.0,B3,2,0,0,0,2.37%,-2.37%,0,0,120,10,2,BAL,HOU,1B,1B,,1
Clipper Charge,171,234.0,Whitt Bass,39,26.0,FO,208.0,B3,2,1,0,0,-4.64%,4.64%,0,0,120,10,2,BAL,HOU,FO,FO,,1
Jay Money,241,727.0,Rob Pancakes,1966,202.0,LGO,475.0,T4,0,0,0,0,-3.58%,3.58%,0,0,121,10,2,HOU,BAL,LGO,LGO,,1
Chester Facto,2032,444.0,Rob Pancakes,1966,581.0,1B,137.0,T4,1,0,0,0,3.19%,-3.19%,0,0,121,10,2,HOU,BAL,1B,1B,,1
Triston Uzumaki,125,953.0,Rob Pancakes,1966,1.0,2B,48.0,T4,1,1,0,0,14.00%,-14.00%,0,0,121,10,2,HOU,BAL,2B,2B,,1
Chris Keebler,2108,288.0,Rob Pancakes,1966,461.0,BB,173.0,T4,1,6,0,0,1.80%,-1.80%,0,0,121,10,2,HOU,BAL,BB,BB,,1
Whitt Bass,39,827.0,Rob Pancakes,1966,288.0,DP,461.0,T4,1,7,0,0,-24.93%,24.93%,0,0,121,10,2,HOU,BAL,LGO,LGO,,1
Bernie Petrol,1972,275.0,Whitt Bass,39,488.0,FO,213.0,B4,0,0,0,0,-3.43%,3.43%,0,0,122,10,2,BAL,HOU,FO,FO,,1
Sam Smith,158,732.0,Whitt Bass,39,8.0,K,276.0,B4,1,0,0,0,-3.17%,3.17%,0,0,122,10,2,BAL,HOU,K,K,,1
Johnny Dickshot,233,202.0,Whitt Bass,39,632.0,LGO,430.0,B4,2,0,0,0,-2.87%,2.87%,0,0,122,10,2,BAL,HOU,LGO,LGO,,1
Jimbo Fishy,1984,672.0,Rob Pancakes,1966,710.0,2B,38.0,T5,0,0,0,0,10.68%,-10.68%,0,1,123,10,2,HOU,BAL,2B,2B,,1
Rupert Apple,3280,253.0,Rob Pancakes,1966,820.0,PO,433.0,T5,0,2,0,0,-7.02%,7.02%,0,0,123,10,2,HOU,BAL,PO,PO,,1
Khalil Underscore,3289,500.0,Rob Pancakes,1966,381.0,BB,119.0,T5,1,2,0,0,1.58%,-1.58%,0,1,123,10,2,HOU,BAL,BB,BB,,1
Buck Cheeks,457,86.0,Rob Pancakes,1966,108.0,2B,22.0,T5,1,4,0,0,26.33%,-26.33%,1,1,123,10,2,HOU,BAL,2B,2B,,1
Jay Money,241,440.0,Rob Pancakes,1966,291.0,1B,149.0,T5,1,6,0,1,7.14%,-7.14%,1,0,123,10,2,HOU,BAL,1B,1B,,1
Chester Facto,2032,500.0,Rob Pancakes,1966,181.0,K,319.0,T5,1,5,0,2,-3.80%,3.80%,0,0,123,10,2,HOU,BAL,K,K,,1
Triston Uzumaki,125,632.0,Rob Pancakes,1966,679.0,2B,47.0,T5,2,5,0,2,7.40%,-7.40%,1,0,123,10,2,HOU,BAL,2B,2B,,1
Chris Keebler,2108,777.0,Rob Pancakes,1966,546.0,FO,231.0,T5,2,6,0,3,-2.16%,2.16%,0,0,123,10,2,HOU,BAL,FO,FO,,1
Aaron Range,3290,569.0,Whitt Bass,39,34.0,LGO,465.0,B5,0,0,0,3,-2.75%,2.75%,0,0,124,10,2,BAL,HOU,LGO,LGO,,1
Randy Nummer,2066,444.0,Whitt Bass,39,456.0,HR,12.0,B5,1,0,0,3,7.08%,-7.08%,1,1,124,10,2,BAL,HOU,HR,HR,,1
Indy Sayne,151,900.0,Whitt Bass,39,113.0,FO,213.0,B5,1,0,1,3,-3.45%,3.45%,0,0,124,10,2,BAL,HOU,FO,FO,,1
Rob Pancakes,1966,878.0,Whitt Bass,39,202.0,PO,324.0,B5,2,0,1,3,-2.42%,2.42%,0,0,124,10,2,BAL,HOU,PO,PO,,1
Whitt Bass,39,202.0,Rob Pancakes,1966,878.0,K,324.0,T6,0,0,1,3,-0.82%,0.82%,0,0,125,10,2,HOU,BAL,K,K,,1
Jimbo Fishy,1984,878.0,Rob Pancakes,1966,51.0,BB,173.0,T6,1,0,1,3,0.68%,-0.68%,0,0,125,10,2,HOU,BAL,BB,BB,,1
Rupert Apple,3280,439.0,Rob Pancakes,1966,51.0,K,388.0,T6,1,1,1,3,-0.82%,0.82%,0,0,125,10,2,HOU,BAL,K,K,,1
Khalil Underscore,3289,212.0,Rob Pancakes,1966,684.0,LGO,472.0,T6,2,1,1,3,-1.35%,1.35%,0,0,125,10,2,HOU,BAL,LGO,LGO,,1
Whit Merto,162,819.0,Whitt Bass,39,615.0,FO,204.0,B6,0,0,1,3,-4.76%,4.76%,0,0,126,10,2,BAL,HOU,FO,FO,,1
Clipper Charge,171,612.0,Whitt Bass,39,602.0,3B,10.0,B6,1,0,1,3,9.69%,-9.69%,0,0,126,10,2,BAL,HOU,3B,3B,,1
Bernie Petrol,1972,217.0,Whitt Bass,39,54.0,BB,163.0,B6,1,3,1,3,10.27%,-10.27%,0,0,126,10,2,BAL,HOU,BB,BB,,1
Sam Smith,158,752.0,Whitt Bass,39,374.0,DP,378.0,B6,1,5,1,3,-25.83%,25.83%,0,0,126,10,2,BAL,HOU,LGO,LGO,,1
Kyle Mack,2011,103.0,Sal Shark,2147,1.0,1B,102.0,T1,0,0,0,0,2.91%,-2.91%,0,0,127,11,2,PHI,OAK,1B,1B,,1
Conrad Love,300,212.0,Sal Shark,2147,115.0,1B,97.0,T1,0,1,0,0,5.56%,-5.56%,0,0,127,11,2,PHI,OAK,1B,1B,,1
Lefty Schweez,2186,56.0,Sal Shark,2147,555.0,DP,499.0,T1,0,4,0,0,-10.00%,10.00%,0,0,127,11,2,PHI,OAK,LGO,LGO,,1
Rory Nipponsteer,1992,611.0,Sal Shark,2147,862.0,FO,251.0,T1,2,3,0,0,-4.92%,4.92%,0,0,127,11,2,PHI,OAK,FO,FO,,1
Art Zyz,1982,49.0,Oliver Yu,286,560.0,LGO,489.0,B1,0,0,0,0,-2.48%,2.48%,0,0,128,11,2,OAK,PHI,LGO,LGO,,1
Bobson Dugnutt,2096,899.0,Oliver Yu,286,410.0,LGO,489.0,B1,1,0,0,0,-2.17%,2.17%,0,0,128,11,2,OAK,PHI,LGO,LGO,,1
Boaty McBoatface,2095,500.0,Oliver Yu,286,100.0,LGO,400.0,B1,2,0,0,0,-1.79%,1.79%,0,0,128,11,2,OAK,PHI,LGO,LGO,,1
Ronald Eagle Sr.,167,870.0,Sal Shark,2147,455.0,LGO,415.0,T2,0,0,0,0,-2.72%,2.72%,0,0,129,11,2,PHI,OAK,LGO,LGO,,1
Hunter Tuzero,346,500.0,Sal Shark,2147,910.0,LGO,410.0,T2,1,0,0,0,-2.40%,2.40%,0,0,129,11,2,PHI,OAK,LGO,LGO,,1
Ross Fire,47,325.0,Sal Shark,2147,415.0,1B,90.0,T2,2,0,0,0,2.15%,-2.15%,0,1,129,11,2,PHI,OAK,1B,1B,,1
KC Bats,287,705.0,Sal Shark,2147,700.0,HR,5.0,T2,2,1,0,0,23.70%,-23.70%,2,1,129,11,2,PHI,OAK,HR,HR,,1
Oliver Yu,286,350.0,Sal Shark,2147,115.0,FO,235.0,T2,2,0,0,2,-1.37%,1.37%,0,0,129,11,2,PHI,OAK,FO,FO,,1
Caleb VanVacter,2103,832.0,Oliver Yu,286,884.0,2B,52.0,B2,0,0,0,2,7.50%,-7.50%,0,1,130,11,2,OAK,PHI,2B,2B,,1
Blue Moon Barthelemy,2025,599.0,Oliver Yu,286,850.0,FO,251.0,B2,0,2,0,2,-4.69%,4.69%,0,0,130,11,2,OAK,PHI,FO,FO,,1
Graham Othrie,2139,413.0,Oliver Yu,286,354.0,2B,59.0,B2,1,2,0,2,12.33%,-12.33%,1,1,130,11,2,OAK,PHI,2B,2B,,1
Rick Gymnast,3283,118.0,Oliver Yu,286,100.0,3B,18.0,B2,1,2,1,2,17.41%,-17.41%,1,1,130,11,2,OAK,PHI,3B,3B,,1
Kid Notcher,429,619.0,Oliver Yu,286,523.0,1B,96.0,B2,1,3,2,2,7.03%,-7.03%,1,0,130,11,2,OAK,PHI,1B,1B,,1
Sal Shark,2147,870.0,Oliver Yu,286,340.0,DP,470.0,B2,1,1,3,2,-5.17%,5.17%,0,0,130,11,2,OAK,PHI,LGO,LGO,,1
Kyle Mack,2011,321.0,Sal Shark,2147,775.0,LGO,454.0,T3,0,0,3,2,-3.32%,3.32%,0,0,131,11,2,PHI,OAK,LGO,LGO,,1
Conrad Love,300,900.0,Sal Shark,2147,220.0,K,320.0,T3,1,0,3,2,-2.85%,2.85%,0,0,131,11,2,PHI,OAK,K,K,,1
Lefty Schweez,2186,343.0,Sal Shark,2147,950.0,LGO,393.0,T3,2,0,3,2,-2.26%,2.26%,0,0,131,11,2,PHI,OAK,LGO,LGO,,1
Art Zyz,1982,227.0,Oliver Yu,286,600.0,PO,373.0,B3,0,0,3,2,-2.04%,2.04%,0,0,132,11,2,OAK,PHI,PO,PO,,1
Bobson Dugnutt,2096,870.0,Oliver Yu,286,220.0,PO,350.0,B3,1,0,3,2,-1.80%,1.80%,0,0,132,11,2,OAK,PHI,PO,PO,,1
Boaty McBoatface,2095,870.0,Oliver Yu,286,430.0,LGO,440.0,B3,2,0,3,2,-1.62%,1.62%,0,0,132,11,2,OAK,PHI,LGO,LGO,,1
Rory Nipponsteer,1992,,Sal Shark,2147,,Auto K,,T4,0,0,3,2,-3.96%,3.96%,0,0,133,11,2,PHI,OAK,Auto K,Auto K,,9
Ronald Eagle Sr.,167,770.0,Sal Shark,2147,685.0,1B,85.0,T4,1,0,3,2,3.84%,-3.84%,0,0,133,11,2,PHI,OAK,1B,1B,,1
Hunter Tuzero,346,220.0,Sal Shark,2147,940.0,FO,280.0,T4,1,1,3,2,-3.93%,3.93%,0,0,133,11,2,PHI,OAK,FO,FO,,1
Ross Fire,47,575.0,Sal Shark,2147,225.0,PO,350.0,T4,2,1,3,2,-6.06%,6.06%,0,0,133,11,2,PHI,OAK,PO,PO,,1
Caleb VanVacter,2103,10.0,Cy Hadd,3295,23.0,HR,13.0,B4,0,0,3,2,9.90%,-9.90%,1,1,134,11,2,OAK,PHI,HR,HR,,1
Blue Moon Barthelemy,2025,23.0,Cy Hadd,3295,247.0,FO,224.0,B4,0,0,4,2,-1.07%,1.07%,0,0,134,11,2,OAK,PHI,FO,FO,,1
Graham Othrie,2139,768.0,Cy Hadd,3295,555.0,FO,213.0,B4,1,0,4,2,-0.97%,0.97%,0,0,134,11,2,OAK,PHI,FO,FO,,1
Rick Gymnast,3283,862.0,Cy Hadd,3295,158.0,K,296.0,B4,2,0,4,2,-0.86%,0.86%,0,0,134,11,2,OAK,PHI,K,K,,1
KC Bats,287,476.0,Sal Shark,2147,440.0,2B,36.0,T5,0,0,4,2,9.20%,-9.20%,0,0,135,11,2,PHI,OAK,2B,2B,,1
Cy Hadd,3295,777.0,Sal Shark,2147,115.0,K,338.0,T5,0,2,4,2,-6.09%,6.09%,0,0,135,11,2,PHI,OAK,K,K,,1
Kyle Mack,2011,683.0,Sal Shark,2147,375.0,K,308.0,T5,1,2,4,2,-5.82%,5.82%,0,0,135,11,2,PHI,OAK,K,K,,1
Conrad Love,300,683.0,Sal Shark,2147,1000.0,K,317.0,T5,2,2,4,2,-5.61%,5.61%,0,0,135,11,2,PHI,OAK,K,K,,1
Kid Notcher,429,878.0,Cy Hadd,3295,221.0,K,343.0,B5,0,0,4,2,-0.67%,0.67%,0,0,136,11,2,OAK,PHI,K,K,,1
Sal Shark,2147,440.0,Cy Hadd,3295,222.0,FO,218.0,B5,1,0,4,2,-0.64%,0.64%,0,0,136,11,2,OAK,PHI,FO,FO,,1
Art Zyz,1982,148.0,Cy Hadd,3295,311.0,1B,163.0,B5,2,0,4,2,0.61%,-0.61%,0,0,136,11,2,OAK,PHI,1B,1B,,1
Bobson Dugnutt,2096,777.0,Cy Hadd,3295,112.0,K,335.0,B5,2,1,4,2,-1.12%,1.12%,0,0,136,11,2,OAK,PHI,K,K,,1
Lefty Schweez,2186,453.0,Sal Shark,2147,667.0,FO,214.0,T6,0,0,4,2,-3.81%,3.81%,0,0,137,11,2,PHI,OAK,FO,FO,,1
Rory Nipponsteer,1992,13.0,Sal Shark,2147,830.0,FO,183.0,T6,1,0,4,2,-2.88%,2.88%,0,0,137,11,2,PHI,OAK,FO,FO,,1
Ronald Eagle Sr.,167,13.0,Sal Shark,2147,200.0,FO,187.0,T6,2,0,4,2,-1.67%,1.67%,0,0,137,11,2,PHI,OAK,FO,FO,,1
falcs51,3282,350.0,S.A.R. Dinka,395,131.0,FO,219.0,T1,0,0,0,0,-2.51%,2.51%,0,0,138,12,2,PIT,TOR,FO,FO,,1
Splash Nelson,312,600.0,S.A.R. Dinka,395,323.0,K,277.0,T1,1,0,0,0,-2.18%,2.18%,0,0,138,12,2,PIT,TOR,K,K,,1
Gare Doctor,307,454.0,S.A.R. Dinka,395,637.0,FO,183.0,T1,2,0,0,0,-1.76%,1.76%,0,0,138,12,2,PIT,TOR,FO,FO,,1
Lane Drew,190,42.0,Darth Vader,336,652.0,PO,390.0,B1,0,0,0,0,-2.48%,2.48%,0,0,139,12,2,TOR,PIT,PO,PO,,1
Graham Grams,400,711.0,Darth Vader,336,312.0,LGO,399.0,B1,1,0,0,0,-2.17%,2.17%,0,0,139,12,2,TOR,PIT,LGO,LGO,,1
Thomas Berry,446,734.0,Darth Vader,336,232.0,LGO,498.0,B1,2,0,0,0,-1.79%,1.79%,0,0,139,12,2,TOR,PIT,LGO,LGO,,1
Jameson Poe,310,478.0,S.A.R. Dinka,395,828.0,PO,350.0,T2,0,0,0,0,-2.72%,2.72%,0,0,140,12,2,PIT,TOR,PO,PO,,1
Johnny Hopkins,2070,990.0,S.A.R. Dinka,395,323.0,PO,333.0,T2,1,0,0,0,-2.40%,2.40%,0,0,140,12,2,PIT,TOR,PO,PO,,1
Lance Lummox,314,72.0,S.A.R. Dinka,395,423.0,LGO,351.0,T2,2,0,0,0,-1.99%,1.99%,0,0,140,12,2,PIT,TOR,LGO,LGO,,1
Burt Maclin,2101,699.0,Darth Vader,336,772.0,1B,73.0,B2,0,0,0,0,2.94%,-2.94%,0,0,141,12,2,TOR,PIT,1B,1B,,1
Quentin Adams,397,186.0,Darth Vader,336,598.0,K,412.0,B2,0,1,0,0,-3.19%,3.19%,0,0,141,12,2,TOR,PIT,K,K,,1
Daz Reference,2114,764.0,Darth Vader,336,661.0,1B,103.0,B2,1,1,0,0,4.06%,-4.06%,0,0,141,12,2,TOR,PIT,1B,1B,,1
Ziggy Ceder,56,240.0,Darth Vader,336,402.0,BB,162.0,B2,1,4,0,0,8.34%,-8.34%,0,0,141,12,2,TOR,PIT,BB,BB,,1
Mike Honcho,445,845.0,Darth Vader,336,442.0,K,403.0,B2,1,7,0,0,-9.07%,9.07%,0,0,141,12,2,TOR,PIT,K,K,,1
S.A.R. Dinka,395,733.0,Darth Vader,336,42.0,K,309.0,B2,2,7,0,0,-10.21%,10.21%,0,0,141,12,2,TOR,PIT,K,K,,1
Baxter Payne,2021,619.0,S.A.R. Dinka,395,531.0,1B,88.0,T3,0,0,0,0,3.31%,-3.31%,0,0,142,12,2,PIT,TOR,1B,1B,,1
Cook Froster,2033,227.0,S.A.R. Dinka,395,932.0,K,295.0,T3,0,1,0,0,-3.57%,3.57%,0,0,142,12,2,PIT,TOR,K,K,,1
Darth Vader,336,731.0,S.A.R. Dinka,395,53.0,PO,322.0,T3,1,1,0,0,-3.01%,3.01%,0,0,142,12,2,PIT,TOR,PO,PO,,1
falcs51,3282,50.0,S.A.R. Dinka,395,258.0,FO,208.0,T3,2,1,0,0,-4.81%,4.81%,0,0,142,12,2,PIT,TOR,FO,FO,,1
Lane Drew,190,548.0,Darth Vader,336,132.0,LGO,416.0,B3,0,0,0,0,-3.07%,3.07%,0,0,143,12,2,TOR,PIT,LGO,LGO,,1
Graham Grams,400,348.0,Darth Vader,336,804.0,LGO,456.0,B3,1,0,0,0,-2.77%,2.77%,0,0,143,12,2,TOR,PIT,LGO,LGO,,1
Thomas Berry,446,44.0,Darth Vader,336,815.0,FO,229.0,B3,2,0,0,0,-2.27%,2.27%,0,0,143,12,2,TOR,PIT,FO,FO,,1
Splash Nelson,312,822.0,S.A.R. Dinka,395,349.0,LGO,473.0,T4,0,0,0,0,-3.58%,3.58%,0,0,144,12,2,PIT,TOR,LGO,LGO,,1
Gare Doctor,307,24.0,S.A.R. Dinka,395,170.0,BB,146.0,T4,1,0,0,0,3.19%,-3.19%,0,0,144,12,2,PIT,TOR,BB,BB,,1
Jameson Poe,310,593.0,S.A.R. Dinka,395,777.0,FO,184.0,T4,1,1,0,0,-3.50%,3.50%,0,0,144,12,2,PIT,TOR,FO,FO,,1
Johnny Hopkins,2070,271.0,S.A.R. Dinka,395,820.0,LGO,451.0,T4,2,1,0,0,-5.63%,5.63%,0,0,144,12,2,PIT,TOR,LGO,LGO,,1
Burt Maclin,2101,311.0,Darth Vader,336,588.0,K,277.0,B4,0,0,0,0,-3.43%,3.43%,0,0,145,12,2,TOR,PIT,K,K,,1
Quentin Adams,397,985.0,Darth Vader,336,246.0,K,261.0,B4,1,0,0,0,-3.17%,3.17%,0,0,145,12,2,TOR,PIT,K,K,,1
Daz Reference,2114,734.0,Darth Vader,336,812.0,1B,78.0,B4,2,0,0,0,2.65%,-2.65%,0,0,145,12,2,TOR,PIT,1B,1B,,1
Ziggy Ceder,56,46.0,Darth Vader,336,414.0,PO,368.0,B4,2,1,0,0,-5.52%,5.52%,0,0,145,12,2,TOR,PIT,PO,PO,,1
Lance Lummox,314,607.0,S.A.R. Dinka,395,820.0,FO,213.0,T5,0,0,0,0,-4.31%,4.31%,0,0,146,12,2,PIT,TOR,FO,FO,,1
Baxter Payne,2021,314.0,S.A.R. Dinka,395,215.0,1B,99.0,T5,1,0,0,0,3.47%,-3.47%,0,0,146,12,2,PIT,TOR,1B,1B,,1
Cook Froster,2033,306.0,S.A.R. Dinka,395,451.0,BB,145.0,T5,1,1,0,0,6.08%,-6.08%,0,0,146,12,2,PIT,TOR,BB,BB,,1
Darth Vader,336,257.0,S.A.R. Dinka,395,49.0,FO,208.0,T5,1,4,0,0,-5.78%,5.78%,0,0,146,12,2,PIT,TOR,FO,FO,,1
falcs51,3282,650.0,S.A.R. Dinka,395,717.0,1B,67.0,T5,2,4,0,0,4.39%,-4.39%,0,0,146,12,2,PIT,TOR,1B,1B,,1
Splash Nelson,312,298.0,S.A.R. Dinka,395,829.0,K,469.0,T5,2,7,0,0,-15.57%,15.57%,0,0,146,12,2,PIT,TOR,K,K,,1
Mike Honcho,445,602.0,Darth Vader,336,392.0,FO,210.0,B5,0,0,0,0,-4.12%,4.12%,0,0,147,12,2,TOR,PIT,FO,FO,,1
S.A.R. Dinka,395,667.0,Darth Vader,336,794.0,1B,127.0,B5,1,0,0,0,2.78%,-2.78%,0,1,147,12,2,TOR,PIT,1B,1B,,1
Lane Drew,190,167.0,Darth Vader,336,318.0,1B,151.0,B5,1,1,0,0,5.44%,-5.44%,0,1,147,12,2,TOR,PIT,1B,1B,,1
Graham Grams,400,476.0,Darth Vader,336,304.0,BB,172.0,B5,1,4,0,0,11.58%,-11.58%,0,1,147,12,2,TOR,PIT,BB,BB,,1
Thomas Berry,446,775.0,Darth Vader,336,636.0,1B,139.0,B5,1,7,0,0,13.82%,-13.82%,1,0,147,12,2,TOR,PIT,1B,1B,,1
Burt Maclin,2101,505.0,Darth Vader,336,812.0,K,307.0,B5,1,7,1,0,-4.31%,4.31%,0,0,147,12,2,TOR,PIT,K,K,,1
Quentin Adams,397,103.0,Darth Vader,336,216.0,BB,113.0,B5,2,7,1,0,7.13%,-7.13%,1,0,147,12,2,TOR,PIT,BB,BB,,1
Daz Reference,2114,785.0,Darth Vader,336,622.0,BB,163.0,B5,2,7,2,0,3.17%,-3.17%,1,0,147,12,2,TOR,PIT,BB,BB,,1
Ziggy Ceder,56,834.0,Darth Vader,336,288.0,LGO,454.0,B5,2,7,3,0,-0.98%,0.98%,0,0,147,12,2,TOR,PIT,LGO,LGO,,1
Gare Doctor,307,894.0,S.A.R. Dinka,395,355.0,LGO,461.0,T6,0,0,3,0,-1.94%,1.94%,0,0,148,12,2,PIT,TOR,LGO,LGO,,1
Jameson Poe,310,868.0,S.A.R. Dinka,395,769.0,1B,99.0,T6,1,0,3,0,2.40%,-2.40%,0,0,148,12,2,PIT,TOR,1B,1B,,1
Johnny Hopkins,2070,855.0,S.A.R. Dinka,395,225.0,DP,370.0,T6,1,1,3,0,-4.22%,4.22%,0,0,148,12,2,PIT,TOR,LGO,LGO,,1
Bix Kayne,3287,585.0,Big Tuna,2091,212.0,LGO,373.0,T1,0,0,0,0,-2.51%,2.51%,0,0,149,13,3,NYM,DET,LGO,LGO,,1
Chocolate Smegma,2107,15.0,Big Tuna,2091,366.0,PO,351.0,T1,1,0,0,0,-2.18%,2.18%,0,0,149,13,3,NYM,DET,PO,PO,,1
Xavier Crowbar,2006,898.0,Big Tuna,2091,999.0,1B,101.0,T1,2,0,0,0,1.98%,-1.98%,0,0,149,13,3,NYM,DET,1B,1B,,1
Master Cashier,93,607.0,Big Tuna,2091,784.0,FO,177.0,T1,2,1,0,0,-3.74%,3.74%,0,0,149,13,3,NYM,DET,FO,FO,,1
BB Bambino Jr.,115,659.0,Hudson Quin,58,854.0,BB,195.0,B1,0,0,0,0,2.76%,-2.76%,0,1,150,13,3,DET,NYM,BB,BB,,1
Casey Nine,101,318.0,Hudson Quin,58,325.0,HR,7.0,B1,0,1,0,0,18.55%,-18.55%,2,1,150,13,3,DET,NYM,HR,HR,,1
King Fielder,222,584.0,Hudson Quin,58,998.0,K,414.0,B1,0,0,2,0,-1.37%,1.37%,0,0,150,13,3,DET,NYM,K,K,,1
Morris Deratt,104,998.0,Hudson Quin,58,204.0,FO,206.0,B1,1,0,2,0,-1.43%,1.43%,0,0,150,13,3,DET,NYM,FO,FO,,1
Merodach Baladan,100,41.0,Hudson Quin,58,555.0,LGO,486.0,B1,2,0,2,0,-1.12%,1.12%,0,0,150,13,3,DET,NYM,LGO,LGO,,1
Hudson Quin,58,875.0,Big Tuna,2091,117.0,FO,242.0,T2,0,0,2,0,-2.72%,2.72%,0,0,151,13,3,NYM,DET,FO,FO,,1
Mongster Mash,344,576.0,Big Tuna,2091,32.0,LGO,456.0,T2,1,0,2,0,-2.27%,2.27%,0,0,151,13,3,NYM,DET,LGO,LGO,,1
Pip Squires,2060,777.0,Big Tuna,2091,808.0,2B,31.0,T2,2,0,2,0,3.30%,-3.30%,0,0,151,13,3,NYM,DET,2B,2B,,1
Art Inova,3286,,Big Tuna,2091,694.0,Auto K,,T2,2,2,2,0,-4.96%,4.96%,0,0,151,13,3,NYM,DET,Auto K,Auto K,,9
Brandon Aconi,2042,417.0,Hudson Quin,58,318.0,1B,99.0,B2,0,0,2,0,1.52%,-1.52%,0,1,152,13,3,DET,NYM,1B,1B,,1
Sevag Vapor,106,733.0,Hudson Quin,58,791.0,1B,58.0,B2,0,1,2,0,2.77%,-2.77%,0,0,152,13,3,DET,NYM,1B,1B,,1
Lightning Balls,350,69.0,Hudson Quin,58,842.0,FO,227.0,B2,0,4,2,0,-2.33%,2.33%,0,0,152,13,3,DET,NYM,FO,FO,,1
Big Tuna,2091,320.0,Hudson Quin,58,669.0,K,349.0,B2,1,4,2,0,-2.22%,2.22%,0,0,152,13,3,DET,NYM,K,K,,1
BB Bambino Jr.,115,893.0,Hudson Quin,58,12.0,1B,119.0,B2,2,4,2,0,7.72%,-7.72%,1,0,152,13,3,DET,NYM,1B,1B,,1
Casey Nine,101,555.0,Hudson Quin,58,314.0,FO,241.0,B2,2,5,3,0,-2.86%,2.86%,0,0,152,13,3,DET,NYM,FO,FO,,1
Trey Paste,2037,482.0,Big Tuna,2091,98.0,LGO,384.0,T3,0,0,3,0,-2.28%,2.28%,0,0,153,13,3,NYM,DET,LGO,LGO,,1
Bix Kayne,3287,12.0,Big Tuna,2091,422.0,LGO,410.0,T3,1,0,3,0,-1.87%,1.87%,0,0,153,13,3,NYM,DET,LGO,LGO,,1
Chocolate Smegma,2107,877.0,Big Tuna,2091,781.0,1B,96.0,T3,2,0,3,0,1.88%,-1.88%,0,1,153,13,3,NYM,DET,1B,1B,,1
Xavier Crowbar,2006,330.0,Big Tuna,2091,328.0,HR,2.0,T3,2,1,3,0,16.13%,-16.13%,2,1,153,13,3,NYM,DET,HR,HR,,1
Master Cashier,93,676.0,Big Tuna,2091,112.0,LGO,436.0,T3,2,0,3,2,-2.26%,2.26%,0,0,153,13,3,NYM,DET,LGO,LGO,,1
King Fielder,222,20.0,Hudson Quin,58,364.0,K,344.0,B3,0,0,3,2,-2.04%,2.04%,0,0,154,13,3,DET,NYM,K,K,,1
Morris Deratt,104,123.0,Hudson Quin,58,420.0,K,297.0,B3,1,0,3,2,-1.80%,1.80%,0,0,154,13,3,DET,NYM,K,K,,1
Merodach Baladan,100,517.0,Hudson Quin,58,725.0,FO,208.0,B3,2,0,3,2,-1.62%,1.62%,0,0,154,13,3,DET,NYM,FO,FO,,1
Hudson Quin,58,666.0,Big Tuna,2091,865.0,FO,199.0,T4,0,0,3,2,-3.96%,3.96%,0,0,155,13,3,NYM,DET,FO,FO,,1
Mongster Mash,344,900.0,Big Tuna,2091,420.0,LGO,480.0,T4,1,0,3,2,-3.37%,3.37%,0,0,155,13,3,NYM,DET,LGO,LGO,,1
Pip Squires,2060,322.0,Big Tuna,2091,69.0,FO,253.0,T4,2,0,3,2,-2.78%,2.78%,0,0,155,13,3,NYM,DET,FO,FO,,1
Mason Spurs,103,,Hudson Quin,58,12.0,K,,B4,0,0,3,2,-1.87%,1.87%,0,0,156,13,3,DET,NYM,K,K,,1
Sevag Vapor,106,333.0,Hudson Quin,58,967.0,K,366.0,B4,1,0,3,2,-1.74%,1.74%,0,0,156,13,3,DET,NYM,K,K,,1
Lightning Balls,350,677.0,Hudson Quin,58,713.0,2B,36.0,B4,2,0,3,2,2.65%,-2.65%,0,1,156,13,3,DET,NYM,2B,2B,,1
Big Tuna,2091,212.0,Hudson Quin,58,317.0,1B,105.0,B4,2,2,3,2,9.62%,-9.62%,1,0,156,13,3,DET,NYM,1B,1B,,1
BB Bambino Jr.,115,771.0,Hudson Quin,58,979.0,FO,208.0,B4,2,1,4,2,-1.66%,1.66%,0,0,156,13,3,DET,NYM,FO,FO,,1
Red Trapper,453,257.0,Big Tuna,2091,982.0,FO,275.0,T5,0,0,4,2,-3.57%,3.57%,0,0,157,13,3,NYM,DET,FO,FO,,1
Trey Paste,2037,633.0,Big Tuna,2091,543.0,1B,90.0,T5,1,0,4,2,4.25%,-4.25%,0,0,157,13,3,NYM,DET,1B,1B,,1
Bix Kayne,3287,545.0,Big Tuna,2091,12.0,DP,467.0,T5,1,1,4,2,-9.00%,9.00%,0,0,157,13,3,NYM,DET,LGO,LGO,,1
Casey Nine,101,87.0,Hudson Quin,58,502.0,LGO,415.0,B5,0,0,4,2,-0.67%,0.67%,0,0,158,13,3,DET,NYM,LGO,LGO,,1
King Fielder,222,839.0,Hudson Quin,58,910.0,1B,71.0,B5,1,0,4,2,0.55%,-0.55%,0,1,158,13,3,DET,NYM,1B,1B,,1
Morris Deratt,104,383.0,Hudson Quin,58,223.0,BB,160.0,B5,1,1,4,2,0.86%,-0.86%,0,1,158,13,3,DET,NYM,BB,BB,,1
Merodach Baladan,100,111.0,Hudson Quin,58,138.0,3B,27.0,B5,1,4,4,2,4.94%,-4.94%,2,1,158,13,3,DET,NYM,3B,3B,,1
Mason Spurs,103,,Hudson Quin,58,742.0,LGO,,B5,1,3,6,2,-0.48%,0.48%,0,0,158,13,3,DET,NYM,LGO,LGO,,2
Sevag Vapor,106,433.0,Hudson Quin,58,512.0,1B,79.0,B5,2,3,6,2,0.73%,-0.73%,1,0,158,13,3,DET,NYM,1B,1B,,1
Lightning Balls,350,313.0,Hudson Quin,58,230.0,1B,83.0,B5,2,1,7,2,0.11%,-0.11%,0,0,158,13,3,DET,NYM,1B,1B,,1
Big Tuna,2091,720.0,Hudson Quin,58,979.0,FO,259.0,B5,2,5,7,2,-0.18%,0.18%,0,0,158,13,3,DET,NYM,FO,FO,,1
Chocolate Smegma,2107,501.0,Big Tuna,2091,989.0,LGO,488.0,T6,0,0,7,2,-0.40%,0.40%,0,0,159,13,3,NYM,DET,LGO,LGO,,1
Xavier Crowbar,2006,110.0,Big Tuna,2091,276.0,FO,166.0,T6,1,0,7,2,-0.22%,0.22%,0,0,159,13,3,NYM,DET,FO,FO,,1
Master Cashier,93,606.0,Big Tuna,2091,36.0,LGO,430.0,T6,2,0,7,2,-0.06%,0.06%,0,0,159,13,3,NYM,DET,LGO,LGO,,1
C.W. Mitzel,2127,622.0,Einhorn,74,262.0,K,360.0,T1,0,0,0,0,-2.51%,2.51%,0,0,160,14,3,MIN,ARI,K,K,,1
Mike Cal,2126,158.0,Einhorn,74,523.0,K,365.0,T1,1,0,0,0,-2.18%,2.18%,0,0,160,14,3,MIN,ARI,K,K,,1
Victor Justice,410,312.0,Einhorn,74,923.0,K,389.0,T1,2,0,0,0,-1.76%,1.76%,0,0,160,14,3,MIN,ARI,K,K,,1
Rico Veringhipster,2014,725.0,Sonny Streaker,2065,763.0,2B,38.0,B1,0,0,0,0,6.33%,-6.33%,0,1,161,14,3,ARI,MIN,2B,2B,,1
Brent Royal,2078,632.0,Sonny Streaker,2065,977.0,K,345.0,B1,0,2,0,0,-4.08%,4.08%,0,0,161,14,3,ARI,MIN,K,K,,1
Will Power,8,355.0,Sonny Streaker,2065,322.0,2B,33.0,B1,1,2,0,0,11.27%,-11.27%,1,1,161,14,3,ARI,MIN,2B,2B,,1
Assassin Panda,15,488.0,Sonny Streaker,2065,775.0,K,287.0,B1,1,2,1,0,-2.93%,2.93%,0,0,161,14,3,ARI,MIN,K,K,,1
Garren Smudge,133,42.0,Sonny Streaker,2065,113.0,1B,71.0,B1,2,2,1,0,9.16%,-9.16%,1,0,161,14,3,ARI,MIN,1B,1B,,1
S.K. Brettbug,2015,200.0,Sonny Streaker,2065,887.0,K,313.0,B1,2,1,2,0,-2.36%,2.36%,0,0,161,14,3,ARI,MIN,K,K,,1
Tater Tits,4,640.0,Einhorn,74,613.0,2B,27.0,T2,0,0,2,0,7.01%,-7.01%,0,1,162,14,3,MIN,ARI,2B,2B,,1
Twinkie Power,2128,864.0,Einhorn,74,639.0,FO,225.0,T2,0,2,2,0,-4.54%,4.54%,0,0,162,14,3,MIN,ARI,FO,FO,,1
Shiny Tenson,2124,414.0,Einhorn,74,415.0,HR,1.0,T2,1,2,2,0,18.64%,-18.64%,2,1,162,14,3,MIN,ARI,HR,HR,,1
Dark Bobman,359,780.0,Einhorn,74,876.0,1B,96.0,T2,1,0,2,2,2.57%,-2.57%,0,0,162,14,3,MIN,ARI,1B,1B,,1
"Jake ""JP"" Panik",267,105.0,Einhorn,74,927.0,FO,178.0,T2,1,1,2,2,-2.82%,2.82%,0,0,162,14,3,MIN,ARI,FO,FO,,1
Sonny Streaker,2065,326.0,Einhorn,74,813.0,LGO,487.0,T2,2,1,2,2,-4.14%,4.14%,0,0,162,14,3,MIN,ARI,LGO,LGO,,1
Garrett Ipnov,2136,233.0,Sonny Streaker,2065,112.0,1B,121.0,B2,0,0,2,2,2.94%,-2.94%,0,0,163,14,3,ARI,MIN,1B,1B,,1
Einhorn,74,594.0,Sonny Streaker,2065,3.0,DP,409.0,B2,0,1,2,2,-8.04%,8.04%,0,0,163,14,3,ARI,MIN,LGO,LGO,,1
Trey Rangers,224,360.0,Sonny Streaker,2065,775.0,LGO,415.0,B2,2,0,2,2,-2.03%,2.03%,0,0,163,14,3,ARI,MIN,LGO,LGO,,1
C.W. Mitzel,2127,239.0,Einhorn,74,751.0,LGO,488.0,T3,0,0,2,2,-3.03%,3.03%,0,0,164,14,3,MIN,ARI,LGO,LGO,,1
Mike Cal,2126,912.0,Einhorn,74,303.0,LGO,391.0,T3,1,0,2,2,-2.74%,2.74%,0,0,164,14,3,MIN,ARI,LGO,LGO,,1
Victor Justice,410,643.0,Einhorn,74,313.0,K,330.0,T3,2,0,2,2,-2.31%,2.31%,0,0,164,14,3,MIN,ARI,K,K,,1
Rico Veringhipster,2014,414.0,Sonny Streaker,2065,327.0,1B,87.0,B3,0,0,2,2,3.09%,-3.09%,0,0,165,14,3,ARI,MIN,1B,1B,,1
Brent Royal,2078,693.0,Sonny Streaker,2065,117.0,DP,424.0,B3,0,1,2,2,-8.93%,8.93%,0,0,165,14,3,ARI,MIN,LGO,LGO,,1
Will Power,8,813.0,Sonny Streaker,2065,977.0,BB,164.0,B3,2,0,2,2,2.37%,-2.37%,0,1,165,14,3,ARI,MIN,BB,BB,,1
Assassin Panda,15,866.0,Sonny Streaker,2065,887.0,HR,21.0,B3,2,1,2,2,26.73%,-26.73%,2,1,165,14,3,ARI,MIN,HR,HR,,1
Garren Smudge,133,187.0,Sonny Streaker,2065,117.0,1B,70.0,B3,2,0,4,2,0.98%,-0.98%,0,0,165,14,3,ARI,MIN,1B,1B,,1
S.K. Brettbug,2015,999.0,Sonny Streaker,2065,777.0,FO,222.0,B3,2,1,4,2,-2.03%,2.03%,0,0,165,14,3,ARI,MIN,FO,FO,,1
Tater Tits,4,538.0,Einhorn,74,999.0,LGO,461.0,T4,0,0,4,2,-3.22%,3.22%,0,0,166,14,3,MIN,ARI,LGO,LGO,,1
Twinkie Power,2128,481.0,Einhorn,74,538.0,2B,57.0,T4,1,0,4,2,6.08%,-6.08%,0,0,166,14,3,MIN,ARI,2B,2B,,1
Shiny Tenson,2124,650.0,Einhorn,74,201.0,LGO,449.0,T4,1,2,4,2,-5.15%,5.15%,0,0,166,14,3,MIN,ARI,LGO,LGO,,1
Dark Bobman,359,137.0,Einhorn,74,461.0,K,324.0,T4,2,2,4,2,-5.47%,5.47%,0,0,166,14,3,MIN,ARI,K,K,,1
Garrett Ipnov,2136,116.0,Sonny Streaker,2065,911.0,FO,205.0,B4,0,0,4,2,-1.07%,1.07%,0,0,167,14,3,ARI,MIN,FO,FO,,1
Einhorn,74,206.0,Sonny Streaker,2065,3.0,FO,203.0,B4,1,0,4,2,-0.97%,0.97%,0,0,167,14,3,ARI,MIN,FO,FO,,1
Trey Rangers,224,112.0,Sonny Streaker,2065,329.0,FO,217.0,B4,2,0,4,2,-0.86%,0.86%,0,0,167,14,3,ARI,MIN,FO,FO,,1
"Jake ""JP"" Panik",267,670.0,Einhorn,74,467.0,FO,203.0,T5,0,0,4,2,-3.57%,3.57%,0,0,168,14,3,MIN,ARI,FO,FO,,1
Sonny Streaker,2065,117.0,Einhorn,74,442.0,K,325.0,T5,1,0,4,2,-2.82%,2.82%,0,0,168,14,3,MIN,ARI,K,K,,1
C.W. Mitzel,2127,873.0,Einhorn,74,50.0,BB,177.0,T5,2,0,4,2,2.91%,-2.91%,0,0,168,14,3,MIN,ARI,BB,BB,,1
Mike Cal,2126,890.0,Einhorn,74,813.0,1B,77.0,T5,2,1,4,2,5.26%,-5.26%,0,0,168,14,3,MIN,ARI,1B,1B,,1
Victor Justice,410,714.0,Einhorn,74,389.0,K,325.0,T5,2,5,4,2,-10.10%,10.10%,0,0,168,14,3,MIN,ARI,K,K,,1
Tsar Zaar,274,12.0,Pablo Sanchez,120,449.0,LGO,437.0,B5,0,0,4,2,-0.67%,0.67%,0,0,169,14,3,ARI,MIN,LGO,LGO,,1
Brent Royal,2078,212.0,Pablo Sanchez,120,817.0,K,395.0,B5,1,0,4,2,-0.64%,0.64%,0,0,169,14,3,ARI,MIN,K,K,,1
I.M. Organic,2132,,Pablo Sanchez,120,,Auto K,,B5,2,0,4,2,-0.51%,0.51%,0,0,169,14,3,ARI,MIN,Auto K,Auto K,,9
Tater Tits,4,320.0,Syd Kidd,3,666.0,K,346.0,T6,0,0,4,2,-3.81%,3.81%,0,0,170,14,3,MIN,ARI,K,K,,1
Jack Marnette,213,418.0,Syd Kidd,3,185.0,FO,233.0,T6,1,0,4,2,-2.88%,2.88%,0,0,170,14,3,MIN,ARI,FO,FO,,1
Shiny Tenson,2124,919.0,Syd Kidd,3,399.0,LGO,480.0,T6,2,0,4,2,-1.67%,1.67%,0,0,170,14,3,MIN,ARI,LGO,LGO,,1
Lane Drew,190,369.0,Darth Vader,336,112.0,FO,257.0,T1,0,0,0,0,-2.51%,2.51%,0,0,171,15,3,TOR,PIT,FO,FO,,1
Graham Grams,400,358.0,Darth Vader,336,332.0,3B,26.0,T1,1,0,0,0,7.86%,-7.86%,0,0,171,15,3,TOR,PIT,3B,3B,,1
Quentin Adams,397,578.0,Darth Vader,336,154.0,PO,424.0,T1,1,3,0,0,-6.88%,6.88%,0,0,171,15,3,TOR,PIT,PO,PO,,1
Burt Maclin,2101,811.0,Darth Vader,336,446.0,K,365.0,T1,2,3,0,0,-4.92%,4.92%,0,0,171,15,3,TOR,PIT,K,K,,1
Cook Froster,2033,725.0,S.A.R. Dinka,395,734.0,3B,9.0,B1,0,0,0,0,9.82%,-9.82%,0,1,172,15,3,PIT,TOR,3B,3B,,1
Baxter Payne,2021,919.0,S.A.R. Dinka,395,537.0,RGO,382.0,B1,0,3,0,0,0.00%,0.00%,1,0,172,15,3,PIT,TOR,RGO,RGO,,1
Johnny Hopkins,2070,353.0,S.A.R. Dinka,395,212.0,BB,141.0,B1,1,0,1,0,1.59%,-1.59%,0,0,172,15,3,PIT,TOR,BB,BB,,1
Jameson Poe,310,462.0,S.A.R. Dinka,395,317.0,BB,145.0,B1,1,1,1,0,3.13%,-3.13%,0,0,172,15,3,PIT,TOR,BB,BB,,1
Darth Vader,336,657.0,S.A.R. Dinka,395,111.0,DP,454.0,B1,1,4,1,0,-7.96%,7.96%,0,0,172,15,3,PIT,TOR,LGO,LGO,,1
Mike Honcho,445,506.0,Darth Vader,336,585.0,1B,79.0,T2,0,0,1,0,3.46%,-3.46%,0,0,173,15,3,TOR,PIT,1B,1B,,1
Daz Reference,2114,372.0,Darth Vader,336,702.0,K,330.0,T2,0,1,1,0,-3.57%,3.57%,0,0,173,15,3,TOR,PIT,K,K,,1
Thomas Berry,446,510.0,Darth Vader,336,432.0,1B,78.0,T2,1,1,1,0,5.05%,-5.05%,0,0,173,15,3,TOR,PIT,1B,1B,,1
Ziggy Ceder,56,639.0,Darth Vader,336,206.0,DP,433.0,T2,1,4,1,0,-12.36%,12.36%,0,0,173,15,3,TOR,PIT,LGO,LGO,,1
Jimmy Johns,303,333.0,S.A.R. Dinka,395,932.0,LGO,401.0,B2,0,0,1,0,-2.00%,2.00%,0,0,174,15,3,PIT,TOR,LGO,LGO,,1
Lance Lummox,314,610.0,S.A.R. Dinka,395,500.0,1B,110.0,B2,1,0,1,0,1.78%,-1.78%,0,0,174,15,3,PIT,TOR,1B,1B,,1
Mike Anderson,2073,387.0,S.A.R. Dinka,395,14.0,DP,373.0,B2,1,1,1,0,-5.17%,5.17%,0,0,174,15,3,PIT,TOR,LGO,LGO,,1
S.A.R. Dinka,395,689.0,Darth Vader,336,704.0,HR,15.0,T3,0,0,1,0,15.07%,-15.07%,1,1,175,15,3,TOR,PIT,HR,HR,,1
Lane Drew,190,781.0,Darth Vader,336,272.0,LGO,491.0,T3,0,0,1,1,-3.03%,3.03%,0,0,175,15,3,TOR,PIT,LGO,LGO,,1
Graham Grams,400,715.0,Darth Vader,336,218.0,LGO,497.0,T3,1,0,1,1,-2.74%,2.74%,0,0,175,15,3,TOR,PIT,LGO,LGO,,1
Quentin Adams,397,696.0,Darth Vader,336,410.0,K,286.0,T3,2,0,1,1,-2.31%,2.31%,0,0,175,15,3,TOR,PIT,K,K,,1
Splash Nelson,312,1.0,S.A.R. Dinka,395,583.0,LGO,418.0,B3,0,0,1,1,-3.07%,3.07%,0,0,176,15,3,PIT,TOR,LGO,LGO,,1
Cook Froster,2033,29.0,S.A.R. Dinka,395,320.0,K,291.0,B3,1,0,1,1,-2.77%,2.77%,0,0,176,15,3,PIT,TOR,K,K,,1
Baxter Payne,2021,777.0,S.A.R. Dinka,395,681.0,1B,96.0,B3,2,0,1,1,2.37%,-2.37%,0,0,176,15,3,PIT,TOR,1B,1B,,1
Johnny Hopkins,2070,205.0,S.A.R. Dinka,395,986.0,FO,219.0,B3,2,1,1,1,-4.64%,4.64%,0,0,176,15,3,PIT,TOR,FO,FO,,1
Burt Maclin,2101,410.0,Darth Vader,336,187.0,FO,223.0,T4,0,0,1,1,-3.58%,3.58%,0,0,177,15,3,TOR,PIT,FO,FO,,1
Mike Honcho,445,398.0,Darth Vader,336,893.0,LGO,495.0,T4,1,0,1,1,-3.19%,3.19%,0,0,177,15,3,TOR,PIT,LGO,LGO,,1
Daz Reference,2114,5.0,Darth Vader,336,166.0,BB,161.0,T4,2,0,1,1,2.88%,-2.88%,0,0,177,15,3,TOR,PIT,BB,BB,,1
Thomas Berry,446,212.0,Darth Vader,336,599.0,LGO,387.0,T4,2,1,1,1,-5.63%,5.63%,0,0,177,15,3,TOR,PIT,LGO,LGO,,1
Jameson Poe,310,613.0,S.A.R. Dinka,395,190.0,LGO,423.0,B4,0,0,1,1,-3.43%,3.43%,0,0,178,15,3,PIT,TOR,LGO,LGO,,1
Darth Vader,336,302.0,S.A.R. Dinka,395,342.0,2B,40.0,B4,1,0,1,1,6.37%,-6.37%,0,1,178,15,3,PIT,TOR,2B,2B,,1
Jimmy Johns,303,410.0,S.A.R. Dinka,395,745.0,LGO,335.0,B4,1,2,1,1,-5.00%,5.00%,0,0,178,15,3,PIT,TOR,LGO,LGO,,1
Lance Lummox,314,55.0,S.A.R. Dinka,395,936.0,1B,119.0,B4,2,2,1,1,18.65%,-18.65%,1,1,178,15,3,PIT,TOR,1B,1B,,1
Mike Anderson,2073,16.0,S.A.R. Dinka,395,1000.0,2B,16.0,B4,2,1,2,1,11.43%,-11.43%,1,0,178,15,3,PIT,TOR,2B,2B,,1
Splash Nelson,312,111.0,S.A.R. Dinka,395,702.0,LGO,409.0,B4,2,2,3,1,-2.36%,2.36%,0,0,178,15,3,PIT,TOR,LGO,LGO,,1
Ziggy Ceder,56,589.0,Darth Vader,336,208.0,LGO,381.0,T5,0,0,3,1,-3.57%,3.57%,0,0,179,15,3,TOR,PIT,LGO,LGO,,1
S.A.R. Dinka,395,141.0,Darth Vader,336,919.0,FO,222.0,T5,1,0,3,1,-2.82%,2.82%,0,0,179,15,3,TOR,PIT,FO,FO,,1
Lane Drew,190,201.0,Darth Vader,336,460.0,FO,259.0,T5,2,0,3,1,-1.93%,1.93%,0,0,179,15,3,TOR,PIT,FO,FO,,1
Cook Froster,2033,269.0,S.A.R. Dinka,395,518.0,FO,249.0,B5,0,0,3,1,-0.67%,0.67%,0,0,180,15,3,PIT,TOR,FO,FO,,1
Baxter Payne,2021,141.0,S.A.R. Dinka,395,838.0,K,303.0,B5,1,0,3,1,-0.64%,0.64%,0,0,180,15,3,PIT,TOR,K,K,,1
Johnny Hopkins,2070,428.0,S.A.R. Dinka,395,792.0,LGO,364.0,B5,2,0,3,1,-0.51%,0.51%,0,0,180,15,3,PIT,TOR,LGO,LGO,,1
Graham Grams,400,286.0,Darth Vader,336,279.0,HR,7.0,T6,0,0,3,1,9.50%,-9.50%,1,1,181,15,3,TOR,PIT,HR,HR,,1
Quentin Adams,397,753.0,Darth Vader,336,382.0,K,371.0,T6,0,0,3,2,-6.73%,6.73%,0,0,181,15,3,TOR,PIT,K,K,,1
Burt Maclin,2101,111.0,Darth Vader,336,459.0,K,348.0,T6,1,0,3,2,-6.00%,6.00%,0,0,181,15,3,TOR,PIT,K,K,,1
Mike Honcho,445,166.0,Darth Vader,336,838.0,K,328.0,T6,2,0,3,2,-5.13%,5.13%,0,0,181,15,3,TOR,PIT,K,K,,1
Herrera O'Doubles,2055,790.0,Junks Tandem,3276,211.0,LGO,421.0,T1,0,0,0,0,-2.51%,2.51%,0,0,182,16,3,WAS,ATL,LGO,LGO,,1
Osmosis Jones,37,180.0,Junks Tandem,3276,902.0,FO,278.0,T1,1,0,0,0,-2.18%,2.18%,0,0,182,16,3,WAS,ATL,FO,FO,,1
Rusty LaRue,2203,303.0,Junks Tandem,3276,341.0,2B,38.0,T1,2,0,0,0,3.05%,-3.05%,0,1,182,16,3,WAS,ATL,2B,2B,,1
Humphrey Carter,2201,611.0,Junks Tandem,3276,633.0,3B,22.0,T1,2,2,0,0,12.04%,-12.04%,1,1,182,16,3,WAS,ATL,3B,3B,,1
Gene Hennig,2040,7.0,Junks Tandem,3276,112.0,1B,105.0,T1,2,3,0,1,9.54%,-9.54%,1,1,182,16,3,WAS,ATL,1B,1B,,1
Mylo Grams,396,7.0,Junks Tandem,3276,1.0,HR,6.0,T1,2,1,0,2,14.71%,-14.71%,2,1,182,16,3,WAS,ATL,HR,HR,,1
Bo Kinsella,2051,312.0,Junks Tandem,3276,353.0,2B,41.0,T1,2,0,0,4,1.50%,-1.50%,0,1,182,16,3,WAS,ATL,2B,2B,,1
Chad Barrett,2030,767.0,Junks Tandem,3276,811.0,2B,44.0,T1,2,2,0,4,4.60%,-4.60%,1,0,182,16,3,WAS,ATL,2B,2B,,1
Hudson Hildebrandt,284,564.0,Junks Tandem,3276,1.0,LGO,437.0,T1,2,2,0,5,-1.34%,1.34%,0,0,182,16,3,WAS,ATL,LGO,LGO,,1
Gil Metz,206,155.0,Hudson Hildebrandt,284,1.0,FO,154.0,B1,0,0,0,5,-1.45%,1.45%,0,0,183,16,3,ATL,WAS,FO,FO,,1
Phil Coulson,226,838.0,Hudson Hildebrandt,284,2.0,BB,164.0,B1,1,0,0,5,1.59%,-1.59%,0,0,183,16,3,ATL,WAS,BB,BB,,1
H.B. Boink,1988,3.0,Hudson Hildebrandt,284,500.0,DP,497.0,B1,1,1,0,5,-3.58%,3.58%,0,0,183,16,3,ATL,WAS,LGO,LGO,,1
Herrera O'Doubles,2055,945.0,Junks Tandem,3276,761.0,BB,184.0,T2,0,0,0,5,0.33%,-0.33%,0,0,184,16,3,WAS,ATL,BB,BB,,1
Osmosis Jones,37,127.0,Junks Tandem,3276,531.0,DP,404.0,T2,0,1,0,5,-1.35%,1.35%,0,0,184,16,3,WAS,ATL,LGO,LGO,,1
Rusty LaRue,2203,648.0,Junks Tandem,3276,722.0,1B,74.0,T2,2,0,0,5,0.35%,-0.35%,0,0,184,16,3,WAS,ATL,1B,1B,,1
Humphrey Carter,2201,212.0,Junks Tandem,3276,900.0,K,312.0,T2,2,1,0,5,-0.84%,0.84%,0,0,184,16,3,WAS,ATL,K,K,,1
Charles Lindberg,242,995.0,Hudson Hildebrandt,284,444.0,LGO,449.0,B2,0,0,0,5,-1.41%,1.41%,0,0,185,16,3,ATL,WAS,LGO,LGO,,1
Jake Blee,232,137.0,Hudson Hildebrandt,284,444.0,K,307.0,B2,1,0,0,5,-1.18%,1.18%,0,0,185,16,3,ATL,WAS,K,K,,1
C.J. Bastian,1989,738.0,Hudson Hildebrandt,284,1.0,FO,263.0,B2,2,0,0,5,-0.61%,0.61%,0,0,185,16,3,ATL,WAS,FO,FO,,1
Gene Hennig,2040,7.0,Junks Tandem,3276,911.0,1B,96.0,T3,0,0,0,5,0.46%,-0.46%,0,0,186,16,3,WAS,ATL,1B,1B,,1
Mylo Grams,396,517.0,Junks Tandem,3276,811.0,K,294.0,T3,0,1,0,5,-0.41%,0.41%,0,0,186,16,3,WAS,ATL,K,K,,1
Bo Kinsella,2051,513.0,Junks Tandem,3276,311.0,FO,202.0,T3,1,1,0,5,-0.56%,0.56%,0,0,186,16,3,WAS,ATL,FO,FO,,1
Chad Barrett,2030,111.0,Junks Tandem,3276,911.0,FO,200.0,T3,2,1,0,5,-0.71%,0.71%,0,0,186,16,3,WAS,ATL,FO,FO,,1
Junks Tandem,3276,69.0,Hudson Hildebrandt,284,321.0,K,252.0,B3,0,0,0,5,-1.40%,1.40%,0,0,187,16,3,ATL,WAS,K,K,,1
Forrest Gleeson,51,985.0,Hudson Hildebrandt,284,703.0,K,282.0,B3,1,0,0,5,-0.97%,0.97%,0,0,187,16,3,ATL,WAS,K,K,,1
Y.E. Wally,5,123.0,Hudson Hildebrandt,284,869.0,K,254.0,B3,2,0,0,5,-0.65%,0.65%,0,0,187,16,3,ATL,WAS,K,K,,1
Hudson Hildebrandt,284,611.0,Junks Tandem,3276,321.0,K,290.0,T4,0,0,0,5,-0.38%,0.38%,0,0,188,16,3,WAS,ATL,K,K,,1
Herrera O'Doubles,2055,411.0,Junks Tandem,3276,992.0,LGO,419.0,T4,1,0,0,5,-0.27%,0.27%,0,0,188,16,3,WAS,ATL,LGO,LGO,,1
Osmosis Jones,37,630.0,Junks Tandem,3276,481.0,1B,149.0,T4,2,0,0,5,0.22%,-0.22%,0,0,188,16,3,WAS,ATL,1B,1B,,1
Rusty LaRue,2203,671.0,Junks Tandem,3276,17.0,K,346.0,T4,2,1,0,5,-0.46%,0.46%,0,0,188,16,3,WAS,ATL,K,K,,1
Gil Metz,206,42.0,Hudson Hildebrandt,284,202.0,FO,160.0,B4,0,0,0,5,-1.24%,1.24%,0,0,189,16,3,ATL,WAS,FO,FO,,1
Phil Coulson,226,796.0,Hudson Hildebrandt,284,555.0,FO,241.0,B4,1,0,0,5,-0.82%,0.82%,0,0,189,16,3,ATL,WAS,FO,FO,,1
H.B. Boink,1988,897.0,Hudson Hildebrandt,284,796.0,1B,101.0,B4,2,0,0,5,0.70%,-0.70%,0,0,189,16,3,ATL,WAS,1B,1B,,1
Charles Lindberg,242,657.0,Hudson Hildebrandt,284,796.0,BB,139.0,B4,2,1,0,5,1.61%,-1.61%,0,0,189,16,3,ATL,WAS,BB,BB,,1
Jake Blee,232,794.0,Hudson Hildebrandt,284,1.0,FO,207.0,B4,2,4,0,5,-2.78%,2.78%,0,0,189,16,3,ATL,WAS,FO,FO,,1
Humphrey Carter,2201,582.0,Junks Tandem,3276,132.0,LGO,450.0,T5,0,0,0,5,-0.18%,0.18%,0,0,190,16,3,WAS,ATL,LGO,LGO,,1
Gene Hennig,2040,7.0,Junks Tandem,3276,851.0,BB,156.0,T5,1,0,0,5,0.11%,-0.11%,0,0,190,16,3,WAS,ATL,BB,BB,,1
Mylo Grams,396,311.0,Junks Tandem,3276,851.0,DP,460.0,T5,1,1,0,5,-0.43%,0.43%,0,0,190,16,3,WAS,ATL,LGO,LGO,,1
C.J. Bastian,1989,380.0,Hudson Hildebrandt,284,500.0,1B,120.0,B5,0,0,0,5,1.52%,-1.52%,0,0,191,16,3,ATL,WAS,1B,1B,,1
Junks Tandem,3276,7.0,Hudson Hildebrandt,284,703.0,K,304.0,B5,0,1,0,5,-1.43%,1.43%,0,0,191,16,3,ATL,WAS,K,K,,1
Forrest Gleeson,51,10.0,Hudson Hildebrandt,284,295.0,K,285.0,B5,1,1,0,5,-1.11%,1.11%,0,0,191,16,3,ATL,WAS,K,K,,1
Y.E. Wally,5,666.0,Hudson Hildebrandt,284,777.0,1B,111.0,B5,2,1,0,5,1.32%,-1.32%,0,0,191,16,3,ATL,WAS,1B,1B,,1
Gil Metz,206,777.0,Hudson Hildebrandt,284,418.0,PO,359.0,B5,2,5,0,5,-2.11%,2.11%,0,0,191,16,3,ATL,WAS,PO,PO,,1
Bo Kinsella,2051,502.0,Junks Tandem,3276,622.0,1B,120.0,T6,0,0,0,5,0.05%,-0.05%,0,0,192,16,3,WAS,ATL,1B,1B,,1
Chad Barrett,2030,421.0,Junks Tandem,3276,211.0,FO,210.0,T6,0,1,0,5,-0.07%,0.07%,0,0,192,16,3,WAS,ATL,FO,FO,,1
Bo Kinsella,2051,201.0,Junks Tandem,3276,812.0,CS,389.0,T6,1,1,0,5,-0.13%,0.13%,0,0,192,16,3,WAS,ATL,CS 2B,CS 2B,,4
Hudson Hildebrandt,284,303.0,Junks Tandem,3276,812.0,LGO,491.0,T6,2,0,0,5,-0.06%,0.06%,0,0,192,16,3,WAS,ATL,LGO,LGO,,1
Phil Coulson,226,343.0,Hudson Hildebrandt,284,1.0,LGO,342.0,B6,0,0,0,5,-0.56%,0.56%,0,0,193,16,3,ATL,WAS,LGO,LGO,,1
H.B. Boink,1988,2.0,Hudson Hildebrandt,284,800.0,FO,202.0,B6,1,0,0,5,-0.27%,0.27%,0,0,193,16,3,ATL,WAS,FO,FO,,1
Charles Lindberg,242,345.0,Hudson Hildebrandt,284,500.0,BB,155.0,B6,2,0,0,5,0.18%,-0.18%,0,0,193,16,3,ATL,WAS,BB,BB,,1
Jake Blee,232,210.0,Hudson Hildebrandt,284,420.0,FO,210.0,B6,2,1,0,5,-0.27%,0.27%,0,0,193,16,3,ATL,WAS,FO,FO,,1
Art Zyz,1982,861.0,Willoughby Hoose,112,7.0,BB,146.0,T1,0,0,0,0,2.91%,-2.91%,0,1,194,17,3,OAK,HOU,BB,BB,,1
Bobson Dugnutt,2096,199.0,Willoughby Hoose,112,123.0,1B,76.0,T1,0,1,0,0,5.56%,-5.56%,0,1,194,17,3,OAK,HOU,1B,1B,,1
Blue Moon Barthelemy,2025,222.0,Willoughby Hoose,112,457.0,FO,235.0,T1,0,4,0,0,-4.44%,4.44%,0,0,194,17,3,OAK,HOU,FO,FO,,1
Caleb VanVacter,2103,747.0,Willoughby Hoose,112,16.0,FO,269.0,T1,1,4,0,0,-3.93%,3.93%,0,0,194,17,3,OAK,HOU,FO,FO,,1
Graham Othrie,2139,747.0,Willoughby Hoose,112,805.0,2B,58.0,T1,2,4,0,0,20.64%,-20.64%,2,0,194,17,3,OAK,HOU,2B,2B,,1
Rick Gymnast,3283,469.0,Willoughby Hoose,112,84.0,PO,385.0,T1,2,2,0,2,-3.46%,3.46%,0,0,194,17,3,OAK,HOU,PO,PO,,1
Jimbo Fishy,1984,1.0,Sal Shark,2147,750.0,FO,251.0,B1,0,0,0,2,-2.74%,2.74%,0,0,195,17,3,HOU,OAK,FO,FO,,1
Rupert Apple,3280,150.0,Sal Shark,2147,560.0,LGO,410.0,B1,1,0,0,2,-2.20%,2.20%,0,0,195,17,3,HOU,OAK,LGO,LGO,,1
Lemmy Fraser,2166,412.0,Sal Shark,2147,270.0,BB,142.0,B1,2,0,0,2,2.14%,-2.14%,0,0,195,17,3,HOU,OAK,BB,BB,,1
Buck Cheeks,457,810.0,Sal Shark,2147,270.0,LGO,460.0,B1,2,1,0,2,-3.86%,3.86%,0,0,195,17,3,HOU,OAK,LGO,LGO,,1
Kid Notcher,429,819.0,Willoughby Hoose,112,309.0,LGO,490.0,T2,0,0,0,2,-1.70%,1.70%,0,0,196,17,3,OAK,HOU,LGO,LGO,,1
Boaty McBoatface,2095,500.0,Willoughby Hoose,112,783.0,FO,283.0,T2,1,0,0,2,-1.52%,1.52%,0,0,196,17,3,OAK,HOU,FO,FO,,1
Sal Shark,2147,150.0,Willoughby Hoose,112,934.0,FO,216.0,T2,2,0,0,2,-1.37%,1.37%,0,0,196,17,3,OAK,HOU,FO,FO,,1
Jay Money,241,490.0,Sal Shark,2147,642.0,BB,152.0,B2,0,0,0,2,3.60%,-3.60%,0,0,197,17,3,HOU,OAK,BB,BB,,1
Jasper Orbit,1983,,Sal Shark,2147,,Auto K,,B2,0,1,0,2,-3.56%,3.56%,0,0,197,17,3,HOU,OAK,Auto K,Auto K,,9
Triston Uzumaki,125,152.0,Sal Shark,2147,815.0,PO,337.0,B2,1,1,0,2,-3.32%,3.32%,0,0,197,17,3,HOU,OAK,PO,PO,,1
Jacques Blaque,2202,428.0,Sal Shark,2147,485.0,1B,57.0,B2,2,1,0,2,3.76%,-3.76%,0,0,197,17,3,HOU,OAK,1B,1B,,1
Willoughby Hoose,112,168.0,Sal Shark,2147,960.0,FO,208.0,B2,2,5,0,2,-7.87%,7.87%,0,0,197,17,3,HOU,OAK,FO,FO,,1
Art Zyz,1982,216.0,Willoughby Hoose,112,105.0,1B,111.0,T3,0,0,0,2,1.74%,-1.74%,0,0,198,17,3,OAK,HOU,1B,1B,,1
Bobson Dugnutt,2096,640.0,Willoughby Hoose,112,735.0,1B,95.0,T3,0,1,0,2,3.39%,-3.39%,0,0,198,17,3,OAK,HOU,1B,1B,,1
Blue Moon Barthelemy,2025,222.0,Willoughby Hoose,112,896.0,K,326.0,T3,0,4,0,2,-2.86%,2.86%,0,0,198,17,3,OAK,HOU,K,K,,1
Caleb VanVacter,2103,12.0,Willoughby Hoose,112,468.0,DP,456.0,T3,1,4,0,2,-6.85%,6.85%,0,0,198,17,3,OAK,HOU,LGO,LGO,,1
Jimbo Fishy,1984,256.0,Sal Shark,2147,275.0,2B,19.0,B3,0,0,0,2,8.43%,-8.43%,0,0,199,17,3,HOU,OAK,2B,2B,,1
Rupert Apple,3280,175.0,Sal Shark,2147,950.0,FO,225.0,B3,0,2,0,2,-5.50%,5.50%,0,0,199,17,3,HOU,OAK,FO,FO,,1
Lemmy Fraser,2166,719.0,Sal Shark,2147,300.0,LGO,419.0,B3,1,2,0,2,-5.10%,5.10%,0,0,199,17,3,HOU,OAK,LGO,LGO,,1
Buck Cheeks,457,710.0,Sal Shark,2147,1.0,FO,291.0,B3,2,2,0,2,-5.96%,5.96%,0,0,199,17,3,HOU,OAK,FO,FO,,1
Graham Othrie,2139,863.0,Willoughby Hoose,112,379.0,LGO,484.0,T4,0,0,0,2,-1.53%,1.53%,0,0,200,17,3,OAK,HOU,LGO,LGO,,1
Rick Gymnast,3283,701.0,Willoughby Hoose,112,934.0,FO,233.0,T4,1,0,0,2,-1.44%,1.44%,0,0,200,17,3,OAK,HOU,FO,FO,,1
Kid Notcher,429,814.0,Willoughby Hoose,112,94.0,FO,280.0,T4,2,0,0,2,-1.26%,1.26%,0,0,200,17,3,OAK,HOU,FO,FO,,1
Jay Money,241,35.0,Sal Shark,2147,675.0,PO,360.0,B4,0,0,0,2,-3.76%,3.76%,0,0,201,17,3,HOU,OAK,PO,PO,,1
Jasper Orbit,1983,400.0,Sal Shark,2147,960.0,LGO,440.0,B4,1,0,0,2,-3.09%,3.09%,0,0,201,17,3,HOU,OAK,LGO,LGO,,1
Triston Uzumaki,125,232.0,Sal Shark,2147,960.0,FO,272.0,B4,2,0,0,2,-2.26%,2.26%,0,0,201,17,3,HOU,OAK,FO,FO,,1
Boaty McBoatface,2095,350.0,Willoughby Hoose,112,183.0,BB,167.0,T5,0,0,0,2,1.17%,-1.17%,0,0,202,17,3,OAK,HOU,BB,BB,,1
Sal Shark,2147,150.0,Willoughby Hoose,112,718.0,PO,432.0,T5,0,1,0,2,-1.59%,1.59%,0,0,202,17,3,OAK,HOU,PO,PO,,1
Art Zyz,1982,697.0,Willoughby Hoose,112,546.0,BB,151.0,T5,1,1,0,2,1.91%,-1.91%,0,0,202,17,3,OAK,HOU,BB,BB,,1
Bobson Dugnutt,2096,595.0,Willoughby Hoose,112,6.0,DP,411.0,T5,1,4,0,2,-5.12%,5.12%,0,0,202,17,3,OAK,HOU,LGO,LGO,,1
Jacques Blaque,2202,,Sal Shark,2147,,Auto K,,B5,0,0,0,2,-4.27%,4.27%,0,0,203,17,3,HOU,OAK,Auto K,Auto K,,9
Willoughby Hoose,112,561.0,Sal Shark,2147,870.0,K,309.0,B5,1,0,0,2,-3.45%,3.45%,0,0,203,17,3,HOU,OAK,K,K,,1
Jimbo Fishy,1984,987.0,Sal Shark,2147,500.0,LGO,487.0,B5,2,0,0,2,-2.42%,2.42%,0,0,203,17,3,HOU,OAK,LGO,LGO,,1
Blue Moon Barthelemy,2025,650.0,Willoughby Hoose,112,889.0,FO,239.0,T6,0,0,0,2,-0.82%,0.82%,0,0,204,17,3,OAK,HOU,FO,FO,,1
Caleb VanVacter,2103,17.0,Willoughby Hoose,112,63.0,2B,46.0,T6,1,0,0,2,1.52%,-1.52%,0,1,204,17,3,OAK,HOU,2B,2B,,1
Graham Othrie,2139,614.0,Willoughby Hoose,112,901.0,K,287.0,T6,1,2,0,2,-1.19%,1.19%,0,0,204,17,3,OAK,HOU,K,K,,1
Rick Gymnast,3283,254.0,Willoughby Hoose,112,354.0,1B,100.0,T6,2,2,0,2,4.58%,-4.58%,1,0,204,17,3,OAK,HOU,1B,1B,,1
Kid Notcher,429,668.0,Willoughby Hoose,112,455.0,FO,213.0,T6,2,1,0,3,-0.61%,0.61%,0,0,204,17,3,OAK,HOU,FO,FO,,1
Rupert Apple,3280,975.0,Sal Shark,2147,196.0,FO,221.0,B6,0,0,0,3,-2.48%,2.48%,0,0,205,17,3,HOU,OAK,FO,FO,,1
Lemmy Fraser,2166,813.0,Sal Shark,2147,370.0,LGO,443.0,B6,1,0,0,3,-1.65%,1.65%,0,0,205,17,3,HOU,OAK,LGO,LGO,,1
Buck Cheeks,457,917.0,Sal Shark,2147,875.0,HR,42.0,B6,2,0,0,3,1.45%,-1.45%,1,1,205,17,3,HOU,OAK,HR,HR,,1
Jay Money,241,609.0,Sal Shark,2147,940.0,PO,331.0,B6,2,0,1,3,-2.16%,2.16%,0,0,205,17,3,HOU,OAK,PO,PO,,1
Whit Merto,162,185.0,Cy Hadd,3295,736.0,LGO,449.0,T1,0,0,0,0,-2.51%,2.51%,0,0,206,18,3,BAL,PHI,LGO,LGO,,1
Clipper Charge,171,616.0,Cy Hadd,3295,445.0,BB,171.0,T1,1,0,0,0,2.43%,-2.43%,0,0,206,18,3,BAL,PHI,BB,BB,,1
Randy Nummer,2066,699.0,Cy Hadd,3295,897.0,FO,198.0,T1,1,1,0,0,-2.63%,2.63%,0,0,206,18,3,BAL,PHI,FO,FO,,1
Sam Smith,158,327.0,Cy Hadd,3295,897.0,PO,430.0,T1,2,1,0,0,-3.74%,3.74%,0,0,206,18,3,BAL,PHI,PO,PO,,1
Kyle Mack,2011,853.0,Rob Pancakes,1966,471.0,PO,382.0,B1,0,0,0,0,-2.48%,2.48%,0,0,207,18,3,PHI,BAL,PO,PO,,1
Conrad Love,300,6.0,Rob Pancakes,1966,112.0,1B,106.0,B1,1,0,0,0,2.28%,-2.28%,0,0,207,18,3,PHI,BAL,1B,1B,,1
Martin Barnar,2088,54.0,Rob Pancakes,1966,398.0,K,344.0,B1,1,1,0,0,-2.55%,2.55%,0,0,207,18,3,PHI,BAL,K,K,,1
KC Bats,287,606.0,Rob Pancakes,1966,222.0,K,384.0,B1,2,1,0,0,-3.69%,3.69%,0,0,207,18,3,PHI,BAL,K,K,,1
Indy Sayne,151,380.0,Cy Hadd,3295,344.0,2B,36.0,T2,0,0,0,0,6.81%,-6.81%,0,1,208,18,3,BAL,PHI,2B,2B,,1
Johnny Dickshot,233,565.0,Cy Hadd,3295,23.0,LGO,458.0,T2,0,2,0,0,-4.42%,4.42%,0,0,208,18,3,BAL,PHI,LGO,LGO,,1
Bernie Petrol,1972,765.0,Cy Hadd,3295,756.0,HR,9.0,T2,1,2,0,0,19.86%,-19.86%,2,1,208,18,3,BAL,PHI,HR,HR,,1
Aaron Range,3290,131.0,Cy Hadd,3295,440.0,K,309.0,T2,1,0,0,2,-1.52%,1.52%,0,0,208,18,3,BAL,PHI,K,K,,1
Rob Pancakes,1966,810.0,Cy Hadd,3295,274.0,LGO,464.0,T2,2,0,0,2,-1.37%,1.37%,0,0,208,18,3,BAL,PHI,LGO,LGO,,1
Ronald Eagle Sr.,167,301.0,Rob Pancakes,1966,600.0,FO,299.0,B2,0,0,0,2,-2.94%,2.94%,0,0,209,18,3,PHI,BAL,FO,FO,,1
Ross Fire,47,380.0,Rob Pancakes,1966,461.0,1B,81.0,B2,1,0,0,2,2.98%,-2.98%,0,1,209,18,3,PHI,BAL,1B,1B,,1
Hunter Tuzero,346,51.0,Rob Pancakes,1966,944.0,BB,107.0,B2,1,1,0,2,5.26%,-5.26%,0,1,209,18,3,PHI,BAL,BB,BB,,1
Cy Hadd,3295,99.0,Rob Pancakes,1966,944.0,BB,155.0,B2,1,4,0,2,10.04%,-10.04%,0,0,209,18,3,PHI,BAL,BB,BB,,1
Conor McRedgor,2039,540.0,Rob Pancakes,1966,710.0,BB,170.0,B2,1,7,0,2,11.89%,-11.89%,1,0,209,18,3,PHI,BAL,BB,BB,,1
Kyle Mack,2011,219.0,Rob Pancakes,1966,421.0,Sac,202.0,B2,1,7,1,2,-0.88%,0.88%,1,0,209,18,3,PHI,BAL,FO,FO,,1
Conrad Love,300,112.0,Rob Pancakes,1966,681.0,PO,431.0,B2,2,4,2,2,-7.01%,7.01%,0,0,209,18,3,PHI,BAL,PO,PO,,1
Whit Merto,162,244.0,Cy Hadd,3295,644.0,LGO,400.0,T3,0,0,2,2,-3.03%,3.03%,0,0,210,18,3,BAL,PHI,LGO,LGO,,1
Clipper Charge,171,543.0,Cy Hadd,3295,702.0,BB,159.0,T3,1,0,2,2,2.77%,-2.77%,0,1,210,18,3,BAL,PHI,BB,BB,,1
Randy Nummer,2066,372.0,Cy Hadd,3295,356.0,HR,16.0,T3,1,1,2,2,25.27%,-25.27%,2,1,210,18,3,BAL,PHI,HR,HR,,1
Sam Smith,158,746.0,Cy Hadd,3295,833.0,1B,87.0,T3,1,0,2,4,1.43%,-1.43%,0,0,210,18,3,BAL,PHI,1B,1B,,1
Indy Sayne,151,444.0,Cy Hadd,3295,833.0,DP,389.0,T3,1,1,2,4,-4.29%,4.29%,0,0,210,18,3,BAL,PHI,LGO,LGO,,1
Martin Barnar,2088,674.0,Rob Pancakes,1966,737.0,2B,63.0,B3,0,0,2,4,8.43%,-8.43%,0,1,211,18,3,PHI,BAL,2B,2B,,1
KC Bats,287,492.0,Rob Pancakes,1966,333.0,BB,159.0,B3,0,2,2,4,3.65%,-3.65%,0,1,211,18,3,PHI,BAL,BB,BB,,1
Ronald Eagle Sr.,167,736.0,Rob Pancakes,1966,811.0,1B,75.0,B3,0,4,2,4,12.69%,-12.69%,0,1,211,18,3,PHI,BAL,1B,1B,,1
Ross Fire,47,760.0,Rob Pancakes,1966,755.0,HR,5.0,B3,0,7,2,4,31.13%,-31.13%,4,1,211,18,3,PHI,BAL,HR,HR,,1
Hunter Tuzero,346,951.0,Rob Pancakes,1966,69.0,BB,118.0,B3,0,0,6,4,1.15%,-1.15%,0,0,211,18,3,PHI,BAL,BB,BB,,1
Cy Hadd,3295,550.0,Rob Pancakes,1966,295.0,FO,255.0,B3,0,1,6,4,-1.40%,1.40%,0,0,211,18,3,PHI,BAL,FO,FO,,1
Conor McRedgor,2039,210.0,Rob Pancakes,1966,745.0,DP,465.0,B3,1,1,6,4,-3.21%,3.21%,0,0,211,18,3,PHI,BAL,LGO,LGO,,1
Johnny Dickshot,233,833.0,Cy Hadd,3295,799.0,2B,34.0,T4,0,0,6,4,8.55%,-8.55%,0,0,212,18,3,BAL,PHI,2B,2B,,1
Bernie Petrol,1972,237.0,Cy Hadd,3295,901.0,K,336.0,T4,0,2,6,4,-5.69%,5.69%,0,0,212,18,3,BAL,PHI,K,K,,1
Aaron Range,3290,793.0,Cy Hadd,3295,577.0,FO,216.0,T4,1,2,6,4,-5.15%,5.15%,0,0,212,18,3,BAL,PHI,FO,FO,,1
Rob Pancakes,1966,810.0,Cy Hadd,3295,32.0,FO,222.0,T4,2,2,6,4,-5.47%,5.47%,0,0,212,18,3,BAL,PHI,FO,FO,,1
Kyle Mack,2011,833.0,Rob Pancakes,1966,111.0,FO,278.0,B4,0,0,6,4,-1.07%,1.07%,0,0,213,18,3,PHI,BAL,FO,FO,,1
Conrad Love,300,397.0,Rob Pancakes,1966,745.0,K,348.0,B4,1,0,6,4,-0.97%,0.97%,0,0,213,18,3,PHI,BAL,K,K,,1
Jay Lupp,3278,628.0,Rob Pancakes,1966,644.0,3B,16.0,B4,2,0,6,4,1.36%,-1.36%,0,0,213,18,3,PHI,BAL,3B,3B,,1
KC Bats,287,312.0,Rob Pancakes,1966,965.0,K,347.0,B4,2,3,6,4,-2.22%,2.22%,0,0,213,18,3,PHI,BAL,K,K,,1
Whit Merto,162,698.0,Cy Hadd,3295,663.0,2B,35.0,T5,0,0,6,4,9.20%,-9.20%,0,0,214,18,3,BAL,PHI,2B,2B,,1
Clipper Charge,171,523.0,Cy Hadd,3295,377.0,BB,146.0,T5,0,2,6,4,5.83%,-5.83%,0,0,214,18,3,BAL,PHI,BB,BB,,1
Randy Nummer,2066,908.0,Cy Hadd,3295,209.0,FO,301.0,T5,0,4,6,4,-6.82%,6.82%,0,0,214,18,3,BAL,PHI,FO,FO,,1
Sam Smith,158,722.0,Cy Hadd,3295,433.0,K,289.0,T5,1,4,6,4,-6.72%,6.72%,0,0,214,18,3,BAL,PHI,K,K,,1
Indy Sayne,151,833.0,Cy Hadd,3295,331.0,LGO,498.0,T5,2,4,6,4,-9.81%,9.81%,0,0,214,18,3,BAL,PHI,LGO,LGO,,1
Ronald Eagle Sr.,167,736.0,Rob Pancakes,1966,412.0,K,324.0,B5,0,0,6,4,-0.67%,0.67%,0,0,215,18,3,PHI,BAL,K,K,,1
Ross Fire,47,412.0,Rob Pancakes,1966,297.0,1B,115.0,B5,1,0,6,4,0.55%,-0.55%,0,1,215,18,3,PHI,BAL,1B,1B,,1
Hunter Tuzero,346,400.0,Rob Pancakes,1966,519.0,BB,119.0,B5,1,1,6,4,0.86%,-0.86%,0,1,215,18,3,PHI,BAL,BB,BB,,1
Cy Hadd,3295,756.0,Rob Pancakes,1966,768.0,HR,12.0,B5,1,4,6,4,5.22%,-5.22%,3,1,215,18,3,PHI,BAL,HR,HR,,1
Conor McRedgor,2039,437.0,Rob Pancakes,1966,333.0,1B,104.0,B5,1,0,9,4,0.05%,-0.05%,0,0,215,18,3,PHI,BAL,1B,1B,,1
Kyle Mack,2011,69.0,Rob Pancakes,1966,567.0,DP,498.0,B5,1,1,9,4,-0.15%,0.15%,0,0,215,18,3,PHI,BAL,LGO,LGO,,1
Johnny Dickshot,233,217.0,Oliver Yu,286,783.0,LGO,434.0,T6,0,0,9,4,-0.40%,0.40%,0,0,216,18,3,BAL,PHI,LGO,LGO,,1
Bernie Petrol,1972,833.0,Oliver Yu,286,693.0,BB,140.0,T6,1,0,9,4,0.45%,-0.45%,0,0,216,18,3,BAL,PHI,BB,BB,,1
Ludd Van Shark,1968,648.0,Oliver Yu,286,815.0,FO,167.0,T6,1,1,9,4,-0.53%,0.53%,0,0,216,18,3,BAL,PHI,FO,FO,,1
Rob Pancakes,1966,9.0,Oliver Yu,286,780.0,FO,229.0,T6,2,1,9,4,-0.20%,0.20%,0,0,216,18,3,BAL,PHI,FO,FO,,1
Gene Hennig,2040,733.0,Rob Pancakes,1966,309.0,LGO,424.0,T1,0,0,0,0,-2.51%,2.51%,0,0,217,19,4,WAS,BAL,LGO,LGO,,1
Mylo Grams,396,763.0,Rob Pancakes,1966,962.0,BB,199.0,T1,1,0,0,0,2.43%,-2.43%,0,0,217,19,4,WAS,BAL,BB,BB,,1
Donnie Lindsanity,2052,622.0,Rob Pancakes,1966,210.0,K,412.0,T1,1,1,0,0,-2.63%,2.63%,0,0,217,19,4,WAS,BAL,K,K,,1
Bo Kinsella,2051,410.0,Rob Pancakes,1966,565.0,BB,155.0,T1,2,1,0,0,2.81%,-2.81%,0,0,217,19,4,WAS,BAL,BB,BB,,1
Chad Barrett,2030,97.0,Rob Pancakes,1966,371.0,FO,274.0,T1,2,4,0,0,-6.55%,6.55%,0,0,217,19,4,WAS,BAL,FO,FO,,1
Whit Merto,162,838.0,Hudson Hildebrandt,284,309.0,LGO,471.0,B1,0,0,0,0,-2.48%,2.48%,0,0,218,19,4,BAL,WAS,LGO,LGO,,1
Clipper Charge,171,309.0,Hudson Hildebrandt,284,712.0,LGO,403.0,B1,1,0,0,0,-2.17%,2.17%,0,0,218,19,4,BAL,WAS,LGO,LGO,,1
Randy Nummer,2066,415.0,Hudson Hildebrandt,284,420.0,HR,5.0,B1,2,0,0,0,12.67%,-12.67%,1,1,218,19,4,BAL,WAS,HR,HR,,1
Sam Smith,158,822.0,Hudson Hildebrandt,284,500.0,K,322.0,B1,2,0,1,0,-1.44%,1.44%,0,0,218,19,4,BAL,WAS,K,K,,1
Osmosis Jones,37,500.0,Rob Pancakes,1966,13.0,LGO,487.0,T2,0,0,1,0,-2.95%,2.95%,0,0,219,19,4,WAS,BAL,LGO,LGO,,1
Herrera O'Doubles,2055,745.0,Rob Pancakes,1966,1.0,FO,256.0,T2,1,0,1,0,-2.51%,2.51%,0,0,219,19,4,WAS,BAL,FO,FO,,1
Larry Wayne,2053,23.0,Rob Pancakes,1966,309.0,K,286.0,T2,2,0,1,0,-1.96%,1.96%,0,0,219,19,4,WAS,BAL,K,K,,1
Indy Sayne,151,499.0,Hudson Hildebrandt,284,703.0,FO,204.0,B2,0,0,1,0,-2.00%,2.00%,0,0,220,19,4,BAL,WAS,FO,FO,,1
Bernie Petrol,1972,813.0,Hudson Hildebrandt,284,1.0,FO,188.0,B2,1,0,1,0,-1.83%,1.83%,0,0,220,19,4,BAL,WAS,FO,FO,,1
Johnny Dickshot,233,999.0,Hudson Hildebrandt,284,808.0,FO,191.0,B2,2,0,1,0,-1.56%,1.56%,0,0,220,19,4,BAL,WAS,FO,FO,,1
Jason Girth,2143,612.0,Rob Pancakes,1966,591.0,HR,21.0,T3,0,0,1,0,15.07%,-15.07%,1,1,221,19,4,WAS,BAL,HR,HR,,1
Gene Hennig,2040,955.0,Rob Pancakes,1966,712.0,FO,243.0,T3,0,0,1,1,-3.03%,3.03%,0,0,221,19,4,WAS,BAL,FO,FO,,1
Mylo Grams,396,6.0,Rob Pancakes,1966,231.0,FO,225.0,T3,1,0,1,1,-2.74%,2.74%,0,0,221,19,4,WAS,BAL,FO,FO,,1
Donnie Lindsanity,2052,15.0,Rob Pancakes,1966,201.0,BB,186.0,T3,2,0,1,1,2.50%,-2.50%,0,0,221,19,4,WAS,BAL,BB,BB,,1
Bo Kinsella,2051,618.0,Rob Pancakes,1966,812.0,FO,194.0,T3,2,1,1,1,-4.81%,4.81%,0,0,221,19,4,WAS,BAL,FO,FO,,1
Ludd Van Shark,1968,418.0,Hudson Hildebrandt,284,303.0,1B,115.0,B3,0,0,1,1,3.09%,-3.09%,0,0,222,19,4,BAL,WAS,1B,1B,,1
Aaron Range,3290,,Hudson Hildebrandt,284,,Auto K,,B3,0,1,1,1,-3.46%,3.46%,0,0,222,19,4,BAL,WAS,Auto K,Auto K,,9
Whit Merto,162,529.0,Hudson Hildebrandt,284,202.0,DP,327.0,B3,1,1,1,1,-7.74%,7.74%,0,0,222,19,4,BAL,WAS,LGO,LGO,,1
Chad Barrett,2030,824.0,Rob Pancakes,1966,773.0,2B,51.0,T4,0,0,1,1,8.83%,-8.83%,0,0,223,19,4,WAS,BAL,2B,2B,,1
Osmosis Jones,37,1.0,Rob Pancakes,1966,291.0,FO,290.0,T4,0,2,1,1,-5.95%,5.95%,0,0,223,19,4,WAS,BAL,FO,FO,,1
Herrera O'Doubles,2055,150.0,Rob Pancakes,1966,638.0,LGO,488.0,T4,1,2,1,1,-5.19%,5.19%,0,0,223,19,4,WAS,BAL,LGO,LGO,,1
Larry Wayne,2053,50.0,Rob Pancakes,1966,462.0,K,412.0,T4,2,2,1,1,-7.21%,7.21%,0,0,223,19,4,WAS,BAL,K,K,,1
Clipper Charge,171,530.0,Hudson Hildebrandt,284,1.0,LGO,471.0,B4,0,0,1,1,-3.43%,3.43%,0,0,224,19,4,BAL,WAS,LGO,LGO,,1
Randy Nummer,2066,888.0,Hudson Hildebrandt,284,1.0,1B,113.0,B4,1,0,1,1,2.66%,-2.66%,0,0,224,19,4,BAL,WAS,1B,1B,,1
Sam Smith,158,501.0,Hudson Hildebrandt,284,750.0,FO,249.0,B4,1,1,1,1,-3.18%,3.18%,0,0,224,19,4,BAL,WAS,FO,FO,,1
Indy Sayne,151,307.0,Hudson Hildebrandt,284,1.0,PO,306.0,B4,2,1,1,1,-5.52%,5.52%,0,0,224,19,4,BAL,WAS,PO,PO,,1
Jason Girth,2143,576.0,Rob Pancakes,1966,205.0,K,371.0,T5,0,0,1,1,-4.31%,4.31%,0,0,225,19,4,WAS,BAL,K,K,,1
Gene Hennig,2040,703.0,Rob Pancakes,1966,19.0,K,316.0,T5,1,0,1,1,-3.90%,3.90%,0,0,225,19,4,WAS,BAL,K,K,,1
Mylo Grams,396,685.0,Rob Pancakes,1966,421.0,FO,264.0,T5,2,0,1,1,-3.51%,3.51%,0,0,225,19,4,WAS,BAL,FO,FO,,1
Bernie Petrol,1972,857.0,Hudson Hildebrandt,284,408.0,LGO,449.0,B5,0,0,1,1,-4.12%,4.12%,0,0,226,19,4,BAL,WAS,LGO,LGO,,1
Johnny Dickshot,233,1000.0,Hudson Hildebrandt,284,738.0,K,262.0,B5,1,0,1,1,-3.89%,3.89%,0,0,226,19,4,BAL,WAS,K,K,,1
Ludd Van Shark,1968,867.0,Hudson Hildebrandt,284,1.0,BB,134.0,B5,2,0,1,1,3.18%,-3.18%,0,0,226,19,4,BAL,WAS,BB,BB,,1
Clark Web,3285,,Hudson Hildebrandt,284,,Auto K,,B5,2,1,1,1,-6.86%,6.86%,0,0,226,19,4,BAL,WAS,Auto K,Auto K,,9
Donnie Lindsanity,2052,211.0,Rob Pancakes,1966,920.0,K,291.0,T6,0,0,1,1,-5.44%,5.44%,0,0,227,19,4,WAS,BAL,K,K,,1
Bo Kinsella,2051,330.0,Rob Pancakes,1966,361.0,2B,31.0,T6,1,0,1,1,9.83%,-9.83%,0,1,227,19,4,WAS,BAL,2B,2B,,1
Chad Barrett,2030,247.0,Rob Pancakes,1966,401.0,BB,154.0,T6,1,2,1,1,0.60%,-0.60%,0,0,227,19,4,WAS,BAL,BB,BB,,1
Osmosis Jones,37,915.0,Rob Pancakes,1966,702.0,FO,213.0,T6,1,4,1,1,-6.53%,6.53%,0,0,227,19,4,WAS,BAL,FO,FO,,1
Herrera O'Doubles,2055,300.0,Rob Pancakes,1966,230.0,1B,70.0,T6,2,4,1,1,33.29%,-33.29%,1,0,227,19,4,WAS,BAL,1B,1B,,1
Larry Wayne,2053,33.0,Rob Pancakes,1966,271.0,FO,238.0,T6,2,5,1,2,-4.45%,4.45%,0,0,227,19,4,WAS,BAL,FO,FO,,1
Whit Merto,162,839.0,Hudson Hildebrandt,284,927.0,1B,88.0,B6,0,0,1,2,8.33%,-8.33%,0,0,228,19,4,BAL,WAS,1B,1B,,1
Clipper Charge,171,446.0,Hudson Hildebrandt,284,730.0,K,284.0,B6,0,1,1,2,-9.27%,9.27%,0,0,228,19,4,BAL,WAS,K,K,,1
Randy Nummer,2066,246.0,Jay Bedia,2151,616.0,K,370.0,B6,1,1,1,2,-7.88%,7.88%,0,0,228,19,4,BAL,WAS,K,K,,1
Sam Smith,158,497.0,Jay Bedia,2151,315.0,FO,182.0,B6,2,1,1,2,-13.92%,13.92%,0,0,228,19,4,BAL,WAS,FO,FO,,1
BB Bambino Jr.,115,681.0,Oliver Yu,286,480.0,FO,201.0,T1,0,0,0,0,-2.51%,2.51%,0,0,229,20,4,DET,PHI,FO,FO,,1
Casey Nine,101,702.0,Oliver Yu,286,211.0,LGO,491.0,T1,1,0,0,0,-2.18%,2.18%,0,0,229,20,4,DET,PHI,LGO,LGO,,1
Morris Deratt,104,765.0,Oliver Yu,286,907.0,BB,142.0,T1,2,0,0,0,1.98%,-1.98%,0,1,229,20,4,DET,PHI,BB,BB,,1
Valentino Rollin,2089,848.0,Oliver Yu,286,738.0,1B,110.0,T1,2,1,0,0,2.83%,-2.83%,0,0,229,20,4,DET,PHI,1B,1B,,1
Otis Nixon Sr.,107,420.0,Oliver Yu,286,520.0,1B,100.0,T1,2,5,0,0,11.42%,-11.42%,1,0,229,20,4,DET,PHI,1B,1B,,1
King Fielder,222,117.0,Oliver Yu,286,810.0,K,307.0,T1,2,5,0,1,-5.61%,5.61%,0,0,229,20,4,DET,PHI,K,K,,1
Ross Fire,47,88.0,Big Tuna,2091,66.0,2B,22.0,B1,0,0,0,1,7.04%,-7.04%,0,0,230,20,4,PHI,DET,2B,2B,,1
Jay Lupp,3278,428.0,Big Tuna,2091,977.0,LGO,451.0,B1,0,2,0,1,-4.86%,4.86%,0,0,230,20,4,PHI,DET,LGO,LGO,,1
Conrad Love,300,673.0,Big Tuna,2091,102.0,LGO,429.0,B1,1,2,0,1,-3.80%,3.80%,0,0,230,20,4,PHI,DET,LGO,LGO,,1
Hunter Tuzero,346,425.0,Big Tuna,2091,797.0,K,372.0,B1,2,2,0,1,-5.41%,5.41%,0,0,230,20,4,PHI,DET,K,K,,1
Mason Spurs,103,,Oliver Yu,286,76.0,1B,,T2,0,0,0,1,2.40%,-2.40%,0,0,231,20,4,DET,PHI,1B,1B,,1
Sevag Vapor,106,833.0,Oliver Yu,286,468.0,DP,365.0,T2,0,1,0,1,-6.69%,6.69%,0,0,231,20,4,DET,PHI,LGO,LGO,,1
Merodach Baladan,100,307.0,Oliver Yu,286,10.0,K,297.0,T2,2,0,0,1,-1.69%,1.69%,0,0,231,20,4,DET,PHI,K,K,,1
Rory Nipponsteer,1992,151.0,Big Tuna,2091,314.0,FO,163.0,B2,0,0,0,1,-3.11%,3.11%,0,0,232,20,4,PHI,DET,FO,FO,,1
Kyle Mack,2011,853.0,Big Tuna,2091,18.0,BB,165.0,B2,1,0,0,1,3.03%,-3.03%,0,0,232,20,4,PHI,DET,BB,BB,,1
Kyle Mack,2011,873.0,Big Tuna,2091,688.0,SB,185.0,B2,1,1,0,1,2.85%,-2.85%,0,0,232,20,4,PHI,DET,Steal 2B,Steal 2B,,4
Conor McRedgor,2039,970.0,Big Tuna,2091,688.0,K,282.0,B2,1,2,0,1,-8.57%,8.57%,0,0,232,20,4,PHI,DET,K,K,,1
KC Bats,287,103.0,Big Tuna,2091,777.0,K,326.0,B2,2,0,0,1,-2.13%,2.13%,0,0,232,20,4,PHI,DET,K,K,,1
BB Bambino Jr.,115,482.0,Oliver Yu,286,3.0,LGO,479.0,T3,0,0,0,1,-2.37%,2.37%,0,0,233,20,4,DET,PHI,LGO,LGO,,1
Casey Nine,101,444.0,Oliver Yu,286,974.0,LGO,470.0,T3,1,0,0,1,-2.03%,2.03%,0,0,233,20,4,DET,PHI,LGO,LGO,,1
Morris Deratt,104,369.0,Oliver Yu,286,832.0,LGO,463.0,T3,2,0,0,1,-1.82%,1.82%,0,0,233,20,4,DET,PHI,LGO,LGO,,1
Brandon Aconi,2042,322.0,Big Tuna,2091,14.0,K,308.0,B3,0,0,0,1,-3.58%,3.58%,0,0,234,20,4,PHI,DET,K,K,,1
Ross Fire,47,960.0,Big Tuna,2091,698.0,FO,262.0,B3,1,0,0,1,-3.10%,3.10%,0,0,234,20,4,PHI,DET,FO,FO,,1
Jay Lupp,3278,824.0,Big Tuna,2091,999.0,BB,175.0,B3,2,0,0,1,2.66%,-2.66%,0,1,234,20,4,PHI,DET,BB,BB,,1
Conrad Love,300,940.0,Big Tuna,2091,1.0,2B,61.0,B3,2,1,0,1,18.84%,-18.84%,1,0,234,20,4,PHI,DET,2B,2B,,1
Hunter Tuzero,346,69.0,Big Tuna,2091,221.0,FO,152.0,B3,2,2,1,1,-6.17%,6.17%,0,0,234,20,4,PHI,DET,FO,FO,,1
Valentino Rollin,2089,,Oliver Yu,286,,Auto K,,T4,0,0,1,1,-3.58%,3.58%,0,0,235,20,4,DET,PHI,Auto K,Auto K,,9
Otis Nixon Sr.,107,875.0,Oliver Yu,286,758.0,BB,117.0,T4,1,0,1,1,3.19%,-3.19%,0,0,235,20,4,DET,PHI,BB,BB,,1
King Fielder,222,900.0,Oliver Yu,286,637.0,FO,263.0,T4,1,1,1,1,-3.50%,3.50%,0,0,235,20,4,DET,PHI,FO,FO,,1
Mason Spurs,103,42.0,Oliver Yu,286,887.0,BB,155.0,T4,2,1,1,1,3.66%,-3.66%,0,0,235,20,4,DET,PHI,BB,BB,,1
Sevag Vapor,106,233.0,Oliver Yu,286,511.0,K,278.0,T4,2,4,1,1,-9.29%,9.29%,0,0,235,20,4,DET,PHI,K,K,,1
Rory Nipponsteer,1992,639.0,Big Tuna,2091,790.0,BB,151.0,B4,0,0,1,1,3.11%,-3.11%,0,0,236,20,4,PHI,DET,BB,BB,,1
Kyle Mack,2011,101.0,Big Tuna,2091,856.0,FO,245.0,B4,0,1,1,1,-3.88%,3.88%,0,0,236,20,4,PHI,DET,FO,FO,,1
Conor McRedgor,2039,642.0,Big Tuna,2091,3.0,DP,361.0,B4,1,1,1,1,-8.70%,8.70%,0,0,236,20,4,PHI,DET,LGO,LGO,,1
Merodach Baladan,100,312.0,Oliver Yu,286,928.0,LGO,384.0,T5,0,0,1,1,-4.31%,4.31%,0,0,237,20,4,DET,PHI,LGO,LGO,,1
BB Bambino Jr.,115,17.0,Oliver Yu,286,816.0,FO,201.0,T5,1,0,1,1,-3.90%,3.90%,0,0,237,20,4,DET,PHI,FO,FO,,1
Casey Nine,101,415.0,Oliver Yu,286,726.0,K,311.0,T5,2,0,1,1,-3.51%,3.51%,0,0,237,20,4,DET,PHI,K,K,,1
KC Bats,287,898.0,Big Tuna,2091,101.0,FO,203.0,B5,0,0,1,1,-4.12%,4.12%,0,0,238,20,4,PHI,DET,FO,FO,,1
Brandon Aconi,2042,37.0,Big Tuna,2091,984.0,1B,53.0,B5,1,0,1,1,2.78%,-2.78%,0,0,238,20,4,PHI,DET,1B,1B,,1
Ross Fire,47,960.0,Big Tuna,2091,413.0,DP,453.0,B5,1,1,1,1,-10.35%,10.35%,0,0,238,20,4,PHI,DET,LGO,LGO,,1
Morris Deratt,104,666.0,Oliver Yu,286,540.0,1B,126.0,T6,0,0,1,1,4.38%,-4.38%,0,0,239,20,4,DET,PHI,1B,1B,,1
Valentino Rollin,2089,748.0,Oliver Yu,286,310.0,DP,438.0,T6,0,1,1,1,-14.90%,14.90%,0,0,239,20,4,DET,PHI,LGO,LGO,,1
Otis Nixon Sr.,107,30.0,Oliver Yu,286,422.0,K,392.0,T6,2,0,1,1,-4.91%,4.91%,0,0,239,20,4,DET,PHI,K,K,,1
Jay Lupp,3278,218.0,Big Tuna,2091,868.0,K,350.0,B6,0,0,1,1,-5.27%,5.27%,0,0,240,20,4,PHI,DET,K,K,,1
Conrad Love,300,57.0,Big Tuna,2091,99.0,2B,42.0,B6,1,0,1,1,9.58%,-9.58%,0,1,240,20,4,PHI,DET,2B,2B,,1
Cambo Dia,2010,612.0,Big Tuna,2091,4.0,LGO,392.0,B6,1,2,1,1,-6.92%,6.92%,0,0,240,20,4,PHI,DET,LGO,LGO,,1
Cy Hadd,3295,920.0,Big Tuna,2091,782.0,BB,138.0,B6,2,2,1,1,0.20%,-0.20%,0,0,240,20,4,PHI,DET,BB,BB,,1
Kyle Mack,2011,76.0,Big Tuna,2091,992.0,1B,84.0,B6,2,4,1,1,36.94%,-36.94%,1,0,240,20,4,PHI,DET,1B,1B,,1
H.B. Boink,1988,892.0,Whitt Bass,39,430.0,LGO,462.0,T1,0,0,0,0,-2.51%,2.51%,0,0,241,21,4,ATL,HOU,LGO,LGO,,1
Phil Coulson,226,893.0,Whitt Bass,39,69.0,BB,176.0,T1,1,0,0,0,2.43%,-2.43%,0,0,241,21,4,ATL,HOU,BB,BB,,1
Charles Lindberg,242,766.0,Whitt Bass,39,183.0,DP,417.0,T1,1,1,0,0,-6.37%,6.37%,0,0,241,21,4,ATL,HOU,LGO,LGO,,1
Jimbo Fishy,1984,727.0,Cal Tiberius Jr.,199,227.0,LGO,500.0,B1,0,0,0,0,-2.48%,2.48%,0,0,242,21,4,HOU,ATL,LGO,LGO,,1
Triston Uzumaki,125,436.0,Cal Tiberius Jr.,199,63.0,LGO,373.0,B1,1,0,0,0,-2.17%,2.17%,0,0,242,21,4,HOU,ATL,LGO,LGO,,1
Jay Money,241,933.0,Cal Tiberius Jr.,199,678.0,FO,255.0,B1,2,0,0,0,-1.79%,1.79%,0,0,242,21,4,HOU,ATL,FO,FO,,1
Y.E. Wally,5,666.0,Whitt Bass,39,987.0,K,321.0,T2,0,0,0,0,-2.72%,2.72%,0,0,243,21,4,ATL,HOU,K,K,,1
Gil Metz,206,429.0,Whitt Bass,39,866.0,LGO,437.0,T2,1,0,0,0,-2.40%,2.40%,0,0,243,21,4,ATL,HOU,LGO,LGO,,1
Jake Blee,232,94.0,Whitt Bass,39,545.0,LGO,451.0,T2,2,0,0,0,-1.99%,1.99%,0,0,243,21,4,ATL,HOU,LGO,LGO,,1
Buck Cheeks,457,104.0,Cal Tiberius Jr.,199,326.0,FO,222.0,B2,0,0,0,0,-2.72%,2.72%,0,0,244,21,4,HOU,ATL,FO,FO,,1
Chester Facto,2032,729.0,Cal Tiberius Jr.,199,531.0,FO,198.0,B2,1,0,0,0,-2.38%,2.38%,0,0,244,21,4,HOU,ATL,FO,FO,,1
Khalil Underscore,3289,,Cal Tiberius Jr.,199,,Auto K,,B2,2,0,0,0,-2.03%,2.03%,0,0,244,21,4,HOU,ATL,Auto K,Auto K,,9
C.J. Bastian,1989,999.0,Whitt Bass,39,115.0,1B,116.0,T3,0,0,0,0,3.31%,-3.31%,0,0,245,21,4,ATL,HOU,1B,1B,,1
Cal Tiberius Jr.,199,726.0,Whitt Bass,39,20.0,K,294.0,T3,0,1,0,0,-3.57%,3.57%,0,0,245,21,4,ATL,HOU,K,K,,1
Sadler Oriole,231,100.0,Whitt Bass,39,454.0,DP,354.0,T3,1,1,0,0,-7.82%,7.82%,0,0,245,21,4,ATL,HOU,LGO,LGO,,1
Chris Keebler,2108,621.0,Cal Tiberius Jr.,199,701.0,1B,80.0,B3,0,0,0,0,3.09%,-3.09%,0,0,246,21,4,HOU,ATL,1B,1B,,1
Rupert Apple,3280,101.0,Cal Tiberius Jr.,199,652.0,DP,449.0,B3,0,1,0,0,-8.93%,8.93%,0,0,246,21,4,HOU,ATL,LGO,LGO,,1
Jasper Orbit,1983,200.0,Cal Tiberius Jr.,199,624.0,LGO,424.0,B3,2,0,0,0,-2.27%,2.27%,0,0,246,21,4,HOU,ATL,LGO,LGO,,1
H.B. Boink,1988,524.0,Whitt Bass,39,601.0,1B,77.0,T4,0,0,0,0,3.68%,-3.68%,0,0,247,21,4,ATL,HOU,1B,1B,,1
Phil Coulson,226,124.0,Whitt Bass,39,630.0,DP,494.0,T4,0,1,0,0,-10.45%,10.45%,0,0,247,21,4,ATL,HOU,LGO,LGO,,1
Charles Lindberg,242,124.0,Whitt Bass,39,183.0,2B,59.0,T4,2,0,0,0,4.46%,-4.46%,0,0,247,21,4,ATL,HOU,2B,2B,,1
Y.E. Wally,5,309.0,Whitt Bass,39,833.0,LGO,476.0,T4,2,2,0,0,-7.21%,7.21%,0,0,247,21,4,ATL,HOU,LGO,LGO,,1
Jimbo Fishy,1984,627.0,Cal Tiberius Jr.,199,896.0,K,269.0,B4,0,0,0,0,-3.43%,3.43%,0,0,248,21,4,HOU,ATL,K,K,,1
Triston Uzumaki,125,124.0,Cal Tiberius Jr.,199,353.0,FO,229.0,B4,1,0,0,0,-3.17%,3.17%,0,0,248,21,4,HOU,ATL,FO,FO,,1
Jay Money,241,279.0,Cal Tiberius Jr.,199,263.0,2B,16.0,B4,2,0,0,0,4.54%,-4.54%,0,1,248,21,4,HOU,ATL,2B,2B,,1
Buck Cheeks,457,999.0,Cal Tiberius Jr.,199,926.0,1B,73.0,B4,2,2,0,0,18.65%,-18.65%,1,0,248,21,4,HOU,ATL,1B,1B,,1
Chester Facto,2032,729.0,Cal Tiberius Jr.,199,510.0,FO,219.0,B4,2,1,1,0,-3.03%,3.03%,0,0,248,21,4,HOU,ATL,FO,FO,,1
Gil Metz,206,99.0,Whitt Bass,39,559.0,LGO,460.0,T5,0,0,1,0,-4.98%,4.98%,0,0,249,21,4,ATL,HOU,LGO,LGO,,1
Jake Blee,232,222.0,Whitt Bass,39,270.0,2B,48.0,T5,1,0,1,0,9.41%,-9.41%,0,1,249,21,4,ATL,HOU,2B,2B,,1
C.J. Bastian,1989,529.0,Whitt Bass,39,579.0,HR,50.0,T5,1,2,1,0,39.31%,-39.31%,2,1,249,21,4,ATL,HOU,HR,HR,,1
Cal Tiberius Jr.,199,755.0,Whitt Bass,39,212.0,LGO,457.0,T5,1,0,1,2,-2.08%,2.08%,0,0,249,21,4,ATL,HOU,LGO,LGO,,1
Sadler Oriole,231,650.0,Whitt Bass,39,701.0,1B,51.0,T5,2,0,1,2,1.87%,-1.87%,0,0,249,21,4,ATL,HOU,1B,1B,,1
H.B. Boink,1988,926.0,Whitt Bass,39,890.0,1B,36.0,T5,2,1,1,2,2.45%,-2.45%,0,0,249,21,4,ATL,HOU,1B,1B,,1
Phil Coulson,226,753.0,Whitt Bass,39,302.0,LGO,451.0,T5,2,5,1,2,-6.23%,6.23%,0,0,249,21,4,ATL,HOU,LGO,LGO,,1
Khalil Underscore,3289,,Cal Tiberius Jr.,199,,Auto K,,B5,0,0,1,2,-5.77%,5.77%,0,0,250,21,4,HOU,ATL,Auto K,Auto K,,9
Chris Keebler,2108,18.0,Cal Tiberius Jr.,199,853.0,BB,165.0,B5,1,0,1,2,5.33%,-5.33%,0,1,250,21,4,HOU,ATL,BB,BB,,1
Lemmy Fraser,2166,844.0,Cal Tiberius Jr.,199,782.0,2B,62.0,B5,1,1,1,2,22.53%,-22.53%,0,1,250,21,4,HOU,ATL,2B,2B,,1
Jasper Orbit,1983,500.0,Cal Tiberius Jr.,199,638.0,BB,138.0,B5,1,6,1,2,2.27%,-2.27%,0,0,250,21,4,HOU,ATL,BB,BB,,1
Jimbo Fishy,1984,201.0,Cal Tiberius Jr.,199,261.0,1B,60.0,B5,1,7,1,2,19.76%,-19.76%,1,0,250,21,4,HOU,ATL,1B,1B,,1
Triston Uzumaki,125,853.0,Cal Tiberius Jr.,199,41.0,Sac,188.0,B5,1,7,2,2,8.34%,-8.34%,1,0,250,21,4,HOU,ATL,FO,FO,,1
Jay Money,241,877.0,Cal Tiberius Jr.,199,42.0,BB,165.0,B5,2,4,3,2,1.17%,-1.17%,0,0,250,21,4,HOU,ATL,BB,BB,,1
Buck Cheeks,457,501.0,Cal Tiberius Jr.,199,83.0,LGO,418.0,B5,2,7,3,2,-4.78%,4.78%,0,0,250,21,4,HOU,ATL,LGO,LGO,,1
Charles Lindberg,242,937.0,Whitt Bass,39,431.0,LGO,494.0,T6,0,0,3,2,-6.73%,6.73%,0,0,251,21,4,ATL,HOU,LGO,LGO,,1
Y.E. Wally,5,498.0,Whitt Bass,39,567.0,2B,69.0,T6,1,0,3,2,13.04%,-13.04%,0,1,251,21,4,ATL,HOU,2B,2B,,1
Gil Metz,206,739.0,Whitt Bass,39,19.0,K,280.0,T6,1,2,3,2,-10.36%,10.36%,0,0,251,21,4,ATL,HOU,K,K,,1
Jake Blee,232,888.0,Whitt Bass,39,902.0,HR,14.0,T6,2,2,3,2,64.95%,-64.95%,2,1,251,21,4,ATL,HOU,HR,HR,,1
C.J. Bastian,1989,168.0,Whitt Bass,39,720.0,LGO,448.0,T6,2,0,3,4,-1.50%,1.50%,0,0,251,21,4,ATL,HOU,LGO,LGO,,1
Chester Facto,2032,669.0,Cal Tiberius Jr.,199,337.0,LGO,332.0,B6,0,0,3,4,-8.33%,8.33%,0,0,252,21,4,HOU,ATL,LGO,LGO,,1
Willoughby Hoose,112,663.0,Cal Tiberius Jr.,199,236.0,LGO,427.0,B6,1,0,3,4,-7.59%,7.59%,0,0,252,21,4,HOU,ATL,LGO,LGO,,1
Chris Keebler,2108,181.0,Cal Tiberius Jr.,199,982.0,FO,199.0,B6,2,0,3,4,-6.82%,6.82%,0,0,252,21,4,HOU,ATL,FO,FO,,1
Art Zyz,1982,715.0,Hudson Quin,58,514.0,FO,201.0,T1,0,0,0,0,-2.51%,2.51%,0,0,253,22,4,OAK,MIN,FO,FO,,1
Bobson Dugnutt,2096,764.0,Hudson Quin,58,421.0,K,343.0,T1,1,0,0,0,-2.18%,2.18%,0,0,253,22,4,OAK,MIN,K,K,,1
Blue Moon Barthelemy,2025,851.0,Hudson Quin,58,764.0,1B,87.0,T1,2,0,0,0,1.98%,-1.98%,0,0,253,22,4,OAK,MIN,1B,1B,,1
Caleb VanVacter,2103,112.0,Hudson Quin,58,450.0,K,338.0,T1,2,1,0,0,-3.74%,3.74%,0,0,253,22,4,OAK,MIN,K,K,,1
Dark Bobman,359,1.0,Sal Shark,2147,750.0,FO,251.0,B1,0,0,0,0,-2.48%,2.48%,0,0,254,22,4,MIN,OAK,FO,FO,,1
Twinkie Power,2128,938.0,Sal Shark,2147,80.0,BB,142.0,B1,1,0,0,0,2.28%,-2.28%,0,0,254,22,4,MIN,OAK,BB,BB,,1
"Jake ""JP"" Panik",267,450.0,Sal Shark,2147,800.0,K,350.0,B1,1,1,0,0,-2.55%,2.55%,0,0,254,22,4,MIN,OAK,K,K,,1
Mike Cal,2126,910.0,Sal Shark,2147,295.0,LGO,385.0,B1,2,1,0,0,-3.69%,3.69%,0,0,254,22,4,MIN,OAK,LGO,LGO,,1
Graham Othrie,2139,753.0,Hudson Quin,58,106.0,K,353.0,T2,0,0,0,0,-2.72%,2.72%,0,0,255,22,4,OAK,MIN,K,K,,1
Rick Gymnast,3283,862.0,Hudson Quin,58,12.0,1B,150.0,T2,1,0,0,0,2.57%,-2.57%,0,1,255,22,4,OAK,MIN,1B,1B,,1
I.M. Robbot,3291,,Hudson Quin,58,,Auto K,,T2,1,1,0,0,-2.82%,2.82%,0,0,255,22,4,OAK,MIN,Auto K,Auto K,,9
Rick Gymnast,3283,900.0,Hudson Quin,58,990.0,SB,90.0,T2,2,1,0,0,1.21%,-1.21%,0,0,255,22,4,OAK,MIN,Steal 2B,Steal 2B,,4
Boaty McBoatface,2095,900.0,Hudson Quin,58,990.0,1B,90.0,T2,2,2,0,0,12.32%,-12.32%,1,0,255,22,4,OAK,MIN,1B,1B,,1
Max Wasson,273,511.0,Hudson Quin,58,900.0,PO,389.0,T2,2,1,0,1,-3.57%,3.57%,0,0,255,22,4,OAK,MIN,PO,PO,,1
C.W. Mitzel,2127,950.0,Sal Shark,2147,643.0,K,307.0,B2,0,0,0,1,-3.11%,3.11%,0,0,256,22,4,MIN,OAK,K,K,,1
Tater Tits,4,130.0,Sal Shark,2147,875.0,FO,255.0,B2,1,0,0,1,-2.69%,2.69%,0,0,256,22,4,MIN,OAK,FO,FO,,1
Shiny Tenson,2124,779.0,Sal Shark,2147,120.0,K,341.0,B2,2,0,0,1,-2.13%,2.13%,0,0,256,22,4,MIN,OAK,K,K,,1
Art Zyz,1982,670.0,Hudson Quin,58,330.0,K,340.0,T3,0,0,0,1,-2.37%,2.37%,0,0,257,22,4,OAK,MIN,K,K,,1
Bobson Dugnutt,2096,33.0,Hudson Quin,58,822.0,FO,211.0,T3,1,0,0,1,-2.03%,2.03%,0,0,257,22,4,OAK,MIN,FO,FO,,1
Blue Moon Barthelemy,2025,1000.0,Hudson Quin,58,500.0,LGO,500.0,T3,2,0,0,1,-1.82%,1.82%,0,0,257,22,4,OAK,MIN,LGO,LGO,,1
Jack Marnette,213,278.0,Sal Shark,2147,75.0,FO,203.0,B3,0,0,0,1,-3.58%,3.58%,0,0,258,22,4,MIN,OAK,FO,FO,,1
Victor Justice,410,275.0,Sal Shark,2147,1.0,FO,274.0,B3,1,0,0,1,-3.10%,3.10%,0,0,258,22,4,MIN,OAK,FO,FO,,1
Dark Bobman,359,750.0,Sal Shark,2147,800.0,1B,50.0,B3,2,0,0,1,2.66%,-2.66%,0,0,258,22,4,MIN,OAK,1B,1B,,1
Dark Bobman,359,720.0,Sal Shark,2147,450.0,CS,270.0,B3,2,1,0,1,-5.25%,5.25%,0,0,258,22,4,MIN,OAK,CS 2B,CS 2B,,4
Caleb VanVacter,2103,1000.0,Hudson Quin,58,112.0,1B,112.0,T4,0,0,0,1,2.58%,-2.58%,0,0,259,22,4,OAK,MIN,1B,1B,,1
Graham Othrie,2139,703.0,Hudson Quin,58,314.0,K,389.0,T4,0,1,0,1,-3.09%,3.09%,0,0,259,22,4,OAK,MIN,K,K,,1
Rick Gymnast,3283,701.0,Hudson Quin,58,668.0,2B,33.0,T4,1,1,0,1,9.49%,-9.49%,0,0,259,22,4,OAK,MIN,2B,2B,,1
Sal Shark,2147,,Hudson Quin,58,,IBB,,T4,1,6,0,1,0.99%,-0.99%,0,0,259,22,4,OAK,MIN,IBB,IBB,,8
Boaty McBoatface,2095,24.0,Pablo Sanchez,120,400.0,PO,376.0,T4,1,7,0,1,-7.67%,7.67%,0,0,259,22,4,OAK,MIN,PO,PO,,1
Max Wasson,273,860.0,Pablo Sanchez,120,373.0,LGO,487.0,T4,2,7,0,1,-8.80%,8.80%,0,0,259,22,4,OAK,MIN,LGO,LGO,,1
Twinkie Power,2128,720.0,Sal Shark,2147,900.0,BB,180.0,B4,0,0,0,1,4.73%,-4.73%,0,0,260,22,4,MIN,OAK,BB,BB,,1
"Jake ""JP"" Panik",267,100.0,Sal Shark,2147,425.0,K,325.0,B4,0,1,0,1,-5.04%,5.04%,0,0,260,22,4,MIN,OAK,K,K,,1
Mike Cal,2126,50.0,Sal Shark,2147,307.0,FO,257.0,B4,1,1,0,1,-4.31%,4.31%,0,0,260,22,4,MIN,OAK,FO,FO,,1
Twinkie Power,2128,307.0,Sal Shark,2147,95.0,CS,212.0,B4,2,1,0,1,-6.91%,6.91%,0,0,260,22,4,MIN,OAK,CS 2B,CS 2B,,4
Art Zyz,1982,280.0,Pablo Sanchez,120,451.0,BB,171.0,T5,0,0,0,1,2.08%,-2.08%,0,0,261,22,4,OAK,MIN,BB,BB,,1
Bobson Dugnutt,2096,,Pablo Sanchez,120,,Auto K,,T5,0,1,0,1,-2.56%,2.56%,0,0,261,22,4,OAK,MIN,Auto K,Auto K,,9
Blue Moon Barthelemy,2025,222.0,Pablo Sanchez,120,606.0,PO,384.0,T5,1,1,0,1,-2.02%,2.02%,0,0,261,22,4,OAK,MIN,PO,PO,,1
Caleb VanVacter,2103,975.0,Pablo Sanchez,120,666.0,K,309.0,T5,2,1,0,1,-3.78%,3.78%,0,0,261,22,4,OAK,MIN,K,K,,1
C.W. Mitzel,2127,789.0,Sal Shark,2147,60.0,FO,271.0,B5,0,0,0,1,-5.77%,5.77%,0,0,262,22,4,MIN,OAK,FO,FO,,1
Tater Tits,4,900.0,Sal Shark,2147,675.0,FO,225.0,B5,1,0,0,1,-5.16%,5.16%,0,0,262,22,4,MIN,OAK,FO,FO,,1
Shiny Tenson,2124,799.0,Sal Shark,2147,740.0,1B,59.0,B5,2,0,0,1,4.75%,-4.75%,0,0,262,22,4,MIN,OAK,1B,1B,,1
Shiny Tenson,2124,786.0,Sal Shark,2147,277.0,CS,491.0,B5,2,1,0,1,-9.20%,9.20%,0,0,262,22,4,MIN,OAK,CS 2B,CS 2B,,4
Graham Othrie,2139,33.0,Pablo Sanchez,120,888.0,BB,145.0,T6,0,0,0,1,1.49%,-1.49%,0,1,263,22,4,OAK,MIN,BB,BB,,1
Rick Gymnast,3283,148.0,Pablo Sanchez,120,412.0,FO,264.0,T6,0,1,0,1,-1.89%,1.89%,0,0,263,22,4,OAK,MIN,FO,FO,,1
Sal Shark,2147,645.0,Pablo Sanchez,120,649.0,HR,4.0,T6,1,1,0,1,14.17%,-14.17%,2,1,263,22,4,OAK,MIN,HR,HR,,1
Boaty McBoatface,2095,220.0,Pablo Sanchez,120,1.0,FO,219.0,T6,1,0,0,3,-0.37%,0.37%,0,0,263,22,4,OAK,MIN,FO,FO,,1
Max Wasson,273,385.0,Pablo Sanchez,120,2.0,LGO,383.0,T6,2,0,0,3,-0.33%,0.33%,0,0,263,22,4,OAK,MIN,LGO,LGO,,1
Jack Marnette,213,170.0,Sal Shark,2147,1.0,BB,169.0,B6,0,0,0,3,4.46%,-4.46%,0,1,264,22,4,MIN,OAK,BB,BB,,1
Victor Justice,410,818.0,Sal Shark,2147,220.0,PO,402.0,B6,0,1,0,3,-3.81%,3.81%,0,0,264,22,4,MIN,OAK,PO,PO,,1
Dark Bobman,359,800.0,Sal Shark,2147,645.0,BB,155.0,B6,1,1,0,3,8.40%,-8.40%,0,1,264,22,4,MIN,OAK,BB,BB,,1
Twinkie Power,2128,720.0,Sal Shark,2147,915.0,FO,195.0,B6,1,4,0,3,-6.99%,6.99%,0,0,264,22,4,MIN,OAK,FO,FO,,1
"Jake ""JP"" Panik",267,1000.0,Sal Shark,2147,99.0,1B,99.0,B6,2,4,0,3,7.25%,-7.25%,1,0,264,22,4,MIN,OAK,1B,1B,,1
Mike Cal,2126,545.0,Sal Shark,2147,444.0,1B,101.0,B6,2,5,1,3,8.16%,-8.16%,1,0,264,22,4,MIN,OAK,1B,1B,,1
C.W. Mitzel,2127,689.0,Sal Shark,2147,945.0,FO,256.0,B6,2,5,2,3,-22.31%,22.31%,0,0,264,22,4,MIN,OAK,FO,FO,,1
Rico Veringhipster,2014,394.0,S.A.R. Dinka,395,642.0,PO,248.0,T1,0,0,0,0,-2.51%,2.51%,0,0,265,23,4,ARI,TOR,PO,PO,,1
Assassin Panda,15,434.0,S.A.R. Dinka,395,496.0,2B,62.0,T1,1,0,0,0,4.65%,-4.65%,0,0,265,23,4,ARI,TOR,2B,2B,,1
Will Power,8,837.0,S.A.R. Dinka,395,375.0,LGO,462.0,T1,1,2,0,0,-3.78%,3.78%,0,0,265,23,4,ARI,TOR,LGO,LGO,,1
Tsar Zaar,274,919.0,S.A.R. Dinka,395,243.0,LGO,324.0,T1,2,2,0,0,-4.81%,4.81%,0,0,265,23,4,ARI,TOR,LGO,LGO,,1
Lane Drew,190,99.0,Einhorn,74,872.0,FO,227.0,B1,0,0,0,0,-2.48%,2.48%,0,0,266,23,4,TOR,ARI,FO,FO,,1
Graham Grams,400,420.0,Einhorn,74,616.0,BB,196.0,B1,1,0,0,0,2.28%,-2.28%,0,0,266,23,4,TOR,ARI,BB,BB,,1
Quentin Adams,397,202.0,Einhorn,74,937.0,K,265.0,B1,1,1,0,0,-2.55%,2.55%,0,0,266,23,4,TOR,ARI,K,K,,1
Burt Maclin,2101,850.0,Einhorn,74,26.0,FO,176.0,B1,2,1,0,0,-3.69%,3.69%,0,0,266,23,4,TOR,ARI,FO,FO,,1
Garren Smudge,133,707.0,S.A.R. Dinka,395,354.0,LGO,353.0,T2,0,0,0,0,-2.72%,2.72%,0,0,267,23,4,ARI,TOR,LGO,LGO,,1
S.K. Brettbug,2015,500.0,S.A.R. Dinka,395,756.0,FO,256.0,T2,1,0,0,0,-2.40%,2.40%,0,0,267,23,4,ARI,TOR,FO,FO,,1
Obi-Wan Canoli,3281,202.0,S.A.R. Dinka,395,455.0,K,253.0,T2,2,0,0,0,-1.99%,1.99%,0,0,267,23,4,ARI,TOR,K,K,,1
Mike Honcho,445,313.0,Einhorn,74,194.0,1B,119.0,B2,0,0,0,0,2.94%,-2.94%,0,1,268,23,4,TOR,ARI,1B,1B,,1
Daz Reference,2114,849.0,Einhorn,74,491.0,K,358.0,B2,0,1,0,0,-3.19%,3.19%,0,0,268,23,4,TOR,ARI,K,K,,1
Thomas Berry,446,878.0,Einhorn,74,11.0,1B,133.0,B2,1,1,0,0,4.06%,-4.06%,0,0,268,23,4,TOR,ARI,1B,1B,,1
Ziggy Ceder,56,664.0,Einhorn,74,296.0,PO,368.0,B2,1,4,0,0,-3.93%,3.93%,0,0,268,23,4,TOR,ARI,PO,PO,,1
S.A.R. Dinka,395,439.0,Einhorn,74,481.0,1B,42.0,B2,2,4,0,0,13.42%,-13.42%,1,0,268,23,4,TOR,ARI,1B,1B,,1
Lane Drew,190,201.0,Einhorn,74,405.0,FO,204.0,B2,2,5,1,0,-5.36%,5.36%,0,0,268,23,4,TOR,ARI,FO,FO,,1
Brent Royal,2078,637.0,S.A.R. Dinka,395,643.0,HR,6.0,T3,0,0,1,0,15.07%,-15.07%,1,1,269,23,4,ARI,TOR,HR,HR,,1
I.M. Organic,2132,439.0,S.A.R. Dinka,395,175.0,K,264.0,T3,0,0,1,1,-3.03%,3.03%,0,0,269,23,4,ARI,TOR,K,K,,1
Rico Veringhipster,2014,520.0,S.A.R. Dinka,395,521.0,HR,1.0,T3,1,0,1,1,15.56%,-15.56%,1,1,269,23,4,ARI,TOR,HR,HR,,1
Assassin Panda,15,140.0,S.A.R. Dinka,395,368.0,FO,228.0,T3,1,0,1,2,-2.03%,2.03%,0,0,269,23,4,ARI,TOR,FO,FO,,1
Will Power,8,121.0,S.A.R. Dinka,395,122.0,HR,1.0,T3,2,0,1,2,12.95%,-12.95%,1,1,269,23,4,ARI,TOR,HR,HR,,1
Tsar Zaar,274,987.0,S.A.R. Dinka,395,789.0,FO,198.0,T3,2,0,1,3,-1.30%,1.30%,0,0,269,23,4,ARI,TOR,FO,FO,,1
Graham Grams,400,399.0,Einhorn,74,523.0,1B,124.0,B3,0,0,1,3,4.11%,-4.11%,0,0,270,23,4,TOR,ARI,1B,1B,,1
Quentin Adams,397,876.0,Einhorn,74,453.0,PO,423.0,B3,0,1,1,3,-4.06%,4.06%,0,0,270,23,4,TOR,ARI,PO,PO,,1
Burt Maclin,2101,,Einhorn,74,,Auto K,,B3,1,1,1,3,-3.40%,3.40%,0,0,270,23,4,TOR,ARI,Auto K,Auto K,,9
Mike Honcho,445,833.0,Einhorn,74,514.0,K,319.0,B3,2,1,1,3,-4.78%,4.78%,0,0,270,23,4,TOR,ARI,K,K,,1
Garren Smudge,133,187.0,S.A.R. Dinka,395,408.0,FO,221.0,T4,0,0,1,3,-1.53%,1.53%,0,0,271,23,4,ARI,TOR,FO,FO,,1
S.K. Brettbug,2015,500.0,S.A.R. Dinka,395,167.0,LGO,333.0,T4,1,0,1,3,-1.44%,1.44%,0,0,271,23,4,ARI,TOR,LGO,LGO,,1
Obi-Wan Canoli,3281,,S.A.R. Dinka,395,,Auto K,,T4,2,0,1,3,-1.26%,1.26%,0,0,271,23,4,ARI,TOR,Auto K,Auto K,,9
Daz Reference,2114,107.0,Einhorn,74,754.0,K,353.0,B4,0,0,1,3,-3.76%,3.76%,0,0,272,23,4,TOR,ARI,K,K,,1
Thomas Berry,446,304.0,Einhorn,74,45.0,FO,259.0,B4,1,0,1,3,-3.09%,3.09%,0,0,272,23,4,TOR,ARI,FO,FO,,1
Ziggy Ceder,56,103.0,Einhorn,74,798.0,K,305.0,B4,2,0,1,3,-2.26%,2.26%,0,0,272,23,4,TOR,ARI,K,K,,1
Brent Royal,2078,273.0,S.A.R. Dinka,395,921.0,K,352.0,T5,0,0,1,3,-1.31%,1.31%,0,0,273,23,4,ARI,TOR,K,K,,1
Einhorn,74,854.0,S.A.R. Dinka,395,545.0,PO,309.0,T5,1,0,1,3,-1.19%,1.19%,0,0,273,23,4,ARI,TOR,PO,PO,,1
Rico Veringhipster,2014,121.0,S.A.R. Dinka,395,146.0,2B,25.0,T5,2,0,1,3,1.65%,-1.65%,0,0,273,23,4,ARI,TOR,2B,2B,,1
Assassin Panda,15,536.0,S.A.R. Dinka,395,349.0,FO,187.0,T5,2,2,1,3,-2.78%,2.78%,0,0,273,23,4,ARI,TOR,FO,FO,,1
S.A.R. Dinka,395,888.0,Einhorn,74,747.0,1B,141.0,B5,0,0,1,3,6.11%,-6.11%,0,0,274,23,4,TOR,ARI,1B,1B,,1
Lane Drew,190,191.0,Einhorn,74,814.0,PO,377.0,B5,0,1,1,3,-5.21%,5.21%,0,0,274,23,4,TOR,ARI,PO,PO,,1
Graham Grams,400,662.0,Einhorn,74,981.0,K,319.0,B5,1,1,1,3,-4.84%,4.84%,0,0,274,23,4,TOR,ARI,K,K,,1
Quentin Adams,397,183.0,Einhorn,74,881.0,K,302.0,B5,2,1,1,3,-6.20%,6.20%,0,0,274,23,4,TOR,ARI,K,K,,1
Will Power,8,731.0,S.A.R. Dinka,395,944.0,FO,213.0,T6,0,0,1,3,-0.82%,0.82%,0,0,275,23,4,ARI,TOR,FO,FO,,1
Trey Rangers,224,411.0,S.A.R. Dinka,395,92.0,PO,319.0,T6,1,0,1,3,-0.80%,0.80%,0,0,275,23,4,ARI,TOR,PO,PO,,1
Garren Smudge,133,401.0,S.A.R. Dinka,395,479.0,1B,78.0,T6,2,0,1,3,0.66%,-0.66%,0,0,275,23,4,ARI,TOR,1B,1B,,1
S.K. Brettbug,2015,777.0,S.A.R. Dinka,395,657.0,1B,120.0,T6,2,1,1,3,0.88%,-0.88%,0,0,275,23,4,ARI,TOR,1B,1B,,1
Garrett Ipnov,2136,975.0,S.A.R. Dinka,395,333.0,LGO,358.0,T6,2,5,1,3,-2.23%,2.23%,0,0,275,23,4,ARI,TOR,LGO,LGO,,1
Burt Maclin,2101,120.0,Einhorn,74,316.0,FO,196.0,B6,0,0,1,3,-4.76%,4.76%,0,0,276,23,4,TOR,ARI,FO,FO,,1
Mike Honcho,445,223.0,Einhorn,74,518.0,K,295.0,B6,1,0,1,3,-3.71%,3.71%,0,0,276,23,4,TOR,ARI,K,K,,1
Daz Reference,2114,91.0,Einhorn,74,185.0,1B,94.0,B6,2,0,1,3,4.53%,-4.53%,0,0,276,23,4,TOR,ARI,1B,1B,,1
Thomas Berry,446,5.0,Einhorn,74,921.0,1B,84.0,B6,2,1,1,3,7.46%,-7.46%,0,0,276,23,4,TOR,ARI,1B,1B,,1
Ziggy Ceder,56,420.0,Einhorn,74,795.0,PO,375.0,B6,2,5,1,3,-14.15%,14.15%,0,0,276,23,4,TOR,ARI,PO,PO,,1
Cook Froster,2033,250.0,Sonny Streaker,2065,475.0,FO,225.0,T1,0,0,0,0,-2.51%,2.51%,0,0,277,24,4,PIT,NYM,FO,FO,,1
Baxter Payne,2021,720.0,Sonny Streaker,2065,116.0,LGO,396.0,T1,1,0,0,0,-2.18%,2.18%,0,0,277,24,4,PIT,NYM,LGO,LGO,,1
Johnny Hopkins,2070,775.0,Sonny Streaker,2065,934.0,BB,159.0,T1,2,0,0,0,1.98%,-1.98%,0,1,277,24,4,PIT,NYM,BB,BB,,1
Jameson Poe,310,690.0,Sonny Streaker,2065,678.0,HR,12.0,T1,2,1,0,0,21.23%,-21.23%,2,1,277,24,4,PIT,NYM,HR,HR,,1
Darth Vader,336,742.0,Sonny Streaker,2065,123.0,LGO,381.0,T1,2,0,0,2,-1.24%,1.24%,0,0,277,24,4,PIT,NYM,LGO,LGO,,1
Chocolate Smegma,2107,921.0,Darth Vader,336,402.0,LGO,481.0,B1,0,0,0,2,-2.74%,2.74%,0,0,278,24,4,NYM,PIT,LGO,LGO,,1
Mongster Mash,344,404.0,Darth Vader,336,818.0,K,414.0,B1,1,0,0,2,-2.20%,2.20%,0,0,278,24,4,NYM,PIT,K,K,,1
Xavier Crowbar,2006,390.0,Darth Vader,336,47.0,K,343.0,B1,2,0,0,2,-1.72%,1.72%,0,0,278,24,4,NYM,PIT,K,K,,1
Ricky Steele,2271,330.0,Sonny Streaker,2065,456.0,BB,126.0,T2,0,0,0,2,1.66%,-1.66%,0,0,279,24,4,PIT,NYM,BB,BB,,1
Ricky Steele,2271,807.0,Sonny Streaker,2065,112.0,CS,305.0,T2,0,1,0,2,-3.36%,3.36%,0,0,279,24,4,PIT,NYM,CS 2B,CS 2B,,4
Lance Lummox,314,807.0,Sonny Streaker,2065,112.0,K,305.0,T2,1,0,0,2,-1.52%,1.52%,0,0,279,24,4,PIT,NYM,K,K,,1
Mike Anderson,2073,900.0,Sonny Streaker,2065,112.0,FO,212.0,T2,2,0,0,2,-1.37%,1.37%,0,0,279,24,4,PIT,NYM,FO,FO,,1
James Earl Pwns,2062,367.0,Darth Vader,336,209.0,FO,158.0,B2,0,0,0,2,-2.94%,2.94%,0,0,280,24,4,NYM,PIT,FO,FO,,1
Bo-Horse Jackman,168,834.0,Darth Vader,336,412.0,PO,422.0,B2,1,0,0,2,-2.53%,2.53%,0,0,280,24,4,NYM,PIT,PO,PO,,1
Bix Kayne,3287,413.0,Darth Vader,336,357.0,1B,56.0,B2,2,0,0,2,2.19%,-2.19%,0,0,280,24,4,NYM,PIT,1B,1B,,1
Pip Squires,2060,796.0,Darth Vader,336,102.0,K,306.0,B2,2,1,0,2,-4.11%,4.11%,0,0,280,24,4,NYM,PIT,K,K,,1
Splash Nelson,312,613.0,Sonny Streaker,2065,789.0,FO,176.0,T3,0,0,0,2,-1.72%,1.72%,0,0,281,24,4,PIT,NYM,FO,FO,,1
Cook Froster,2033,722.0,Sonny Streaker,2065,345.0,LGO,377.0,T3,1,0,0,2,-1.56%,1.56%,0,0,281,24,4,PIT,NYM,LGO,LGO,,1
Baxter Payne,2021,220.0,Sonny Streaker,2065,577.0,LGO,357.0,T3,2,0,0,2,-1.30%,1.30%,0,0,281,24,4,PIT,NYM,LGO,LGO,,1
James Maso,2063,316.0,Darth Vader,336,438.0,1B,122.0,B3,0,0,0,2,4.11%,-4.11%,0,0,282,24,4,NYM,PIT,1B,1B,,1
Trey Paste,2037,237.0,Darth Vader,336,944.0,K,293.0,B3,0,1,0,2,-4.06%,4.06%,0,0,282,24,4,NYM,PIT,K,K,,1
Chocolate Smegma,2107,212.0,Darth Vader,336,786.0,DP,426.0,B3,1,1,0,2,-8.18%,8.18%,0,0,282,24,4,NYM,PIT,LGO,LGO,,1
Johnny Hopkins,2070,15.0,Sonny Streaker,2065,987.0,2B,28.0,T4,0,0,0,2,3.77%,-3.77%,0,1,283,24,4,PIT,NYM,2B,2B,,1
Jameson Poe,310,426.0,Sonny Streaker,2065,999.0,LGO,427.0,T4,0,2,0,2,-2.42%,2.42%,0,0,283,24,4,PIT,NYM,LGO,LGO,,1
Darth Vader,336,488.0,Sonny Streaker,2065,743.0,K,255.0,T4,1,2,0,2,-2.46%,2.46%,0,0,283,24,4,PIT,NYM,K,K,,1
Ricky Steele,2271,251.0,Sonny Streaker,2065,233.0,3B,18.0,T4,2,2,0,2,8.45%,-8.45%,1,1,283,24,4,PIT,NYM,3B,3B,,1
Lance Lummox,314,12.0,Sonny Streaker,2065,115.0,1B,103.0,T4,2,3,0,3,5.01%,-5.01%,1,0,283,24,4,PIT,NYM,1B,1B,,1
Mike Anderson,2073,687.0,Sonny Streaker,2065,3.0,PO,316.0,T4,2,1,0,4,-0.86%,0.86%,0,0,283,24,4,PIT,NYM,PO,PO,,1
Mongster Mash,344,400.0,Darth Vader,336,833.0,PO,433.0,B4,0,0,0,4,-1.89%,1.89%,0,0,284,24,4,NYM,PIT,PO,PO,,1
Xavier Crowbar,2006,510.0,Darth Vader,336,56.0,LGO,454.0,B4,1,0,0,4,-1.37%,1.37%,0,0,284,24,4,NYM,PIT,LGO,LGO,,1
James Earl Pwns,2062,35.0,Darth Vader,336,468.0,PO,433.0,B4,2,0,0,4,-0.89%,0.89%,0,0,284,24,4,NYM,PIT,PO,PO,,1
Splash Nelson,312,724.0,Sonny Streaker,2065,634.0,1B,90.0,T5,0,0,0,4,0.33%,-0.33%,0,0,285,24,4,PIT,NYM,1B,1B,,1
Cook Froster,2033,824.0,Sonny Streaker,2065,700.0,BB,124.0,T5,0,1,0,4,0.68%,-0.68%,0,0,285,24,4,PIT,NYM,BB,BB,,1
Baxter Payne,2021,319.0,Sonny Streaker,2065,532.0,FO,213.0,T5,0,4,0,4,-0.44%,0.44%,0,0,285,24,4,PIT,NYM,FO,FO,,1
Johnny Hopkins,2070,105.0,Sonny Streaker,2065,12.0,1B,93.0,T5,1,4,0,4,0.97%,-0.97%,0,0,285,24,4,PIT,NYM,1B,1B,,1
Jameson Poe,310,826.0,Sonny Streaker,2065,234.0,DP,408.0,T5,1,7,0,4,-2.55%,2.55%,0,0,285,24,4,PIT,NYM,LGO,LGO,,1
Bo-Horse Jackman,168,860.0,Darth Vader,336,878.0,3B,18.0,B5,0,0,0,4,4.63%,-4.63%,0,1,286,24,4,NYM,PIT,3B,3B,,1
Bix Kayne,3287,877.0,Darth Vader,336,614.0,Sac,263.0,B5,0,3,0,4,-2.60%,2.60%,1,0,286,24,4,NYM,PIT,FO,FO,,1
Pip Squires,2060,100.0,Darth Vader,336,257.0,BB,157.0,B5,1,0,1,4,3.38%,-3.38%,0,0,286,24,4,NYM,PIT,BB,BB,,1
James Maso,2063,642.0,Darth Vader,336,196.0,DP,446.0,B5,1,1,1,4,-6.72%,6.72%,0,0,286,24,4,NYM,PIT,LGO,LGO,,1
Darth Vader,336,541.0,Sonny Streaker,2065,998.0,LGO,457.0,T6,0,0,1,4,-0.37%,0.37%,0,0,287,24,4,PIT,NYM,LGO,LGO,,1
Ricky Steele,2271,667.0,Sonny Streaker,2065,543.0,BB,124.0,T6,1,0,1,4,0.28%,-0.28%,0,0,287,24,4,PIT,NYM,BB,BB,,1
Lance Lummox,314,789.0,Sonny Streaker,2065,221.0,DP,432.0,T6,1,1,1,4,-0.98%,0.98%,0,0,287,24,4,PIT,NYM,LGO,LGO,,1
Trey Paste,2037,412.0,Darth Vader,336,115.0,K,297.0,B6,0,0,1,4,-2.48%,2.48%,0,0,288,24,4,NYM,PIT,K,K,,1
Chocolate Smegma,2107,1.0,Darth Vader,336,778.0,FO,223.0,B6,1,0,1,4,-1.65%,1.65%,0,0,288,24,4,NYM,PIT,FO,FO,,1
Mongster Mash,344,701.0,Darth Vader,336,634.0,1B,67.0,B6,2,0,1,4,1.51%,-1.51%,0,0,288,24,4,NYM,PIT,1B,1B,,1
Xavier Crowbar,2006,864.0,Darth Vader,336,322.0,LGO,458.0,B6,2,1,1,4,-2.22%,2.22%,0,0,288,24,4,NYM,PIT,LGO,LGO,,1
BB Bambino Jr.,115,685.0,Sonny Streaker,2065,478.0,FO,207.0,T1,0,0,0,0,-2.51%,2.51%,0,0,289,25,5,DET,NYM,FO,FO,,1
Mason Spurs,103,212.0,Sonny Streaker,2065,125.0,1B,87.0,T1,1,0,0,0,2.43%,-2.43%,0,0,289,25,5,DET,NYM,1B,1B,,1
King Fielder,222,740.0,Sonny Streaker,2065,221.0,DP,481.0,T1,1,1,0,0,-6.37%,6.37%,0,0,289,25,5,DET,NYM,LGO,LGO,,1
Chocolate Smegma,2107,970.0,Big Tuna,2091,636.0,PO,334.0,B1,0,0,0,0,-2.48%,2.48%,0,0,290,25,5,NYM,DET,PO,PO,,1
Mongster Mash,344,818.0,Big Tuna,2091,101.0,K,283.0,B1,1,0,0,0,-2.17%,2.17%,0,0,290,25,5,NYM,DET,K,K,,1
Xavier Crowbar,2006,288.0,Big Tuna,2091,22.0,K,266.0,B1,2,0,0,0,-1.79%,1.79%,0,0,290,25,5,NYM,DET,K,K,,1
Valentino Rollin,2089,138.0,Sonny Streaker,2065,769.0,PO,369.0,T2,0,0,0,0,-2.72%,2.72%,0,0,291,25,5,DET,NYM,PO,PO,,1
Morris Deratt,104,919.0,Sonny Streaker,2065,325.0,LGO,406.0,T2,1,0,0,0,-2.40%,2.40%,0,0,291,25,5,DET,NYM,LGO,LGO,,1
Otis Nixon Sr.,107,213.0,Sonny Streaker,2065,32.0,FO,181.0,T2,2,0,0,0,-1.99%,1.99%,0,0,291,25,5,DET,NYM,FO,FO,,1
James Earl Pwns,2062,738.0,Big Tuna,2091,302.0,LGO,436.0,B2,0,0,0,0,-2.72%,2.72%,0,0,292,25,5,NYM,DET,LGO,LGO,,1
Bo-Horse Jackman,168,889.0,Big Tuna,2091,890.0,HR,1.0,B2,1,0,0,0,14.05%,-14.05%,1,1,292,25,5,NYM,DET,HR,HR,,1
Bix Kayne,3287,888.0,Big Tuna,2091,758.0,BB,130.0,B2,1,0,1,0,1.78%,-1.78%,0,1,292,25,5,NYM,DET,BB,BB,,1
Pip Squires,2060,244.0,Big Tuna,2091,244.0,HR,0.0,B2,1,1,1,0,16.44%,-16.44%,2,1,292,25,5,NYM,DET,HR,HR,,1
James Maso,2063,384.0,Big Tuna,2091,36.0,PO,348.0,B2,1,0,3,0,-0.89%,0.89%,0,0,292,25,5,NYM,DET,PO,PO,,1
Trey Paste,2037,112.0,Big Tuna,2091,673.0,LGO,439.0,B2,2,0,3,0,-0.69%,0.69%,0,0,292,25,5,NYM,DET,LGO,LGO,,1
Lightning Balls,350,667.0,Sonny Streaker,2065,765.0,1B,98.0,T3,0,0,3,0,3.25%,-3.25%,0,1,293,25,5,DET,NYM,1B,1B,,1
Martin Barnar,2088,34.0,Sonny Streaker,2065,221.0,FO,187.0,T3,0,1,3,0,-2.95%,2.95%,0,0,293,25,5,DET,NYM,FO,FO,,1
Casey Nine,101,955.0,Sonny Streaker,2065,121.0,BB,166.0,T3,1,1,3,0,4.78%,-4.78%,0,1,293,25,5,DET,NYM,BB,BB,,1
BB Bambino Jr.,115,1.0,Sonny Streaker,2065,13.0,2B,12.0,T3,1,4,3,0,14.47%,-14.47%,1,1,293,25,5,DET,NYM,2B,2B,,1
Mason Spurs,103,419.0,Sonny Streaker,2065,337.0,1B,82.0,T3,1,6,3,1,10.74%,-10.74%,1,0,293,25,5,DET,NYM,1B,1B,,1
King Fielder,222,,Sonny Streaker,2065,,Auto BB,,T3,1,5,3,2,6.00%,-6.00%,0,0,293,25,5,DET,NYM,Auto BB,Auto BB,,10
Valentino Rollin,2089,748.0,Sonny Streaker,2065,987.0,Sac,239.0,T3,1,7,3,2,-1.35%,1.35%,1,0,293,25,5,DET,NYM,FO,FO,,1
Morris Deratt,104,69.0,Sonny Streaker,2065,546.0,LGO,477.0,T3,2,4,3,3,-7.92%,7.92%,0,0,293,25,5,DET,NYM,LGO,LGO,,1
Chocolate Smegma,2107,155.0,Big Tuna,2091,90.0,1B,65.0,B3,0,0,3,3,3.09%,-3.09%,0,0,294,25,5,NYM,DET,1B,1B,,1
Mongster Mash,344,296.0,Big Tuna,2091,818.0,DP,478.0,B3,0,1,3,3,-8.93%,8.93%,0,0,294,25,5,NYM,DET,LGO,LGO,,1
Xavier Crowbar,2006,880.0,Big Tuna,2091,1.0,BB,121.0,B3,2,0,3,3,2.37%,-2.37%,0,0,294,25,5,NYM,DET,BB,BB,,1
James Earl Pwns,2062,217.0,Big Tuna,2091,478.0,FO,261.0,B3,2,1,3,3,-4.64%,4.64%,0,0,294,25,5,NYM,DET,FO,FO,,1
Otis Nixon Sr.,107,17.0,Sonny Streaker,2065,987.0,HR,30.0,T4,0,0,3,3,17.92%,-17.92%,1,1,295,25,5,DET,NYM,HR,HR,,1
Lightning Balls,350,269.0,Sonny Streaker,2065,344.0,1B,75.0,T4,0,0,3,4,2.58%,-2.58%,0,0,295,25,5,DET,NYM,1B,1B,,1
Martin Barnar,2088,736.0,Sonny Streaker,2065,122.0,DP,386.0,T4,0,1,3,4,-7.15%,7.15%,0,0,295,25,5,DET,NYM,LGO,LGO,,1
Casey Nine,101,820.0,Sonny Streaker,2065,987.0,BB,167.0,T4,2,0,3,4,1.85%,-1.85%,0,0,295,25,5,DET,NYM,BB,BB,,1
BB Bambino Jr.,115,289.0,Sonny Streaker,2065,987.0,PO,302.0,T4,2,1,3,4,-3.78%,3.78%,0,0,295,25,5,DET,NYM,PO,PO,,1
Bo-Horse Jackman,168,347.0,Big Tuna,2091,777.0,LGO,430.0,B4,0,0,3,4,-4.38%,4.38%,0,0,296,25,5,NYM,DET,LGO,LGO,,1
Bix Kayne,3287,386.0,Big Tuna,2091,10.0,LGO,376.0,B4,1,0,3,4,-3.91%,3.91%,0,0,296,25,5,NYM,DET,LGO,LGO,,1
Pip Squires,2060,613.0,Big Tuna,2091,314.0,K,299.0,B4,2,0,3,4,-3.24%,3.24%,0,0,296,25,5,NYM,DET,K,K,,1
Mason Spurs,103,987.0,Sonny Streaker,2065,663.0,PO,324.0,T5,0,0,3,4,-2.29%,2.29%,0,0,297,25,5,DET,NYM,PO,PO,,1
King Fielder,222,499.0,Sonny Streaker,2065,235.0,K,264.0,T5,1,0,3,4,-2.08%,2.08%,0,0,297,25,5,DET,NYM,K,K,,1
Valentino Rollin,2089,848.0,Sonny Streaker,2065,11.0,BB,163.0,T5,2,0,3,4,1.87%,-1.87%,0,0,297,25,5,DET,NYM,BB,BB,,1
Morris Deratt,104,891.0,Sonny Streaker,2065,234.0,PO,343.0,T5,2,1,3,4,-3.78%,3.78%,0,0,297,25,5,DET,NYM,PO,PO,,1
James Maso,2063,14.0,Big Tuna,2091,823.0,FO,191.0,B5,0,0,3,4,-5.77%,5.77%,0,0,298,25,5,NYM,DET,FO,FO,,1
Trey Paste,2037,113.0,Big Tuna,2091,696.0,LGO,417.0,B5,1,0,3,4,-5.16%,5.16%,0,0,298,25,5,NYM,DET,LGO,LGO,,1
Chocolate Smegma,2107,910.0,Big Tuna,2091,7.0,1B,97.0,B5,2,0,3,4,4.75%,-4.75%,0,0,298,25,5,NYM,DET,1B,1B,,1
Mongster Mash,344,56.0,Big Tuna,2091,110.0,1B,54.0,B5,2,1,3,4,6.34%,-6.34%,0,0,298,25,5,NYM,DET,1B,1B,,1
Xavier Crowbar,2006,229.0,Big Tuna,2091,378.0,BB,149.0,B5,2,5,3,4,6.19%,-6.19%,0,0,298,25,5,NYM,DET,BB,BB,,1
James Earl Pwns,2062,757.0,Big Tuna,2091,999.0,FO,242.0,B5,2,7,3,4,-21.73%,21.73%,0,0,298,25,5,NYM,DET,FO,FO,,1
Otis Nixon Sr.,107,312.0,Sonny Streaker,2065,546.0,FO,234.0,T6,0,0,3,4,-1.71%,1.71%,0,0,299,25,5,DET,NYM,FO,FO,,1
Lightning Balls,350,845.0,Sonny Streaker,2065,765.0,1B,80.0,T6,1,0,3,4,1.31%,-1.31%,0,0,299,25,5,DET,NYM,1B,1B,,1
Martin Barnar,2088,543.0,Sonny Streaker,2065,784.0,FO,241.0,T6,1,1,3,4,-1.57%,1.57%,0,0,299,25,5,DET,NYM,FO,FO,,1
Casey Nine,101,,Sonny Streaker,2065,,Auto K,,T6,2,1,3,4,-2.86%,2.86%,0,0,299,25,5,DET,NYM,Auto K,Auto K,,9
Bo-Horse Jackman,168,899.0,Big Tuna,2091,32.0,BB,133.0,B6,0,0,3,4,8.33%,-8.33%,0,1,300,25,5,NYM,DET,BB,BB,,1
Bix Kayne,3287,30.0,Big Tuna,2091,210.0,FO,180.0,B6,0,1,3,4,-9.27%,9.27%,0,0,300,25,5,NYM,DET,FO,FO,,1
Pip Squires,2060,816.0,Big Tuna,2091,768.0,1B,48.0,B6,1,1,3,4,10.14%,-10.14%,0,1,300,25,5,NYM,DET,1B,1B,,1
James Maso,2063,892.0,Big Tuna,2091,900.0,HR,8.0,B6,1,4,3,4,68.06%,-68.06%,3,1,300,25,5,NYM,DET,HR,HR,,1
Lane Drew,190,101.0,Rob Pancakes,1966,810.0,K,291.0,T1,0,0,0,0,-2.51%,2.51%,0,0,301,26,5,TOR,BAL,K,K,,1
Graham Grams,400,592.0,Rob Pancakes,1966,706.0,1B,114.0,T1,1,0,0,0,2.43%,-2.43%,0,0,301,26,5,TOR,BAL,1B,1B,,1
Quentin Adams,397,87.0,Rob Pancakes,1966,427.0,K,340.0,T1,1,1,0,0,-2.63%,2.63%,0,0,301,26,5,TOR,BAL,K,K,,1
Burt Maclin,2101,801.0,Rob Pancakes,1966,661.0,BB,140.0,T1,2,1,0,0,2.81%,-2.81%,0,0,301,26,5,TOR,BAL,BB,BB,,1
Mike Honcho,445,112.0,Rob Pancakes,1966,920.0,FO,192.0,T1,2,4,0,0,-6.55%,6.55%,0,0,301,26,5,TOR,BAL,FO,FO,,1
Whit Merto,162,713.0,S.A.R. Dinka,395,513.0,FO,200.0,B1,0,0,0,0,-2.48%,2.48%,0,0,302,26,5,BAL,TOR,FO,FO,,1
Clipper Charge,171,900.0,S.A.R. Dinka,395,422.0,LGO,478.0,B1,1,0,0,0,-2.17%,2.17%,0,0,302,26,5,BAL,TOR,LGO,LGO,,1
Randy Nummer,2066,19.0,S.A.R. Dinka,395,746.0,K,273.0,B1,2,0,0,0,-1.79%,1.79%,0,0,302,26,5,BAL,TOR,K,K,,1
Daz Reference,2114,740.0,Rob Pancakes,1966,386.0,K,354.0,T2,0,0,0,0,-2.72%,2.72%,0,0,303,26,5,TOR,BAL,K,K,,1
Thomas Berry,446,812.0,Rob Pancakes,1966,608.0,FO,204.0,T2,1,0,0,0,-2.40%,2.40%,0,0,303,26,5,TOR,BAL,FO,FO,,1
Ziggy Ceder,56,776.0,Rob Pancakes,1966,935.0,1B,159.0,T2,2,0,0,0,2.15%,-2.15%,0,1,303,26,5,TOR,BAL,1B,1B,,1
S.A.R. Dinka,395,571.0,Rob Pancakes,1966,396.0,BB,175.0,T2,2,1,0,0,3.17%,-3.17%,0,1,303,26,5,TOR,BAL,BB,BB,,1
Lane Drew,190,400.0,Rob Pancakes,1966,592.0,BB,192.0,T2,2,4,0,0,3.42%,-3.42%,0,0,303,26,5,TOR,BAL,BB,BB,,1
Graham Grams,400,927.0,Rob Pancakes,1966,820.0,1B,107.0,T2,2,7,0,0,20.13%,-20.13%,2,0,303,26,5,TOR,BAL,1B,1B,,1
Quentin Adams,397,238.0,Rob Pancakes,1966,830.0,K,408.0,T2,2,5,0,2,-4.39%,4.39%,0,0,303,26,5,TOR,BAL,K,K,,1
Sam Smith,158,295.0,S.A.R. Dinka,395,656.0,LGO,361.0,B2,0,0,0,2,-2.94%,2.94%,0,0,304,26,5,BAL,TOR,LGO,LGO,,1
Indy Sayne,151,735.0,S.A.R. Dinka,395,709.0,2B,26.0,B2,1,0,0,2,5.75%,-5.75%,0,0,304,26,5,BAL,TOR,2B,2B,,1
Bernie Petrol,1972,222.0,S.A.R. Dinka,395,453.0,FO,231.0,B2,1,2,0,2,-4.58%,4.58%,0,0,304,26,5,BAL,TOR,FO,FO,,1
Johnny Dickshot,233,452.0,S.A.R. Dinka,395,625.0,FO,173.0,B2,2,2,0,2,-5.62%,5.62%,0,0,304,26,5,BAL,TOR,FO,FO,,1
Burt Maclin,2101,111.0,Rob Pancakes,1966,351.0,FO,240.0,T3,0,0,0,2,-1.72%,1.72%,0,0,305,26,5,TOR,BAL,FO,FO,,1
Mike Honcho,445,12.0,Rob Pancakes,1966,167.0,BB,155.0,T3,1,0,0,2,1.43%,-1.43%,0,0,305,26,5,TOR,BAL,BB,BB,,1
Daz Reference,2114,165.0,Rob Pancakes,1966,734.0,PO,431.0,T3,1,1,0,2,-1.63%,1.63%,0,0,305,26,5,TOR,BAL,PO,PO,,1
Thomas Berry,446,855.0,Rob Pancakes,1966,784.0,1B,71.0,T3,2,1,0,2,1.71%,-1.71%,0,0,305,26,5,TOR,BAL,1B,1B,,1
Ziggy Ceder,56,999.0,Rob Pancakes,1966,748.0,FO,251.0,T3,2,5,0,2,-4.37%,4.37%,0,0,305,26,5,TOR,BAL,FO,FO,,1
Ludd Van Shark,1968,580.0,S.A.R. Dinka,395,169.0,LGO,411.0,B3,0,0,0,2,-3.28%,3.28%,0,0,306,26,5,BAL,TOR,LGO,LGO,,1
Aaron Range,3290,,S.A.R. Dinka,395,,Auto K,,B3,1,0,0,2,-2.78%,2.78%,0,0,306,26,5,BAL,TOR,Auto K,Auto K,,9
Whit Merto,162,734.0,S.A.R. Dinka,395,326.0,LGO,408.0,B3,2,0,0,2,-2.07%,2.07%,0,0,306,26,5,BAL,TOR,LGO,LGO,,1
S.A.R. Dinka,395,458.0,Rob Pancakes,1966,7.0,LGO,451.0,T4,0,0,0,2,-1.53%,1.53%,0,0,307,26,5,TOR,BAL,LGO,LGO,,1
Lane Drew,190,658.0,Rob Pancakes,1966,644.0,HR,14.0,T4,1,0,0,2,8.60%,-8.60%,1,1,307,26,5,TOR,BAL,HR,HR,,1
Graham Grams,400,777.0,Rob Pancakes,1966,351.0,LGO,426.0,T4,1,0,0,3,-0.83%,0.83%,0,0,307,26,5,TOR,BAL,LGO,LGO,,1
Quentin Adams,397,386.0,Rob Pancakes,1966,792.0,K,406.0,T4,2,0,0,3,-0.82%,0.82%,0,0,307,26,5,TOR,BAL,K,K,,1
Clipper Charge,171,420.0,Levi Pyram,237,427.0,HR,7.0,B4,0,0,0,3,9.65%,-9.65%,1,1,308,26,5,BAL,TOR,HR,HR,,1
Randy Nummer,2066,694.0,Levi Pyram,237,813.0,1B,119.0,B4,0,0,1,3,5.09%,-5.09%,0,0,308,26,5,BAL,TOR,1B,1B,,1
Sam Smith,158,164.0,Levi Pyram,237,881.0,K,283.0,B4,0,1,1,3,-4.66%,4.66%,0,0,308,26,5,BAL,TOR,K,K,,1
Indy Sayne,151,251.0,Levi Pyram,237,672.0,DP,421.0,B4,1,1,1,3,-9.54%,9.54%,0,0,308,26,5,BAL,TOR,LGO,LGO,,1
Burt Maclin,2101,111.0,Rob Pancakes,1966,529.0,K,418.0,T5,0,0,1,3,-1.31%,1.31%,0,0,309,26,5,TOR,BAL,K,K,,1
Mike Honcho,445,911.0,Rob Pancakes,1966,888.0,3B,23.0,T5,1,0,1,3,4.71%,-4.71%,0,1,309,26,5,TOR,BAL,3B,3B,,1
Daz Reference,2114,194.0,Rob Pancakes,1966,287.0,1B,93.0,T5,1,3,1,3,3.46%,-3.46%,1,0,309,26,5,TOR,BAL,1B,1B,,1
Thomas Berry,446,450.0,Rob Pancakes,1966,511.0,1B,61.0,T5,1,1,1,4,0.90%,-0.90%,0,0,309,26,5,TOR,BAL,1B,1B,,1
Ziggy Ceder,56,584.0,Rob Pancakes,1966,239.0,K,345.0,T5,1,4,1,4,-0.81%,0.81%,0,0,309,26,5,TOR,BAL,K,K,,1
Levi Pyram,237,377.0,Rob Pancakes,1966,692.0,K,315.0,T5,2,4,1,4,-1.98%,1.98%,0,0,309,26,5,TOR,BAL,K,K,,1
Bernie Petrol,1972,877.0,Levi Pyram,237,714.0,BB,163.0,B5,0,0,1,4,4.36%,-4.36%,0,1,310,26,5,BAL,TOR,BB,BB,,1
Johnny Dickshot,233,555.0,Levi Pyram,237,637.0,1B,82.0,B5,0,1,1,4,8.92%,-8.92%,0,1,310,26,5,BAL,TOR,1B,1B,,1
Ludd Van Shark,1968,891.0,Levi Pyram,237,840.0,1B,51.0,B5,0,4,1,4,11.66%,-11.66%,0,1,310,26,5,BAL,TOR,1B,1B,,1
Aaron Range,3290,516.0,Levi Pyram,237,523.0,HR,7.0,B5,0,7,1,4,51.15%,-51.15%,4,1,310,26,5,BAL,TOR,HR,HR,,1
Whit Merto,162,146.0,Levi Pyram,237,437.0,K,291.0,B5,0,0,5,4,-1.37%,1.37%,0,0,310,26,5,BAL,TOR,K,K,,1
Clipper Charge,171,480.0,Levi Pyram,237,277.0,FO,203.0,B5,1,0,5,4,-1.30%,1.30%,0,0,310,26,5,BAL,TOR,FO,FO,,1
Randy Nummer,2066,808.0,Levi Pyram,237,317.0,LGO,491.0,B5,2,0,5,4,-1.14%,1.14%,0,0,310,26,5,BAL,TOR,LGO,LGO,,1
Lane Drew,190,99.0,Rob Pancakes,1966,106.0,HR,7.0,T6,0,0,5,4,32.10%,-32.10%,1,1,311,26,5,TOR,BAL,HR,HR,,1
Graham Grams,400,651.0,Rob Pancakes,1966,911.0,FO,260.0,T6,0,0,5,5,-5.44%,5.44%,0,0,311,26,5,TOR,BAL,FO,FO,,1
Quentin Adams,397,846.0,Rob Pancakes,1966,522.0,K,324.0,T6,1,0,5,5,-5.08%,5.08%,0,0,311,26,5,TOR,BAL,K,K,,1
Burt Maclin,2101,310.0,Rob Pancakes,1966,710.0,K,400.0,T6,2,0,5,5,-4.91%,4.91%,0,0,311,26,5,TOR,BAL,K,K,,1
Sam Smith,158,349.0,Levi Pyram,237,537.0,FO,188.0,B6,0,0,5,5,-5.27%,5.27%,0,0,312,26,5,BAL,TOR,FO,FO,,1
Indy Sayne,151,878.0,Levi Pyram,237,429.0,LGO,449.0,B6,1,0,5,5,-5.09%,5.09%,0,0,312,26,5,BAL,TOR,LGO,LGO,,1
Bernie Petrol,1972,438.0,Levi Pyram,237,642.0,FO,204.0,B6,2,0,5,5,-18.50%,18.50%,0,0,312,26,5,BAL,TOR,FO,FO,,1
Mike Honcho,445,366.0,Rob Pancakes,1966,1.0,K,365.0,T7,0,2,5,5,-9.04%,9.04%,0,0,313,26,5,TOR,BAL,K,K,,1
Daz Reference,2114,987.0,Rob Pancakes,1966,392.0,K,405.0,T7,1,2,5,5,-7.31%,7.31%,0,0,313,26,5,TOR,BAL,K,K,,1
Thomas Berry,446,754.0,Rob Pancakes,1966,481.0,FO,273.0,T7,2,2,5,5,-25.25%,25.25%,0,0,313,26,5,TOR,BAL,FO,FO,,1
Johnny Dickshot,233,235.0,Levi Pyram,237,104.0,BB,131.0,B7,0,2,5,5,-1.59%,1.59%,0,0,314,26,5,BAL,TOR,BB,BB,,1
Ludd Van Shark,1968,329.0,Levi Pyram,237,291.0,2B,38.0,B7,0,4,5,5,23.38%,-23.38%,1,0,314,26,5,BAL,TOR,2B,2B,,1
Jimbo Fishy,1984,420.0,Darth Vader,336,132.0,K,288.0,T1,0,0,0,0,-2.51%,2.51%,0,0,315,27,5,HOU,PIT,K,K,,1
Triston Uzumaki,125,25.0,Darth Vader,336,298.0,FO,273.0,T1,1,0,0,0,-2.18%,2.18%,0,0,315,27,5,HOU,PIT,FO,FO,,1
Jay Money,241,798.0,Darth Vader,336,411.0,LGO,387.0,T1,2,0,0,0,-1.76%,1.76%,0,0,315,27,5,HOU,PIT,LGO,LGO,,1
Ricky Steele,2271,132.0,Willoughby Hoose,112,132.0,HR,0.0,B1,0,0,0,0,11.79%,-11.79%,1,1,316,27,5,PIT,HOU,HR,HR,,1
Johnny Hopkins,2070,412.0,Willoughby Hoose,112,72.0,K,340.0,B1,0,0,1,0,-1.97%,1.97%,0,0,316,27,5,PIT,HOU,K,K,,1
Jameson Poe,310,831.0,Willoughby Hoose,112,120.0,K,289.0,B1,1,0,1,0,-1.80%,1.80%,0,0,316,27,5,PIT,HOU,K,K,,1
Lance Lummox,314,845.0,Willoughby Hoose,112,419.0,K,426.0,B1,2,0,1,0,-1.44%,1.44%,0,0,316,27,5,PIT,HOU,K,K,,1
Buck Cheeks,457,808.0,Darth Vader,336,755.0,2B,53.0,T2,0,0,1,0,7.60%,-7.60%,0,1,317,27,5,HOU,PIT,2B,2B,,1
Chester Facto,2032,729.0,Darth Vader,336,846.0,1B,117.0,T2,0,2,1,0,7.91%,-7.91%,0,1,317,27,5,HOU,PIT,1B,1B,,1
Lemmy Fraser,2166,533.0,Darth Vader,336,661.0,BB,128.0,T2,0,5,1,0,5.80%,-5.80%,0,1,317,27,5,HOU,PIT,BB,BB,,1
Chris Keebler,2108,437.0,Darth Vader,336,451.0,HR,14.0,T2,0,7,1,0,24.03%,-24.03%,4,1,317,27,5,HOU,PIT,HR,HR,,1
William Constantine,3292,116.0,Darth Vader,336,828.0,K,288.0,T2,0,0,1,4,-1.19%,1.19%,0,0,317,27,5,HOU,PIT,K,K,,1
Jacques Blaque,2202,,Darth Vader,336,,Auto K,,T2,1,0,1,4,-1.15%,1.15%,0,0,317,27,5,HOU,PIT,Auto K,Auto K,,9
Jimbo Fishy,1984,524.0,Darth Vader,336,905.0,LGO,381.0,T2,2,0,1,4,-0.89%,0.89%,0,0,317,27,5,HOU,PIT,LGO,LGO,,1
Baxter Payne,2021,607.0,Willoughby Hoose,112,491.0,1B,116.0,B2,0,0,1,4,3.29%,-3.29%,0,0,318,27,5,PIT,HOU,1B,1B,,1
Cook Froster,2033,720.0,Willoughby Hoose,112,383.0,K,337.0,B2,0,1,1,4,-3.27%,3.27%,0,0,318,27,5,PIT,HOU,K,K,,1
Mike Anderson,2073,167.0,Willoughby Hoose,112,656.0,DP,489.0,B2,1,1,1,4,-6.06%,6.06%,0,0,318,27,5,PIT,HOU,LGO,LGO,,1
Triston Uzumaki,125,123.0,Darth Vader,336,201.0,1B,78.0,T3,0,0,1,4,1.05%,-1.05%,0,0,319,27,5,HOU,PIT,1B,1B,,1
Jay Money,241,495.0,Darth Vader,336,861.0,K,366.0,T3,0,1,1,4,-1.26%,1.26%,0,0,319,27,5,HOU,PIT,K,K,,1
Buck Cheeks,457,913.0,Darth Vader,336,698.0,FO,215.0,T3,1,1,1,4,-0.98%,0.98%,0,0,319,27,5,HOU,PIT,FO,FO,,1
Chester Facto,2032,546.0,Darth Vader,336,108.0,LGO,438.0,T3,2,1,1,4,-1.86%,1.86%,0,0,319,27,5,HOU,PIT,LGO,LGO,,1
Jimmy Johns,303,543.0,Willoughby Hoose,112,832.0,K,289.0,B3,0,0,1,4,-2.70%,2.70%,0,0,320,27,5,PIT,HOU,K,K,,1
Splash Nelson,312,134.0,Willoughby Hoose,112,180.0,2B,46.0,B3,1,0,1,4,5.02%,-5.02%,0,0,320,27,5,PIT,HOU,2B,2B,,1
Ricky Steele,2271,431.0,Willoughby Hoose,112,874.0,LGO,443.0,B3,1,2,1,4,-4.33%,4.33%,0,0,320,27,5,PIT,HOU,LGO,LGO,,1
Johnny Hopkins,2070,715.0,Willoughby Hoose,112,938.0,FO,223.0,B3,2,2,1,4,-4.26%,4.26%,0,0,320,27,5,PIT,HOU,FO,FO,,1
Lemmy Fraser,2166,645.0,Darth Vader,336,388.0,FO,257.0,T4,0,0,1,4,-0.98%,0.98%,0,0,321,27,5,HOU,PIT,FO,FO,,1
Chris Keebler,2108,777.0,Darth Vader,336,255.0,LGO,478.0,T4,1,0,1,4,-0.83%,0.83%,0,0,321,27,5,HOU,PIT,LGO,LGO,,1
William Constantine,3292,,Darth Vader,336,,Auto K,,T4,2,0,1,4,-0.82%,0.82%,0,0,321,27,5,HOU,PIT,Auto K,Auto K,,9
Jameson Poe,310,416.0,Willoughby Hoose,112,361.0,2B,55.0,B4,0,0,1,4,7.25%,-7.25%,0,1,322,27,5,PIT,HOU,2B,2B,,1
Lance Lummox,314,907.0,Willoughby Hoose,112,496.0,K,411.0,B4,0,2,1,4,-4.86%,4.86%,0,0,322,27,5,PIT,HOU,K,K,,1
Baxter Payne,2021,212.0,Willoughby Hoose,112,364.0,BB,152.0,B4,1,2,1,4,4.24%,-4.24%,0,1,322,27,5,PIT,HOU,BB,BB,,1
Cook Froster,2033,524.0,Willoughby Hoose,112,696.0,BB,172.0,B4,1,4,1,4,10.35%,-10.35%,0,1,322,27,5,PIT,HOU,BB,BB,,1
Mike Anderson,2073,277.0,Willoughby Hoose,112,114.0,1B,163.0,B4,1,7,1,4,12.12%,-12.12%,1,1,322,27,5,PIT,HOU,1B,1B,,1
Jimmy Johns,303,876.0,Willoughby Hoose,112,777.0,1B,99.0,B4,1,7,2,4,14.09%,-14.09%,1,1,322,27,5,PIT,HOU,1B,1B,,1
Splash Nelson,312,985.0,Willoughby Hoose,112,114.0,1B,129.0,B4,1,7,3,4,16.17%,-16.17%,1,0,322,27,5,PIT,HOU,1B,1B,,1
Ricky Steele,2271,301.0,Willoughby Hoose,112,96.0,Sac,205.0,B4,1,7,4,4,4.46%,-4.46%,1,0,322,27,5,PIT,HOU,FO,FO,,1
Johnny Hopkins,2070,570.0,Willoughby Hoose,112,454.0,1B,116.0,B4,2,4,5,4,10.05%,-10.05%,1,0,322,27,5,PIT,HOU,1B,1B,,1
Jameson Poe,310,801.0,Willoughby Hoose,112,557.0,FO,244.0,B4,2,5,6,4,-3.02%,3.02%,0,0,322,27,5,PIT,HOU,FO,FO,,1
Jacques Blaque,2202,537.0,Darth Vader,336,465.0,1B,72.0,T5,0,0,6,4,5.36%,-5.36%,0,0,323,27,5,HOU,PIT,1B,1B,,1
Jimbo Fishy,1984,987.0,Darth Vader,336,584.0,DP,403.0,T5,0,1,6,4,-11.75%,11.75%,0,0,323,27,5,HOU,PIT,LGO,LGO,,1
Triston Uzumaki,125,92.0,Darth Vader,336,829.0,FO,263.0,T5,2,0,6,4,-1.93%,1.93%,0,0,323,27,5,HOU,PIT,FO,FO,,1
Lance Lummox,314,897.0,Willoughby Hoose,112,916.0,HR,19.0,B5,0,0,6,4,3.61%,-3.61%,1,1,324,27,5,PIT,HOU,HR,HR,,1
Baxter Payne,2021,210.0,Willoughby Hoose,112,647.0,PO,437.0,B5,0,0,7,4,-0.30%,0.30%,0,0,324,27,5,PIT,HOU,PO,PO,,1
Cook Froster,2033,122.0,Willoughby Hoose,112,588.0,LGO,466.0,B5,1,0,7,4,-0.31%,0.31%,0,0,324,27,5,PIT,HOU,LGO,LGO,,1
Mike Anderson,2073,,Willoughby Hoose,112,,Auto K,,B5,2,0,7,4,-0.22%,0.22%,0,0,324,27,5,PIT,HOU,Auto K,Auto K,,9
Jay Money,241,91.0,Yacob Yevans,3293,222.0,1B,131.0,T6,0,0,7,4,3.48%,-3.48%,0,0,325,27,5,HOU,PIT,1B,1B,,1
Buck Cheeks,457,108.0,Ricky Steele,2271,53.0,2B,55.0,T6,0,1,7,4,11.94%,-11.94%,0,0,325,27,5,HOU,PIT,2B,2B,,1
Chester Facto,2032,444.0,Ricky Steele,2271,132.0,K,312.0,T6,0,6,7,4,-6.91%,6.91%,0,0,325,27,5,HOU,PIT,K,K,,1
Lemmy Fraser,2166,598.0,Ricky Steele,2271,301.0,K,297.0,T6,1,6,7,4,-7.63%,7.63%,0,0,325,27,5,HOU,PIT,K,K,,1
Chris Keebler,2108,76.0,Ricky Steele,2271,451.0,K,375.0,T6,2,6,7,4,-4.64%,4.64%,0,0,325,27,5,HOU,PIT,K,K,,1
H.B. Boink,1988,234.0,Sal Shark,2147,843.0,LGO,391.0,T1,0,0,0,0,-2.51%,2.51%,0,0,326,28,5,ATL,OAK,LGO,LGO,,1
Cal Tiberius Jr.,199,622.0,Sal Shark,2147,466.0,BB,156.0,T1,1,0,0,0,2.43%,-2.43%,0,1,326,28,5,ATL,OAK,BB,BB,,1
Jake Blee,232,101.0,Sal Shark,2147,372.0,FO,271.0,T1,1,1,0,0,-2.63%,2.63%,0,0,326,28,5,ATL,OAK,FO,FO,,1
C.J. Bastian,1989,702.0,Sal Shark,2147,686.0,HR,16.0,T1,2,1,0,0,21.23%,-21.23%,2,1,326,28,5,ATL,OAK,HR,HR,,1
Charles Lindberg,242,944.0,Sal Shark,2147,993.0,2B,49.0,T1,2,0,0,2,2.22%,-2.22%,0,0,326,28,5,ATL,OAK,2B,2B,,1
Forrest Gleeson,51,999.0,Sal Shark,2147,740.0,FO,259.0,T1,2,2,0,2,-3.46%,3.46%,0,0,326,28,5,ATL,OAK,FO,FO,,1
Art Zyz,1982,350.0,Cal Tiberius Jr.,199,280.0,1B,70.0,B1,0,0,0,2,3.47%,-3.47%,0,0,327,28,5,OAK,ATL,1B,1B,,1
Bobson Dugnutt,2096,411.0,Cal Tiberius Jr.,199,632.0,FO,221.0,B1,0,1,0,2,-3.38%,3.38%,0,0,327,28,5,OAK,ATL,FO,FO,,1
Blue Moon Barthelemy,2025,1.0,Cal Tiberius Jr.,199,183.0,FO,182.0,B1,1,1,0,2,-2.89%,2.89%,0,0,327,28,5,OAK,ATL,FO,FO,,1
Caleb VanVacter,2103,352.0,Cal Tiberius Jr.,199,241.0,1B,111.0,B1,2,1,0,2,3.29%,-3.29%,0,0,327,28,5,OAK,ATL,1B,1B,,1
Graham Othrie,2139,895.0,Cal Tiberius Jr.,199,406.0,LGO,489.0,B1,2,5,0,2,-7.15%,7.15%,0,0,327,28,5,OAK,ATL,LGO,LGO,,1
Phil Coulson,226,838.0,Sal Shark,2147,747.0,1B,91.0,T2,0,0,0,2,1.66%,-1.66%,0,0,328,28,5,ATL,OAK,1B,1B,,1
Y.E. Wally,5,180.0,Sal Shark,2147,17.0,FO,163.0,T2,0,1,0,2,-2.00%,2.00%,0,0,328,28,5,ATL,OAK,FO,FO,,1
Gil Metz,206,95.0,Sal Shark,2147,800.0,K,295.0,T2,1,1,0,2,-1.61%,1.61%,0,0,328,28,5,ATL,OAK,K,K,,1
H.B. Boink,1988,942.0,Sal Shark,2147,360.0,LGO,418.0,T2,2,1,0,2,-2.64%,2.64%,0,0,328,28,5,ATL,OAK,LGO,LGO,,1
Rick Gymnast,3283,330.0,Cal Tiberius Jr.,199,777.0,LGO,447.0,B2,0,0,0,2,-2.94%,2.94%,0,0,329,28,5,OAK,ATL,LGO,LGO,,1
Sal Shark,2147,280.0,Cal Tiberius Jr.,199,707.0,LGO,427.0,B2,1,0,0,2,-2.53%,2.53%,0,0,329,28,5,OAK,ATL,LGO,LGO,,1
Kid Notcher,429,847.0,Cal Tiberius Jr.,199,732.0,1B,115.0,B2,2,0,0,2,2.19%,-2.19%,0,0,329,28,5,OAK,ATL,1B,1B,,1
Boaty McBoatface,2095,750.0,Cal Tiberius Jr.,199,447.0,K,303.0,B2,2,1,0,2,-4.11%,4.11%,0,0,329,28,5,OAK,ATL,K,K,,1
Cal Tiberius Jr.,199,622.0,Sal Shark,2147,413.0,FO,209.0,T3,0,0,0,2,-1.72%,1.72%,0,0,330,28,5,ATL,OAK,FO,FO,,1
Jake Blee,232,103.0,Sal Shark,2147,940.0,FO,163.0,T3,1,0,0,2,-1.56%,1.56%,0,0,330,28,5,ATL,OAK,FO,FO,,1
C.J. Bastian,1989,424.0,Sal Shark,2147,125.0,FO,299.0,T3,2,0,0,2,-1.30%,1.30%,0,0,330,28,5,ATL,OAK,FO,FO,,1
Art Zyz,1982,809.0,Cal Tiberius Jr.,199,32.0,FO,223.0,B3,0,0,0,2,-3.28%,3.28%,0,0,331,28,5,OAK,ATL,FO,FO,,1
Bobson Dugnutt,2096,199.0,Cal Tiberius Jr.,199,677.0,LGO,478.0,B3,1,0,0,2,-2.78%,2.78%,0,0,331,28,5,OAK,ATL,LGO,LGO,,1
Blue Moon Barthelemy,2025,202.0,Cal Tiberius Jr.,199,449.0,FO,247.0,B3,2,0,0,2,-2.07%,2.07%,0,0,331,28,5,OAK,ATL,FO,FO,,1
Charles Lindberg,242,312.0,Sal Shark,2147,907.0,PO,405.0,T4,0,0,0,2,-1.53%,1.53%,0,0,332,28,5,ATL,OAK,PO,PO,,1
Forrest Gleeson,51,530.0,Sal Shark,2147,876.0,K,346.0,T4,1,0,0,2,-1.44%,1.44%,0,0,332,28,5,ATL,OAK,K,K,,1
Phil Coulson,226,235.0,Sal Shark,2147,196.0,2B,39.0,T4,2,0,0,2,1.86%,-1.86%,0,0,332,28,5,ATL,OAK,2B,2B,,1
Y.E. Wally,5,618.0,Sal Shark,2147,1.0,K,383.0,T4,2,2,0,2,-3.12%,3.12%,0,0,332,28,5,ATL,OAK,K,K,,1
Caleb VanVacter,2103,525.0,Cal Tiberius Jr.,199,451.0,2B,74.0,B4,0,0,0,2,9.51%,-9.51%,0,1,333,28,5,OAK,ATL,2B,2B,,1
Graham Othrie,2139,645.0,Cal Tiberius Jr.,199,325.0,K,320.0,B4,0,2,0,2,-6.25%,6.25%,0,0,333,28,5,OAK,ATL,K,K,,1
Rick Gymnast,3283,604.0,Cal Tiberius Jr.,199,723.0,1B,119.0,B4,1,2,0,2,7.91%,-7.91%,0,0,333,28,5,OAK,ATL,1B,1B,,1
Sal Shark,2147,645.0,Cal Tiberius Jr.,199,711.0,1B,66.0,B4,1,5,0,2,9.79%,-9.79%,1,0,333,28,5,OAK,ATL,1B,1B,,1
Kid Notcher,429,42.0,Cal Tiberius Jr.,199,538.0,DP,496.0,B4,1,4,1,2,-17.89%,17.89%,0,0,333,28,5,OAK,ATL,LGO,LGO,,1
Gil Metz,206,271.0,Sal Shark,2147,950.0,K,321.0,T5,0,0,1,2,-2.29%,2.29%,0,0,334,28,5,ATL,OAK,K,K,,1
H.B. Boink,1988,867.0,Sal Shark,2147,246.0,LGO,379.0,T5,1,0,1,2,-2.08%,2.08%,0,0,334,28,5,ATL,OAK,LGO,LGO,,1
Cal Tiberius Jr.,199,141.0,Sal Shark,2147,300.0,BB,159.0,T5,2,0,1,2,1.87%,-1.87%,0,0,334,28,5,ATL,OAK,BB,BB,,1
Jake Blee,232,441.0,Sal Shark,2147,192.0,FO,249.0,T5,2,1,1,2,-3.78%,3.78%,0,0,334,28,5,ATL,OAK,FO,FO,,1
Boaty McBoatface,2095,125.0,Cal Tiberius Jr.,199,72.0,2B,53.0,B5,0,0,1,2,14.89%,-14.89%,0,0,335,28,5,OAK,ATL,2B,2B,,1
Art Zyz,1982,227.0,Cal Tiberius Jr.,199,445.0,FO,218.0,B5,0,2,1,2,-9.58%,9.58%,0,0,335,28,5,OAK,ATL,FO,FO,,1
Bobson Dugnutt,2096,600.0,Cal Tiberius Jr.,199,214.0,LGO,386.0,B5,1,2,1,2,-8.73%,8.73%,0,0,335,28,5,OAK,ATL,LGO,LGO,,1
Blue Moon Barthelemy,2025,420.0,Cal Tiberius Jr.,199,997.0,LGO,423.0,B5,2,2,1,2,-11.96%,11.96%,0,0,335,28,5,OAK,ATL,LGO,LGO,,1
C.J. Bastian,1989,601.0,Sal Shark,2147,540.0,2B,61.0,T6,0,0,1,2,4.17%,-4.17%,0,0,336,28,5,ATL,OAK,2B,2B,,1
Charles Lindberg,242,701.0,Sal Shark,2147,816.0,1B,115.0,T6,0,2,1,2,4.67%,-4.67%,0,0,336,28,5,ATL,OAK,1B,1B,,1
Forrest Gleeson,51,30.0,Sal Shark,2147,490.0,DP,460.0,T6,0,5,1,2,-0.87%,0.87%,0,0,336,28,5,ATL,OAK,LGO,LGO,,1
Phil Coulson,226,372.0,Sal Shark,2147,862.0,LGO,490.0,T6,2,0,1,3,-0.69%,0.69%,0,0,336,28,5,ATL,OAK,LGO,LGO,,1
Caleb VanVacter,2103,975.0,Cal Tiberius Jr.,199,732.0,FO,243.0,B6,0,0,1,3,-4.76%,4.76%,0,0,337,28,5,OAK,ATL,FO,FO,,1
Graham Othrie,2139,813.0,Cal Tiberius Jr.,199,224.0,LGO,411.0,B6,1,0,1,3,-3.71%,3.71%,0,0,337,28,5,OAK,ATL,LGO,LGO,,1
Rick Gymnast,3283,148.0,Cal Tiberius Jr.,199,124.0,2B,24.0,B6,2,0,1,3,4.66%,-4.66%,0,0,337,28,5,OAK,ATL,2B,2B,,1
Sal Shark,2147,90.0,Cal Tiberius Jr.,199,800.0,K,290.0,B6,2,2,1,3,-6.82%,6.82%,0,0,337,28,5,OAK,ATL,K,K,,1
Cambo Dia,2010,168.0,Hudson Hildebrandt,284,633.0,LGO,465.0,T1,0,0,0,0,-2.51%,2.51%,0,0,338,29,5,PHI,WAS,LGO,LGO,,1
Lefty Schweez,2186,773.0,Hudson Hildebrandt,284,323.0,LGO,450.0,T1,1,0,0,0,-2.18%,2.18%,0,0,338,29,5,PHI,WAS,LGO,LGO,,1
Conrad Love,300,56.0,Hudson Hildebrandt,284,1.0,2B,55.0,T1,2,0,0,0,3.05%,-3.05%,0,0,338,29,5,PHI,WAS,2B,2B,,1
Hunter Tuzero,346,891.0,Hudson Hildebrandt,284,233.0,PO,342.0,T1,2,2,0,0,-4.81%,4.81%,0,0,338,29,5,PHI,WAS,PO,PO,,1
Rusty LaRue,2203,655.0,Cy Hadd,3295,190.0,LGO,465.0,B1,0,0,0,0,-2.48%,2.48%,0,0,339,29,5,WAS,PHI,LGO,LGO,,1
Herrera O'Doubles,2055,740.0,Cy Hadd,3295,73.0,K,333.0,B1,1,0,0,0,-2.17%,2.17%,0,0,339,29,5,WAS,PHI,K,K,,1
Osmosis Jones,37,630.0,Cy Hadd,3295,948.0,K,318.0,B1,2,0,0,0,-1.79%,1.79%,0,0,339,29,5,WAS,PHI,K,K,,1
Cy Hadd,3295,1.0,Hudson Hildebrandt,284,1.0,HR,0.0,T2,0,0,0,0,12.97%,-12.97%,1,1,340,29,5,PHI,WAS,HR,HR,,1
Kyle Mack,2011,420.0,Hudson Hildebrandt,284,734.0,LGO,314.0,T2,0,0,0,1,-2.27%,2.27%,0,0,340,29,5,PHI,WAS,LGO,LGO,,1
Ross Fire,47,1.0,Hudson Hildebrandt,284,684.0,LGO,317.0,T2,1,0,0,1,-2.02%,2.02%,0,0,340,29,5,PHI,WAS,LGO,LGO,,1
KC Bats,287,335.0,Hudson Hildebrandt,284,324.0,HR,11.0,T2,2,0,0,1,12.05%,-12.05%,1,1,340,29,5,PHI,WAS,HR,HR,,1
Jay Lupp,3278,654.0,Hudson Hildebrandt,284,257.0,LGO,397.0,T2,2,0,0,2,-1.37%,1.37%,0,0,340,29,5,PHI,WAS,LGO,LGO,,1
Timothy Moyer,2345,827.0,Cy Hadd,3295,36.0,FO,209.0,B2,0,0,0,2,-2.94%,2.94%,0,0,341,29,5,WAS,PHI,FO,FO,,1
Gene Hennig,2040,877.0,Cy Hadd,3295,8.0,1B,131.0,B2,1,0,0,2,2.98%,-2.98%,0,1,341,29,5,WAS,PHI,1B,1B,,1
Mylo Grams,396,320.0,Cy Hadd,3295,323.0,HR,3.0,B2,1,1,0,2,23.71%,-23.71%,2,1,341,29,5,WAS,PHI,HR,HR,,1
Bo Kinsella,2051,410.0,Cy Hadd,3295,725.0,K,315.0,B2,1,0,2,2,-2.38%,2.38%,0,0,341,29,5,WAS,PHI,K,K,,1
Chad Barrett,2030,234.0,Cy Hadd,3295,525.0,K,291.0,B2,2,0,2,2,-2.03%,2.03%,0,0,341,29,5,WAS,PHI,K,K,,1
Cambo Dia,2010,58.0,Hudson Hildebrandt,284,187.0,1B,129.0,T3,0,0,2,2,3.31%,-3.31%,0,0,342,29,5,PHI,WAS,1B,1B,,1
Lefty Schweez,2186,462.0,Hudson Hildebrandt,284,872.0,DP,410.0,T3,0,1,2,2,-9.08%,9.08%,0,0,342,29,5,PHI,WAS,LGO,LGO,,1
Conrad Love,300,1.0,Hudson Hildebrandt,284,699.0,K,302.0,T3,2,0,2,2,-2.31%,2.31%,0,0,342,29,5,PHI,WAS,K,K,,1
Larry Wayne,2053,925.0,Cy Hadd,3295,470.0,LGO,455.0,B3,0,0,2,2,-3.07%,3.07%,0,0,343,29,5,WAS,PHI,LGO,LGO,,1
Rusty LaRue,2203,675.0,Cy Hadd,3295,410.0,FO,265.0,B3,1,0,2,2,-2.77%,2.77%,0,0,343,29,5,WAS,PHI,FO,FO,,1
Herrera O'Doubles,2055,640.0,Cy Hadd,3295,125.0,LGO,485.0,B3,2,0,2,2,-2.27%,2.27%,0,0,343,29,5,WAS,PHI,LGO,LGO,,1
Hunter Tuzero,346,450.0,Hudson Hildebrandt,284,670.0,FO,220.0,T4,0,0,2,2,-3.58%,3.58%,0,0,344,29,5,PHI,WAS,FO,FO,,1
Cy Hadd,3295,799.0,Hudson Hildebrandt,284,305.0,LGO,494.0,T4,1,0,2,2,-3.19%,3.19%,0,0,344,29,5,PHI,WAS,LGO,LGO,,1
Kyle Mack,2011,696.0,Hudson Hildebrandt,284,672.0,2B,24.0,T4,2,0,2,2,4.46%,-4.46%,0,0,344,29,5,PHI,WAS,2B,2B,,1
Ross Fire,47,870.0,Hudson Hildebrandt,284,404.0,LGO,466.0,T4,2,2,2,2,-7.21%,7.21%,0,0,344,29,5,PHI,WAS,LGO,LGO,,1
Osmosis Jones,37,202.0,Cy Hadd,3295,882.0,K,320.0,B4,0,0,2,2,-3.43%,3.43%,0,0,345,29,5,WAS,PHI,K,K,,1
Timothy Moyer,2345,633.0,Cy Hadd,3295,621.0,HR,12.0,B4,1,0,2,2,20.22%,-20.22%,1,1,345,29,5,WAS,PHI,HR,HR,,1
Gene Hennig,2040,333.0,Oliver Yu,286,617.0,K,284.0,B4,1,0,3,2,-1.74%,1.74%,0,0,345,29,5,WAS,PHI,K,K,,1
Mylo Grams,396,800.0,Oliver Yu,286,765.0,2B,35.0,B4,2,0,3,2,2.65%,-2.65%,0,0,345,29,5,WAS,PHI,2B,2B,,1
Bo Kinsella,2051,847.0,Oliver Yu,286,77.0,FO,230.0,B4,2,2,3,2,-4.14%,4.14%,0,0,345,29,5,WAS,PHI,FO,FO,,1
KC Bats,287,551.0,Hudson Hildebrandt,284,535.0,3B,16.0,T5,0,0,3,2,19.17%,-19.17%,0,1,346,29,5,PHI,WAS,3B,3B,,1
Jay Lupp,3278,428.0,Hudson Hildebrandt,284,220.0,Sac,208.0,T5,0,3,3,2,-0.45%,0.45%,1,0,346,29,5,PHI,WAS,FO,FO,,1
Cambo Dia,2010,1.0,Hudson Hildebrandt,284,189.0,FO,188.0,T5,1,0,3,3,-3.90%,3.90%,0,0,346,29,5,PHI,WAS,FO,FO,,1
Lefty Schweez,2186,733.0,Hudson Hildebrandt,284,809.0,1B,76.0,T5,2,0,3,3,3.36%,-3.36%,0,0,346,29,5,PHI,WAS,1B,1B,,1
Conrad Love,300,500.0,Hudson Hildebrandt,284,720.0,FO,220.0,T5,2,1,3,3,-6.87%,6.87%,0,0,346,29,5,PHI,WAS,FO,FO,,1
Chad Barrett,2030,430.0,Oliver Yu,286,320.0,1B,110.0,B5,0,0,3,3,3.33%,-3.33%,0,0,347,29,5,WAS,PHI,1B,1B,,1
Larry Wayne,2053,33.0,Oliver Yu,286,471.0,DP,438.0,B5,0,1,3,3,-11.34%,11.34%,0,0,347,29,5,WAS,PHI,LGO,LGO,,1
Rusty LaRue,2203,553.0,Oliver Yu,286,519.0,2B,34.0,B5,2,0,3,3,5.80%,-5.80%,0,0,347,29,5,WAS,PHI,2B,2B,,1
Herrera O'Doubles,2055,12.0,Oliver Yu,286,645.0,PO,367.0,B5,2,2,3,3,-9.48%,9.48%,0,0,347,29,5,WAS,PHI,PO,PO,,1
Hunter Tuzero,346,670.0,Hudson Hildebrandt,284,287.0,LGO,383.0,T6,0,0,3,3,-5.44%,5.44%,0,0,348,29,5,PHI,WAS,LGO,LGO,,1
Oliver Yu,286,620.0,Hudson Hildebrandt,284,882.0,K,262.0,T6,1,0,3,3,-5.08%,5.08%,0,0,348,29,5,PHI,WAS,K,K,,1
Kyle Mack,2011,543.0,Hudson Hildebrandt,284,401.0,BB,142.0,T6,2,0,3,3,4.02%,-4.02%,0,0,348,29,5,PHI,WAS,BB,BB,,1
Kyle Mack,2011,220.0,Hudson Hildebrandt,284,872.0,CS,348.0,T6,2,1,3,3,-8.93%,8.93%,0,0,348,29,5,PHI,WAS,CS 2B,CS 2B,,4
Osmosis Jones,37,630.0,Oliver Yu,286,671.0,2B,41.0,B6,0,0,3,3,12.74%,-12.74%,0,1,349,29,5,WAS,PHI,2B,2B,,1
Timothy Moyer,2345,,Oliver Yu,286,,IBB,,B6,0,2,3,3,-1.59%,1.59%,0,0,349,29,5,WAS,PHI,IBB,IBB,,8
Gene Hennig,2040,764.0,Oliver Yu,286,88.0,K,324.0,B6,0,4,3,3,-7.68%,7.68%,0,0,349,29,5,WAS,PHI,K,K,,1
Mylo Grams,396,486.0,Oliver Yu,286,97.0,DP,389.0,B6,1,4,3,3,-32.33%,32.33%,0,0,349,29,5,WAS,PHI,LGO,LGO,,1
Ross Fire,47,220.0,Hudson Hildebrandt,284,200.0,2B,20.0,T7,0,2,3,3,22.87%,-22.87%,1,1,350,29,5,PHI,WAS,2B,2B,,1
KC Bats,287,,Hudson Hildebrandt,284,,IBB,,T7,0,2,3,4,0.41%,-0.41%,0,1,350,29,5,PHI,WAS,IBB,IBB,,8
Jay Lupp,3278,210.0,Hudson Hildebrandt,284,242.0,2B,32.0,T7,0,4,3,4,9.51%,-9.51%,1,1,350,29,5,PHI,WAS,2B,2B,,1
Cambo Dia,2010,250.0,Hudson Hildebrandt,284,250.0,HR,0.0,T7,0,6,3,5,3.11%,-3.11%,3,1,350,29,5,PHI,WAS,HR,HR,,1
Lefty Schweez,2186,316.0,Jay Bedia,2151,897.0,LGO,419.0,T7,0,0,3,8,-0.08%,0.08%,0,0,350,29,5,PHI,WAS,LGO,LGO,,1
Conrad Love,300,1000.0,Jay Bedia,2151,934.0,1B,66.0,T7,1,0,3,8,0.06%,-0.06%,0,1,350,29,5,PHI,WAS,1B,1B,,1
Hunter Tuzero,346,720.0,Jay Bedia,2151,747.0,HR,27.0,T7,1,1,3,8,0.60%,-0.60%,2,1,350,29,5,PHI,WAS,HR,HR,,1
Oliver Yu,286,330.0,Jay Bedia,2151,78.0,FO,252.0,T7,1,0,3,10,-0.01%,0.01%,0,0,350,29,5,PHI,WAS,FO,FO,,1
Kyle Mack,2011,433.0,Jay Bedia,2151,666.0,FO,233.0,T7,2,0,3,10,-0.25%,0.25%,0,0,350,29,5,PHI,WAS,FO,FO,,1
Bo Kinsella,2051,315.0,Oliver Yu,286,753.0,LGO,438.0,B7,0,2,3,10,-0.30%,0.30%,0,0,351,29,5,WAS,PHI,LGO,LGO,,1
Chad Barrett,2030,812.0,Oliver Yu,286,348.0,LGO,464.0,B7,1,2,3,10,-0.07%,0.07%,0,0,351,29,5,WAS,PHI,LGO,LGO,,1
Larry Wayne,2053,455.0,Oliver Yu,286,656.0,FO,201.0,B7,2,2,3,10,-0.02%,0.02%,0,0,351,29,5,WAS,PHI,FO,FO,,1
Will Power,8,630.0,Tim Burr,2129,285.0,LGO,345.0,T1,0,0,0,0,-2.51%,2.51%,0,0,352,30,5,ARI,MIN,LGO,LGO,,1
Rico Veringhipster,2014,808.0,Tim Burr,2129,357.0,LGO,451.0,T1,1,0,0,0,-2.18%,2.18%,0,0,352,30,5,ARI,MIN,LGO,LGO,,1
Brent Royal,2078,473.0,Tim Burr,2129,139.0,K,334.0,T1,2,0,0,0,-1.76%,1.76%,0,0,352,30,5,ARI,MIN,K,K,,1
Dark Bobman,359,800.0,Einhorn,74,786.0,HR,14.0,B1,0,0,0,0,11.79%,-11.79%,1,1,353,30,5,MIN,ARI,HR,HR,,1
Twinkie Power,2128,202.0,Einhorn,74,326.0,1B,124.0,B1,0,0,1,0,2.23%,-2.23%,0,0,353,30,5,MIN,ARI,1B,1B,,1
"Jake ""JP"" Panik",267,420.0,Einhorn,74,607.0,FO,187.0,B1,0,1,1,0,-2.61%,2.61%,0,0,353,30,5,MIN,ARI,FO,FO,,1
Mike Cal,2126,153.0,Einhorn,74,240.0,1B,87.0,B1,1,1,1,0,3.13%,-3.13%,0,0,353,30,5,MIN,ARI,1B,1B,,1
C.W. Mitzel,2127,369.0,Einhorn,74,502.0,1B,133.0,B1,1,4,1,0,6.09%,-6.09%,0,0,353,30,5,MIN,ARI,1B,1B,,1
Miguel Snow,290,760.0,Einhorn,74,447.0,K,313.0,B1,1,7,1,0,-6.85%,6.85%,0,0,353,30,5,MIN,ARI,K,K,,1
Jack Marnette,213,391.0,Einhorn,74,680.0,FO,289.0,B1,2,7,1,0,-7.20%,7.20%,0,0,353,30,5,MIN,ARI,FO,FO,,1
Garrett Ipnov,2136,894.0,Tim Burr,2129,605.0,K,289.0,T2,0,0,1,0,-2.95%,2.95%,0,0,354,30,5,ARI,MIN,K,K,,1
Garren Smudge,133,787.0,Tim Burr,2129,484.0,K,303.0,T2,1,0,1,0,-2.51%,2.51%,0,0,354,30,5,ARI,MIN,K,K,,1
Assassin Panda,15,518.0,Tim Burr,2129,951.0,LGO,433.0,T2,2,0,1,0,-1.96%,1.96%,0,0,354,30,5,ARI,MIN,LGO,LGO,,1
Travis Hanky,2125,455.0,Einhorn,74,680.0,FO,225.0,B2,0,0,1,0,-2.00%,2.00%,0,0,355,30,5,MIN,ARI,FO,FO,,1
Tater Tits,4,300.0,Einhorn,74,975.0,K,325.0,B2,1,0,1,0,-1.83%,1.83%,0,0,355,30,5,MIN,ARI,K,K,,1
Dark Bobman,359,180.0,Einhorn,74,148.0,2B,32.0,B2,2,0,1,0,2.57%,-2.57%,0,0,355,30,5,MIN,ARI,2B,2B,,1
Twinkie Power,2128,404.0,Einhorn,74,209.0,FO,195.0,B2,2,2,1,0,-4.13%,4.13%,0,0,355,30,5,MIN,ARI,FO,FO,,1
Obi-Wan Canoli,3281,,Tim Burr,2129,,Auto K,,T3,0,0,1,0,-3.32%,3.32%,0,0,356,30,5,ARI,MIN,Auto K,Auto K,,9
Tsar Zaar,274,329.0,Tim Burr,2129,207.0,1B,122.0,T3,1,0,1,0,3.27%,-3.27%,0,0,356,30,5,ARI,MIN,1B,1B,,1
Trey Rangers,224,881.0,Tim Burr,2129,345.0,DP,464.0,T3,1,1,1,0,-8.38%,8.38%,0,0,356,30,5,ARI,MIN,LGO,LGO,,1
"Jake ""JP"" Panik",267,780.0,Einhorn,74,260.0,LGO,480.0,B3,0,0,1,0,-2.04%,2.04%,0,0,357,30,5,MIN,ARI,LGO,LGO,,1
Mike Cal,2126,69.0,Einhorn,74,973.0,1B,96.0,B3,1,0,1,0,1.65%,-1.65%,0,0,357,30,5,MIN,ARI,1B,1B,,1
C.W. Mitzel,2127,666.0,Einhorn,74,374.0,FO,292.0,B3,1,1,1,0,-1.91%,1.91%,0,0,357,30,5,MIN,ARI,FO,FO,,1
Miguel Snow,290,420.0,Einhorn,74,101.0,K,319.0,B3,2,1,1,0,-3.16%,3.16%,0,0,357,30,5,MIN,ARI,K,K,,1
Will Power,8,,Tim Burr,2129,,Auto K,,T4,0,0,1,0,-3.96%,3.96%,0,0,358,30,5,ARI,MIN,Auto K,Auto K,,9
Rico Veringhipster,2014,440.0,Hudson Quin,58,360.0,1B,80.0,T4,1,0,1,0,3.84%,-3.84%,0,0,358,30,5,ARI,MIN,1B,1B,,1
Brent Royal,2078,212.0,Hudson Quin,58,541.0,K,329.0,T4,1,1,1,0,-3.93%,3.93%,0,0,358,30,5,ARI,MIN,K,K,,1
Garrett Ipnov,2136,7.0,Hudson Quin,58,410.0,LGO,403.0,T4,2,1,1,0,-6.06%,6.06%,0,0,358,30,5,ARI,MIN,LGO,LGO,,1
Jack Marnette,213,516.0,Einhorn,74,274.0,FO,242.0,B4,0,0,1,0,-1.87%,1.87%,0,0,359,30,5,MIN,ARI,FO,FO,,1
Travis Hanky,2125,350.0,Einhorn,74,289.0,2B,61.0,B4,1,0,1,0,3.64%,-3.64%,0,0,359,30,5,MIN,ARI,2B,2B,,1
Tater Tits,4,300.0,Einhorn,74,439.0,BB,139.0,B4,1,2,1,0,0.68%,-0.68%,0,0,359,30,5,MIN,ARI,BB,BB,,1
Dark Bobman,359,1.0,Einhorn,74,516.0,DP,485.0,B4,1,4,1,0,-7.55%,7.55%,0,0,359,30,5,MIN,ARI,LGO,LGO,,1
Garren Smudge,133,418.0,Hudson Quin,58,901.0,LGO,483.0,T5,0,0,1,0,-4.98%,4.98%,0,0,360,30,5,ARI,MIN,LGO,LGO,,1
Assassin Panda,15,545.0,Hudson Quin,58,349.0,FO,196.0,T5,1,0,1,0,-4.32%,4.32%,0,0,360,30,5,ARI,MIN,FO,FO,,1
S.K. Brettbug,2015,800.0,Hudson Quin,58,63.0,FO,263.0,T5,2,0,1,0,-3.61%,3.61%,0,0,360,30,5,ARI,MIN,FO,FO,,1
Twinkie Power,2128,837.0,Einhorn,74,204.0,K,367.0,B5,0,0,1,0,-1.37%,1.37%,0,0,361,30,5,MIN,ARI,K,K,,1
"Jake ""JP"" Panik",267,149.0,Einhorn,74,52.0,1B,97.0,B5,1,0,1,0,1.14%,-1.14%,0,0,361,30,5,MIN,ARI,1B,1B,,1
Mike Cal,2126,380.0,Einhorn,74,864.0,DP,484.0,B5,1,1,1,0,-3.58%,3.58%,0,0,361,30,5,MIN,ARI,LGO,LGO,,1
Tsar Zaar,274,816.0,Hudson Quin,58,658.0,1B,158.0,T6,0,0,1,0,7.48%,-7.48%,0,0,362,30,5,ARI,MIN,1B,1B,,1
Trey Rangers,224,682.0,Hudson Quin,58,183.0,DP,499.0,T6,0,1,1,0,-20.21%,20.21%,0,0,362,30,5,ARI,MIN,LGO,LGO,,1
Will Power,8,933.0,Hudson Quin,58,542.0,K,391.0,T6,2,0,1,0,-5.13%,5.13%,0,0,362,30,5,ARI,MIN,K,K,,1
Whit Merto,162,317.0,Cal Tiberius Jr.,199,432.0,1B,115.0,T1,0,0,0,0,2.91%,-2.91%,0,0,363,31,6,BAL,ATL,1B,1B,,1
Clipper Charge,171,420.0,Cal Tiberius Jr.,199,115.0,K,305.0,T1,0,1,0,0,-2.99%,2.99%,0,0,363,31,6,BAL,ATL,K,K,,1
Randy Nummer,2066,305.0,Cal Tiberius Jr.,199,211.0,1B,94.0,T1,1,1,0,0,4.11%,-4.11%,0,0,363,31,6,BAL,ATL,1B,1B,,1
Sam Smith,158,802.0,Cal Tiberius Jr.,199,405.0,DP,397.0,T1,1,4,0,0,-10.48%,10.48%,0,0,363,31,6,BAL,ATL,LGO,LGO,,1
H.B. Boink,1988,211.0,Rob Pancakes,1966,69.0,1B,142.0,B1,0,0,0,0,2.76%,-2.76%,0,0,364,31,6,ATL,BAL,1B,1B,,1
Jake Blee,232,862.0,Rob Pancakes,1966,311.0,DP,449.0,B1,0,1,0,0,-7.41%,7.41%,0,0,364,31,6,ATL,BAL,LGO,LGO,,1
C.J. Bastian,1989,412.0,Rob Pancakes,1966,811.0,K,399.0,B1,2,0,0,0,-1.79%,1.79%,0,0,364,31,6,ATL,BAL,K,K,,1
Bernie Petrol,1972,223.0,Cal Tiberius Jr.,199,320.0,1B,97.0,T2,0,0,0,0,3.09%,-3.09%,0,1,365,31,6,BAL,ATL,1B,1B,,1
Indy Sayne,151,420.0,Cal Tiberius Jr.,199,631.0,FO,211.0,T2,0,1,0,0,-3.24%,3.24%,0,0,365,31,6,BAL,ATL,FO,FO,,1
Ludd Van Shark,1968,823.0,Cal Tiberius Jr.,199,861.0,2B,38.0,T2,1,1,0,0,10.50%,-10.50%,0,1,365,31,6,BAL,ATL,2B,2B,,1
Johnny Dickshot,233,347.0,Cal Tiberius Jr.,199,345.0,HR,2.0,T2,1,6,0,0,20.78%,-20.78%,3,1,365,31,6,BAL,ATL,HR,HR,,1
Meerkat Timmons,147,654.0,Cal Tiberius Jr.,199,754.0,1B,100.0,T2,1,0,0,3,1.17%,-1.17%,0,0,365,31,6,BAL,ATL,1B,1B,,1
Whit Merto,162,956.0,Cal Tiberius Jr.,199,421.0,DP,465.0,T2,1,1,0,3,-3.21%,3.21%,0,0,365,31,6,BAL,ATL,LGO,LGO,,1
Charles Lindberg,242,118.0,Rob Pancakes,1966,683.0,PO,435.0,B2,0,0,0,3,-2.53%,2.53%,0,0,366,31,6,ATL,BAL,PO,PO,,1
Y.E. Wally,5,22.0,Rob Pancakes,1966,944.0,1B,78.0,B2,1,0,0,3,2.55%,-2.55%,0,0,366,31,6,ATL,BAL,1B,1B,,1
Forrest Gleeson,51,505.0,Rob Pancakes,1966,295.0,FO,210.0,B2,1,1,0,3,-2.57%,2.57%,0,0,366,31,6,ATL,BAL,FO,FO,,1
Phil Coulson,226,587.0,Rob Pancakes,1966,731.0,BB,144.0,B2,2,1,0,3,3.37%,-3.37%,0,0,366,31,6,ATL,BAL,BB,BB,,1
Sadler Oriole,231,500.0,Rob Pancakes,1966,1.0,LGO,499.0,B2,2,4,0,3,-6.86%,6.86%,0,0,366,31,6,ATL,BAL,LGO,LGO,,1
Clipper Charge,171,366.0,Cal Tiberius Jr.,199,644.0,K,278.0,T3,0,0,0,3,-1.14%,1.14%,0,0,367,31,6,BAL,ATL,K,K,,1
Randy Nummer,2066,911.0,Cal Tiberius Jr.,199,752.0,BB,159.0,T3,1,0,0,3,0.93%,-0.93%,0,0,367,31,6,BAL,ATL,BB,BB,,1
Sam Smith,158,380.0,Cal Tiberius Jr.,199,856.0,DP,476.0,T3,1,1,0,3,-2.84%,2.84%,0,0,367,31,6,BAL,ATL,LGO,LGO,,1
Gil Metz,206,7.0,Rob Pancakes,1966,657.0,K,350.0,B3,0,0,0,3,-2.70%,2.70%,0,0,368,31,6,ATL,BAL,K,K,,1
H.B. Boink,1988,982.0,Rob Pancakes,1966,294.0,K,312.0,B3,1,0,0,3,-2.15%,2.15%,0,0,368,31,6,ATL,BAL,K,K,,1
Jake Blee,232,889.0,Rob Pancakes,1966,682.0,FO,207.0,B3,2,0,0,3,-1.42%,1.42%,0,0,368,31,6,ATL,BAL,FO,FO,,1
Bernie Petrol,1972,612.0,Cal Tiberius Jr.,199,925.0,K,313.0,T4,0,0,0,3,-0.98%,0.98%,0,0,369,31,6,BAL,ATL,K,K,,1
Indy Sayne,151,2.0,Cal Tiberius Jr.,199,123.0,1B,121.0,T4,1,0,0,3,0.69%,-0.69%,0,0,369,31,6,BAL,ATL,1B,1B,,1
Ludd Van Shark,1968,19.0,Cal Tiberius Jr.,199,204.0,FO,185.0,T4,1,1,0,3,-0.74%,0.74%,0,0,369,31,6,BAL,ATL,FO,FO,,1
Johnny Dickshot,233,345.0,Cal Tiberius Jr.,199,610.0,FO,265.0,T4,2,1,0,3,-1.60%,1.60%,0,0,369,31,6,BAL,ATL,FO,FO,,1
C.J. Bastian,1989,995.0,Rob Pancakes,1966,933.0,1B,62.0,B4,0,0,0,3,3.96%,-3.96%,0,1,370,31,6,ATL,BAL,1B,1B,,1
Charles Lindberg,242,208.0,Rob Pancakes,1966,377.0,FO,169.0,B4,0,1,0,3,-3.57%,3.57%,0,0,370,31,6,ATL,BAL,FO,FO,,1
Y.E. Wally,5,109.0,Rob Pancakes,1966,222.0,BB,113.0,B4,1,1,0,3,6.24%,-6.24%,0,1,370,31,6,ATL,BAL,BB,BB,,1
Forrest Gleeson,51,101.0,Rob Pancakes,1966,395.0,FO,294.0,B4,1,4,0,3,-5.62%,5.62%,0,0,370,31,6,ATL,BAL,FO,FO,,1
Phil Coulson,226,874.0,Rob Pancakes,1966,2.0,1B,128.0,B4,2,4,0,3,9.76%,-9.76%,1,1,370,31,6,ATL,BAL,1B,1B,,1
Sadler Oriole,231,800.0,Rob Pancakes,1966,672.0,1B,128.0,B4,2,5,1,3,13.78%,-13.78%,1,0,370,31,6,ATL,BAL,1B,1B,,1
Gil Metz,206,666.0,Rob Pancakes,1966,777.0,1B,111.0,B4,2,5,2,3,20.26%,-20.26%,1,0,370,31,6,ATL,BAL,1B,1B,,1
H.B. Boink,1988,295.0,Rob Pancakes,1966,111.0,BB,184.0,B4,2,5,3,3,3.21%,-3.21%,0,0,370,31,6,ATL,BAL,BB,BB,,1
Jake Blee,232,322.0,Rob Pancakes,1966,111.0,FO,211.0,B4,2,7,3,3,-12.30%,12.30%,0,0,370,31,6,ATL,BAL,FO,FO,,1
Meerkat Timmons,147,713.0,Cal Tiberius Jr.,199,224.0,LGO,489.0,T5,0,0,3,3,-4.31%,4.31%,0,0,371,31,6,BAL,ATL,LGO,LGO,,1
Whit Merto,162,402.0,Cal Tiberius Jr.,199,836.0,LGO,434.0,T5,1,0,3,3,-3.90%,3.90%,0,0,371,31,6,BAL,ATL,LGO,LGO,,1
Clipper Charge,171,720.0,Cal Tiberius Jr.,199,462.0,FO,258.0,T5,2,0,3,3,-3.51%,3.51%,0,0,371,31,6,BAL,ATL,FO,FO,,1
C.J. Bastian,1989,249.0,Rob Pancakes,1966,999.0,FO,250.0,B5,0,0,3,3,-4.12%,4.12%,0,0,372,31,6,ATL,BAL,FO,FO,,1
Charles Lindberg,242,331.0,Rob Pancakes,1966,831.0,LGO,500.0,B5,1,0,3,3,-3.89%,3.89%,0,0,372,31,6,ATL,BAL,LGO,LGO,,1
Y.E. Wally,5,705.0,Rob Pancakes,1966,331.0,K,374.0,B5,2,0,3,3,-3.68%,3.68%,0,0,372,31,6,ATL,BAL,K,K,,1
Randy Nummer,2066,115.0,Cal Tiberius Jr.,199,925.0,FO,190.0,T6,0,0,3,3,-5.44%,5.44%,0,0,373,31,6,BAL,ATL,FO,FO,,1
Sam Smith,158,214.0,Cal Tiberius Jr.,199,654.0,LGO,440.0,T6,1,0,3,3,-5.08%,5.08%,0,0,373,31,6,BAL,ATL,LGO,LGO,,1
Bernie Petrol,1972,115.0,Cal Tiberius Jr.,199,1.0,1B,114.0,T6,2,0,3,3,4.02%,-4.02%,0,0,373,31,6,BAL,ATL,1B,1B,,1
Indy Sayne,151,630.0,Cal Tiberius Jr.,199,47.0,LGO,417.0,T6,2,1,3,3,-8.93%,8.93%,0,0,373,31,6,BAL,ATL,LGO,LGO,,1
Forrest Gleeson,51,653.0,Rob Pancakes,1966,600.0,2B,53.0,B6,0,0,3,3,12.74%,-12.74%,0,1,374,31,6,ATL,BAL,2B,2B,,1
Phil Coulson,226,,Rob Pancakes,1966,,IBB,,B6,0,2,3,3,-1.59%,1.59%,0,0,374,31,6,ATL,BAL,IBB,IBB,,8
Sadler Oriole,231,450.0,Rob Pancakes,1966,839.0,PO,389.0,B6,0,4,3,3,-7.68%,7.68%,0,0,374,31,6,ATL,BAL,PO,PO,,1
Gil Metz,206,520.0,Rob Pancakes,1966,412.0,1B,108.0,B6,1,4,3,3,14.10%,-14.10%,0,0,374,31,6,ATL,BAL,1B,1B,,1
H.B. Boink,1988,272.0,Rob Pancakes,1966,133.0,1B,139.0,B6,1,7,3,3,16.96%,-16.96%,1,0,374,31,6,ATL,BAL,1B,1B,,1
S.K. Brettbug,2015,273.0,Big Tuna,2091,900.0,PO,373.0,T1,0,0,0,0,-2.51%,2.51%,0,0,375,32,6,ARI,DET,PO,PO,,1
Rico Veringhipster,2014,607.0,Big Tuna,2091,712.0,1B,105.0,T1,1,0,0,0,2.43%,-2.43%,0,1,375,32,6,ARI,DET,1B,1B,,1
Brent Royal,2078,364.0,Big Tuna,2091,25.0,K,339.0,T1,1,1,0,0,-2.63%,2.63%,0,0,375,32,6,ARI,DET,K,K,,1
Tsar Zaar,274,211.0,Big Tuna,2091,377.0,BB,166.0,T1,2,1,0,0,2.81%,-2.81%,0,1,375,32,6,ARI,DET,BB,BB,,1
Will Power,8,812.0,Big Tuna,2091,854.0,2B,42.0,T1,2,4,0,0,20.64%,-20.64%,2,1,375,32,6,ARI,DET,2B,2B,,1
Garren Smudge,133,492.0,Big Tuna,2091,363.0,1B,129.0,T1,2,2,0,2,7.88%,-7.88%,1,1,375,32,6,ARI,DET,1B,1B,,1
Assassin Panda,15,96.0,Big Tuna,2091,122.0,HR,26.0,T1,2,1,0,3,11.10%,-11.10%,2,1,375,32,6,ARI,DET,HR,HR,,1
Trey Rangers,224,273.0,Big Tuna,2091,90.0,FO,183.0,T1,2,0,0,5,-0.31%,0.31%,0,0,375,32,6,ARI,DET,FO,FO,,1
BB Bambino Jr.,115,783.0,Syd Kidd,3,736.0,1B,47.0,B1,0,0,0,5,2.02%,-2.02%,0,0,376,32,6,DET,ARI,1B,1B,,1
Mason Spurs,103,847.0,Syd Kidd,3,42.0,FO,195.0,B1,0,1,0,5,-1.88%,1.88%,0,0,376,32,6,DET,ARI,FO,FO,,1
King Fielder,222,324.0,Syd Kidd,3,208.0,BB,116.0,B1,1,1,0,5,2.77%,-2.77%,0,0,376,32,6,DET,ARI,BB,BB,,1
Otis Nixon Sr.,107,115.0,Syd Kidd,3,666.0,DP,449.0,B1,1,4,0,5,-6.35%,6.35%,0,0,376,32,6,DET,ARI,LGO,LGO,,1
Garrett Ipnov,2136,171.0,Big Tuna,2091,622.0,LGO,451.0,T2,0,0,0,5,-0.48%,0.48%,0,0,377,32,6,ARI,DET,LGO,LGO,,1
S.K. Brettbug,2015,400.0,Big Tuna,2091,888.0,LGO,488.0,T2,1,0,0,5,-0.54%,0.54%,0,0,377,32,6,ARI,DET,LGO,LGO,,1
Rico Veringhipster,2014,147.0,Big Tuna,2091,146.0,HR,1.0,T2,2,0,0,5,3.13%,-3.13%,1,1,377,32,6,ARI,DET,HR,HR,,1
Brent Royal,2078,786.0,Big Tuna,2091,1.0,FO,215.0,T2,2,0,0,6,-0.35%,0.35%,0,0,377,32,6,ARI,DET,FO,FO,,1
Morris Deratt,104,900.0,Syd Kidd,3,532.0,K,368.0,B2,0,0,0,6,-1.06%,1.06%,0,0,378,32,6,DET,ARI,K,K,,1
Merodach Baladan,100,873.0,Syd Kidd,3,774.0,1B,99.0,B2,1,0,0,6,1.38%,-1.38%,0,0,378,32,6,DET,ARI,1B,1B,,1
Martin Barnar,2088,654.0,Syd Kidd,3,495.0,FO,159.0,B2,1,1,0,6,-1.31%,1.31%,0,0,378,32,6,DET,ARI,FO,FO,,1
Sevag Vapor,106,133.0,Syd Kidd,3,2.0,1B,131.0,B2,2,1,0,6,1.46%,-1.46%,0,0,378,32,6,DET,ARI,1B,1B,,1
Lightning Balls,350,313.0,Syd Kidd,3,608.0,K,295.0,B2,2,5,0,6,-2.69%,2.69%,0,0,378,32,6,DET,ARI,K,K,,1
Tsar Zaar,274,667.0,Big Tuna,2091,710.0,2B,43.0,T3,0,0,0,6,0.67%,-0.67%,0,1,379,32,6,ARI,DET,2B,2B,,1
Will Power,8,275.0,Big Tuna,2091,590.0,K,315.0,T3,0,2,0,6,-0.41%,0.41%,0,0,379,32,6,ARI,DET,K,K,,1
Garren Smudge,133,99.0,Big Tuna,2091,23.0,1B,76.0,T3,1,2,0,6,0.61%,-0.61%,0,1,379,32,6,ARI,DET,1B,1B,,1
Assassin Panda,15,76.0,Big Tuna,2091,76.0,HR,0.0,T3,1,5,0,6,1.81%,-1.81%,3,1,379,32,6,ARI,DET,HR,HR,,1
Trey Rangers,224,798.0,Big Tuna,2091,241.0,LGO,443.0,T3,1,0,0,9,-0.05%,0.05%,0,0,379,32,6,ARI,DET,LGO,LGO,,1
Garrett Ipnov,2136,894.0,Big Tuna,2091,869.0,2B,25.0,T3,2,0,0,9,0.04%,-0.04%,0,0,379,32,6,ARI,DET,2B,2B,,1
S.K. Brettbug,2015,239.0,Big Tuna,2091,699.0,LGO,460.0,T3,2,2,0,9,-0.11%,0.11%,0,0,379,32,6,ARI,DET,LGO,LGO,,1
BB Bambino Jr.,115,89.0,Syd Kidd,3,373.0,FO,284.0,B3,0,0,0,9,-0.21%,0.21%,0,0,380,32,6,DET,ARI,FO,FO,,1
Mason Spurs,103,716.0,Syd Kidd,3,239.0,LGO,477.0,B3,1,0,0,9,-0.09%,0.09%,0,0,380,32,6,DET,ARI,LGO,LGO,,1
King Fielder,222,834.0,Syd Kidd,3,435.0,K,399.0,B3,2,0,0,9,-0.10%,0.10%,0,0,380,32,6,DET,ARI,K,K,,1
Rico Veringhipster,2014,713.0,Big Tuna,2091,470.0,FO,243.0,T4,0,0,0,9,-0.04%,0.04%,0,0,381,32,6,ARI,DET,FO,FO,,1
Brent Royal,2078,184.0,Big Tuna,2091,210.0,HR,26.0,T4,1,0,0,9,0.18%,-0.18%,1,1,381,32,6,ARI,DET,HR,HR,,1
Tsar Zaar,274,937.0,Big Tuna,2091,210.0,FO,273.0,T4,1,0,0,10,0.02%,-0.02%,0,0,381,32,6,ARI,DET,FO,FO,,1
Will Power,8,420.0,Big Tuna,2091,919.0,LGO,499.0,T4,2,0,0,10,-0.04%,0.04%,0,0,381,32,6,ARI,DET,LGO,LGO,,1
Otis Nixon Sr.,107,800.0,Syd Kidd,3,460.0,K,340.0,B4,0,0,0,10,-0.07%,0.07%,0,0,382,32,6,DET,ARI,K,K,,1
Morris Deratt,104,696.0,Syd Kidd,3,704.0,HR,8.0,B4,1,0,0,10,0.19%,-0.19%,1,1,382,32,6,DET,ARI,HR,HR,,1
Merodach Baladan,100,512.0,Syd Kidd,3,769.0,FO,257.0,B4,1,0,1,10,-0.06%,0.06%,0,0,382,32,6,DET,ARI,FO,FO,,1
Martin Barnar,2088,782.0,Syd Kidd,3,3.0,FO,221.0,B4,2,0,1,10,-0.04%,0.04%,0,0,382,32,6,DET,ARI,FO,FO,,1
Garren Smudge,133,747.0,Big Tuna,2091,2.0,FO,255.0,T5,0,0,1,10,-0.01%,0.01%,0,0,383,32,6,ARI,DET,FO,FO,,1
Assassin Panda,15,756.0,Big Tuna,2091,388.0,K,368.0,T5,1,0,1,10,0.02%,-0.02%,0,0,383,32,6,ARI,DET,K,K,,1
Trey Rangers,224,250.0,Big Tuna,2091,747.0,LGO,497.0,T5,2,0,1,10,-0.01%,0.01%,0,0,383,32,6,ARI,DET,LGO,LGO,,1
Sevag Vapor,106,733.0,Syd Kidd,3,917.0,BB,184.0,B5,0,0,1,10,0.16%,-0.16%,0,0,384,32,6,DET,ARI,BB,BB,,1
Lightning Balls,350,187.0,Syd Kidd,3,783.0,DP,404.0,B5,0,1,1,10,-0.21%,0.21%,0,0,384,32,6,DET,ARI,LGO,LGO,,1
BB Bambino Jr.,115,284.0,Syd Kidd,3,896.0,LGO,388.0,B5,2,1,1,10,-0.04%,0.04%,0,0,384,32,6,DET,ARI,LGO,LGO,,1
Garrett Ipnov,2136,418.0,Big Tuna,2091,111.0,K,307.0,T6,0,0,1,10,0.01%,-0.01%,0,0,385,32,6,ARI,DET,K,K,,1
S.K. Brettbug,2015,200.0,Big Tuna,2091,9.0,FO,191.0,T6,1,0,1,10,-0.01%,0.01%,0,0,385,32,6,ARI,DET,FO,FO,,1
Rico Veringhipster,2014,644.0,Big Tuna,2091,300.0,PO,344.0,T6,2,0,1,10,-0.01%,0.01%,0,0,385,32,6,ARI,DET,PO,PO,,1
Mason Spurs,103,42.0,Einhorn,74,324.0,FO,282.0,B6,0,0,1,10,-0.02%,0.02%,0,0,386,32,6,DET,ARI,FO,FO,,1
King Fielder,222,245.0,Einhorn,74,968.0,K,277.0,B6,1,0,1,10,-0.01%,0.01%,0,0,386,32,6,DET,ARI,K,K,,1
Otis Nixon Sr.,107,500.0,Einhorn,74,315.0,FO,185.0,B6,2,0,1,10,0.00%,0.00%,0,0,386,32,6,DET,ARI,FO,FO,,1
Herrera O'Doubles,2055,8.0,Darth Vader,336,85.0,1B,77.0,T1,0,0,0,0,2.91%,-2.91%,0,1,387,33,6,WAS,PIT,1B,1B,,1
Osmosis Jones,37,378.0,Darth Vader,336,651.0,FO,273.0,T1,0,1,0,0,-2.99%,2.99%,0,0,387,33,6,WAS,PIT,FO,FO,,1
Rusty LaRue,2203,355.0,Darth Vader,336,734.0,K,379.0,T1,1,1,0,0,-2.63%,2.63%,0,0,387,33,6,WAS,PIT,K,K,,1
Humphrey Carter,2201,430.0,Darth Vader,336,277.0,BB,153.0,T1,2,1,0,0,2.81%,-2.81%,0,1,387,33,6,WAS,PIT,BB,BB,,1
Gene Hennig,2040,723.0,Darth Vader,336,802.0,1B,79.0,T1,2,4,0,0,11.44%,-11.44%,1,1,387,33,6,WAS,PIT,1B,1B,,1
Gene Hennig,2040,712.0,Darth Vader,336,628.0,SB,84.0,T1,2,5,0,1,0.58%,-0.58%,0,0,387,33,6,WAS,PIT,Steal 2B,Steal 2B,,5
Mylo Grams,396,712.0,Darth Vader,336,628.0,1B,84.0,T1,2,6,0,1,16.50%,-16.50%,2,1,387,33,6,WAS,PIT,1B,1B,,1
Nathaniel Booth,2059,77.0,Darth Vader,336,87.0,HR,10.0,T1,2,1,0,3,11.10%,-11.10%,2,1,387,33,6,WAS,PIT,HR,HR,,1
Bo Kinsella,2051,555.0,Darth Vader,336,461.0,1B,94.0,T1,2,0,0,5,0.92%,-0.92%,0,0,387,33,6,WAS,PIT,1B,1B,,1
Bo Kinsella,2051,962.0,Darth Vader,336,598.0,CS,364.0,T1,2,1,0,5,-1.23%,1.23%,0,0,387,33,6,WAS,PIT,CS 2B,CS 2B,,4
Ricky Steele,2271,900.0,Jay Bedia,2151,901.0,HR,1.0,B1,0,0,0,5,5.47%,-5.47%,1,1,388,33,6,PIT,WAS,HR,HR,,1
Johnny Hopkins,2070,588.0,Jay Bedia,2151,845.0,FO,257.0,B1,0,0,1,5,-1.95%,1.95%,0,0,388,33,6,PIT,WAS,FO,FO,,1
Jameson Poe,310,417.0,Jay Bedia,2151,374.0,2B,43.0,B1,1,0,1,5,3.68%,-3.68%,0,0,388,33,6,PIT,WAS,2B,2B,,1
Lance Lummox,314,99.0,Jay Bedia,2151,345.0,FO,246.0,B1,1,2,1,5,-3.17%,3.17%,0,0,388,33,6,PIT,WAS,FO,FO,,1
Baxter Payne,2021,869.0,Jay Bedia,2151,215.0,K,346.0,B1,2,2,1,5,-3.19%,3.19%,0,0,388,33,6,PIT,WAS,K,K,,1
Chad Barrett,2030,76.0,Darth Vader,336,121.0,2B,45.0,T2,0,0,1,5,2.07%,-2.07%,0,1,389,33,6,WAS,PIT,2B,2B,,1
Herrera O'Doubles,2055,600.0,Darth Vader,336,656.0,1B,56.0,T2,0,2,1,5,1.96%,-1.96%,0,1,389,33,6,WAS,PIT,1B,1B,,1
Osmosis Jones,37,444.0,Darth Vader,336,207.0,Sac,237.0,T2,0,5,1,5,-0.07%,0.07%,1,0,389,33,6,WAS,PIT,FO,FO,,1
Rusty LaRue,2203,598.0,Darth Vader,336,486.0,1B,112.0,T2,1,1,1,6,1.54%,-1.54%,0,1,389,33,6,WAS,PIT,1B,1B,,1
Herrera O'Doubles,2055,750.0,Darth Vader,336,877.0,SB,127.0,T2,1,4,1,6,0.98%,-0.98%,0,0,389,33,6,WAS,PIT,MSteal 3B,MSteal 3B,,6
Humphrey Carter,2201,900.0,Darth Vader,336,877.0,3B,23.0,T2,1,6,1,6,2.79%,-2.79%,2,0,389,33,6,WAS,PIT,3B,3B,,1
Gene Hennig,2040,231.0,Darth Vader,336,879.0,K,352.0,T2,1,3,1,8,-0.37%,0.37%,0,0,389,33,6,WAS,PIT,K,K,,1
Mylo Grams,396,207.0,Darth Vader,336,846.0,PO,361.0,T2,2,3,1,8,-0.50%,0.50%,0,0,389,33,6,WAS,PIT,PO,PO,,1
Cook Froster,2033,536.0,Jay Bedia,2151,504.0,2B,32.0,B2,0,0,1,8,1.65%,-1.65%,0,1,390,33,6,PIT,WAS,2B,2B,,1
Mike Anderson,2073,788.0,Jay Bedia,2151,500.0,FO,288.0,B2,0,2,1,8,-1.41%,1.41%,0,0,390,33,6,PIT,WAS,FO,FO,,1
Jimmy Johns,303,788.0,Jay Bedia,2151,100.0,K,312.0,B2,1,2,1,8,-0.80%,0.80%,0,0,390,33,6,PIT,WAS,K,K,,1
Splash Nelson,312,435.0,Jay Bedia,2151,550.0,1B,115.0,B2,2,2,1,8,1.93%,-1.93%,1,0,390,33,6,PIT,WAS,1B,1B,,1
Ricky Steele,2271,721.0,Jay Bedia,2151,367.0,K,354.0,B2,2,1,2,8,-1.23%,1.23%,0,0,390,33,6,PIT,WAS,K,K,,1
Nathaniel Booth,2059,672.0,Darth Vader,336,188.0,LGO,484.0,T3,0,0,2,8,-0.20%,0.20%,0,0,391,33,6,WAS,PIT,LGO,LGO,,1
Bo Kinsella,2051,202.0,Darth Vader,336,277.0,1B,75.0,T3,1,0,2,8,0.27%,-0.27%,0,0,391,33,6,WAS,PIT,1B,1B,,1
Chad Barrett,2030,420.0,Darth Vader,336,614.0,FO,194.0,T3,1,1,2,8,-0.41%,0.41%,0,0,391,33,6,WAS,PIT,FO,FO,,1
Herrera O'Doubles,2055,800.0,Darth Vader,336,218.0,LGO,418.0,T3,2,1,2,8,-0.34%,0.34%,0,0,391,33,6,WAS,PIT,LGO,LGO,,1
Johnny Hopkins,2070,799.0,Jay Bedia,2151,976.0,FO,177.0,B3,0,0,2,8,-0.86%,0.86%,0,0,392,33,6,PIT,WAS,FO,FO,,1
Jameson Poe,310,683.0,Jay Bedia,2151,799.0,BB,116.0,B3,1,0,2,8,0.95%,-0.95%,0,0,392,33,6,PIT,WAS,BB,BB,,1
Lance Lummox,314,102.0,Jay Bedia,2151,32.0,1B,70.0,B3,1,1,2,8,2.03%,-2.03%,0,0,392,33,6,PIT,WAS,1B,1B,,1
Baxter Payne,2021,519.0,Jay Bedia,2151,115.0,K,404.0,B3,1,4,2,8,-2.24%,2.24%,0,0,392,33,6,PIT,WAS,K,K,,1
Cook Froster,2033,455.0,Jay Bedia,2151,875.0,LGO,420.0,B3,2,4,2,8,-1.79%,1.79%,0,0,392,33,6,PIT,WAS,LGO,LGO,,1
Osmosis Jones,37,630.0,Darth Vader,336,344.0,FO,286.0,T4,0,0,2,8,-0.19%,0.19%,0,0,393,33,6,WAS,PIT,FO,FO,,1
Rusty LaRue,2203,805.0,Darth Vader,336,403.0,K,402.0,T4,1,0,2,8,-0.17%,0.17%,0,0,393,33,6,WAS,PIT,K,K,,1
Humphrey Carter,2201,206.0,Darth Vader,336,857.0,K,349.0,T4,2,0,2,8,-0.14%,0.14%,0,0,393,33,6,WAS,PIT,K,K,,1
Mike Anderson,2073,222.0,Jay Bedia,2151,711.0,LGO,489.0,B4,0,0,2,8,-0.69%,0.69%,0,0,394,33,6,PIT,WAS,LGO,LGO,,1
Jimmy Johns,303,435.0,Jay Bedia,2151,712.0,FO,277.0,B4,1,0,2,8,-0.50%,0.50%,0,0,394,33,6,PIT,WAS,FO,FO,,1
Splash Nelson,312,257.0,Jay Bedia,2151,450.0,BB,193.0,B4,2,0,2,8,0.52%,-0.52%,0,1,394,33,6,PIT,WAS,BB,BB,,1
Ricky Steele,2271,301.0,Jay Bedia,2151,121.0,BB,180.0,B4,2,1,2,8,0.70%,-0.70%,0,1,394,33,6,PIT,WAS,BB,BB,,1
Splash Nelson,312,280.0,Jay Bedia,2151,175.0,SB,105.0,B4,2,4,2,8,-0.05%,0.05%,0,0,394,33,6,PIT,WAS,MSteal 3B,MSteal 3B,,6
Johnny Hopkins,2070,280.0,Jay Bedia,2151,175.0,1B,105.0,B4,2,6,2,8,3.80%,-3.80%,2,0,394,33,6,PIT,WAS,1B,1B,,1
Johnny Hopkins,2070,761.0,Jay Bedia,2151,856.0,SB,95.0,B4,2,1,4,8,0.37%,-0.37%,0,0,394,33,6,PIT,WAS,Steal 2B,Steal 2B,,4
Jameson Poe,310,687.0,Jay Bedia,2151,856.0,FO,169.0,B4,2,2,4,8,-2.52%,2.52%,0,0,394,33,6,PIT,WAS,FO,FO,,1
Gene Hennig,2040,857.0,Darth Vader,336,81.0,FO,224.0,T5,0,0,4,8,-0.37%,0.37%,0,0,395,33,6,WAS,PIT,FO,FO,,1
Mylo Grams,396,312.0,Darth Vader,336,332.0,3B,20.0,T5,1,0,4,8,1.34%,-1.34%,0,1,395,33,6,WAS,PIT,3B,3B,,1
Nathaniel Booth,2059,77.0,Darth Vader,336,848.0,Sac,229.0,T5,1,3,4,8,0.71%,-0.71%,1,0,395,33,6,WAS,PIT,FO,FO,,1
Bo Kinsella,2051,669.0,Darth Vader,336,223.0,LGO,446.0,T5,2,0,4,9,-0.13%,0.13%,0,0,395,33,6,WAS,PIT,LGO,LGO,,1
Lance Lummox,314,621.0,Jay Bedia,2151,899.0,FO,278.0,B5,0,0,4,9,-0.91%,0.91%,0,0,396,33,6,PIT,WAS,FO,FO,,1
Baxter Payne,2021,212.0,Jay Bedia,2151,755.0,LGO,457.0,B5,1,0,4,9,-0.62%,0.62%,0,0,396,33,6,PIT,WAS,LGO,LGO,,1
Cook Froster,2033,25.0,Jay Bedia,2151,83.0,1B,58.0,B5,2,0,4,9,0.51%,-0.51%,0,0,396,33,6,PIT,WAS,1B,1B,,1
Mike Anderson,2073,622.0,Jay Bedia,2151,266.0,K,356.0,B5,2,1,4,9,-0.79%,0.79%,0,0,396,33,6,PIT,WAS,K,K,,1
Chad Barrett,2030,911.0,Darth Vader,336,999.0,1B,88.0,T6,0,0,4,9,0.05%,-0.05%,0,0,397,33,6,WAS,PIT,1B,1B,,1
Herrera O'Doubles,2055,400.0,Darth Vader,336,999.0,DP,401.0,T6,0,1,4,9,-0.20%,0.20%,0,0,397,33,6,WAS,PIT,LGO,LGO,,1
Osmosis Jones,37,400.0,Darth Vader,336,667.0,FO,267.0,T6,2,0,4,9,-0.06%,0.06%,0,0,397,33,6,WAS,PIT,FO,FO,,1
Jimmy Johns,303,777.0,Jay Bedia,2151,967.0,FO,190.0,B6,0,0,4,9,-0.56%,0.56%,0,0,398,33,6,PIT,WAS,FO,FO,,1
Splash Nelson,312,,Jay Bedia,2151,,Auto K,,B6,1,0,4,9,-0.27%,0.27%,0,0,398,33,6,PIT,WAS,Auto K,Auto K,,9
Ricky Steele,2271,212.0,Jay Bedia,2151,307.0,1B,95.0,B6,2,0,4,9,0.18%,-0.18%,0,0,398,33,6,PIT,WAS,1B,1B,,1
Johnny Hopkins,2070,899.0,Jay Bedia,2151,45.0,BB,146.0,B6,2,1,4,9,0.50%,-0.50%,0,0,398,33,6,PIT,WAS,BB,BB,,1
Jameson Poe,310,473.0,Jay Bedia,2151,258.0,FO,215.0,B6,2,4,4,9,-0.77%,0.77%,0,0,398,33,6,PIT,WAS,FO,FO,,1
Victor Justice,410,387.0,Whitt Bass,39,978.0,LGO,409.0,T1,0,0,0,0,-2.51%,2.51%,0,0,399,34,6,MIN,HOU,LGO,LGO,,1
Twinkie Power,2128,118.0,Whitt Bass,39,114.0,HR,4.0,T1,1,0,0,0,11.75%,-11.75%,1,1,399,34,6,MIN,HOU,HR,HR,,1
"Jake ""JP"" Panik",267,381.0,Whitt Bass,39,601.0,FO,220.0,T1,1,0,0,1,-1.84%,1.84%,0,0,399,34,6,MIN,HOU,FO,FO,,1
Hudson Quin,58,336.0,Whitt Bass,39,69.0,FO,267.0,T1,2,0,0,1,-1.47%,1.47%,0,0,399,34,6,MIN,HOU,FO,FO,,1
Jimbo Fishy,1984,426.0,Tim Burr,2129,100.0,LGO,326.0,B1,0,0,0,1,-2.79%,2.79%,0,0,400,34,6,HOU,MIN,LGO,LGO,,1
Triston Uzumaki,125,623.0,Tim Burr,2129,100.0,LGO,477.0,B1,1,0,0,1,-2.36%,2.36%,0,0,400,34,6,HOU,MIN,LGO,LGO,,1
Jay Money,241,655.0,Tim Burr,2129,844.0,FO,189.0,B1,2,0,0,1,-1.88%,1.88%,0,0,400,34,6,HOU,MIN,FO,FO,,1
Tater Tits,4,890.0,Whitt Bass,39,844.0,2B,46.0,T2,0,0,0,1,5.58%,-5.58%,0,1,401,34,6,MIN,HOU,2B,2B,,1
C.W. Mitzel,2127,626.0,Whitt Bass,39,690.0,1B,64.0,T2,0,2,0,1,5.70%,-5.70%,0,0,401,34,6,MIN,HOU,1B,1B,,1
Travis Hanky,2125,233.0,Whitt Bass,39,965.0,K,268.0,T2,0,5,0,1,-4.94%,4.94%,0,0,401,34,6,MIN,HOU,K,K,,1
Shiny Tenson,2124,291.0,Whitt Bass,39,88.0,Sac,203.0,T2,1,5,0,1,2.69%,-2.69%,1,0,401,34,6,MIN,HOU,FO,FO,,1
Miguel Snow,290,300.0,Whitt Bass,39,640.0,K,340.0,T2,2,1,0,2,-2.64%,2.64%,0,0,401,34,6,MIN,HOU,K,K,,1
Buck Cheeks,457,898.0,Tim Burr,2129,489.0,LGO,409.0,B2,0,0,0,2,-2.94%,2.94%,0,0,402,34,6,HOU,MIN,LGO,LGO,,1
Jasper Orbit,1983,200.0,Tim Burr,2129,989.0,FO,211.0,B2,1,0,0,2,-2.53%,2.53%,0,0,402,34,6,HOU,MIN,FO,FO,,1
Chester Facto,2032,729.0,Tim Burr,2129,405.0,LGO,324.0,B2,2,0,0,2,-1.92%,1.92%,0,0,402,34,6,HOU,MIN,LGO,LGO,,1
Victor Justice,410,412.0,Whitt Bass,39,98.0,K,314.0,T3,0,0,0,2,-1.72%,1.72%,0,0,403,34,6,MIN,HOU,K,K,,1
Twinkie Power,2128,703.0,Whitt Bass,39,22.0,K,319.0,T3,1,0,0,2,-1.56%,1.56%,0,0,403,34,6,MIN,HOU,K,K,,1
"Jake ""JP"" Panik",267,905.0,Whitt Bass,39,549.0,K,356.0,T3,2,0,0,2,-1.30%,1.30%,0,0,403,34,6,MIN,HOU,K,K,,1
Jacques Blaque,2202,572.0,Tim Burr,2129,266.0,K,306.0,B3,0,0,0,2,-3.28%,3.28%,0,0,404,34,6,HOU,MIN,K,K,,1
Khalil Underscore,3289,716.0,Tim Burr,2129,924.0,FO,208.0,B3,1,0,0,2,-2.78%,2.78%,0,0,404,34,6,HOU,MIN,FO,FO,,1
Lemmy Fraser,2166,,Tim Burr,2129,,Auto K,,B3,2,0,0,2,-2.07%,2.07%,0,0,404,34,6,HOU,MIN,Auto K,Auto K,,9
Hudson Quin,58,947.0,Whitt Bass,39,190.0,FO,243.0,T4,0,0,0,2,-1.53%,1.53%,0,0,405,34,6,MIN,HOU,FO,FO,,1
Tater Tits,4,250.0,Whitt Bass,39,512.0,K,262.0,T4,1,0,0,2,-1.44%,1.44%,0,0,405,34,6,MIN,HOU,K,K,,1
C.W. Mitzel,2127,591.0,Whitt Bass,39,94.0,LGO,497.0,T4,2,0,0,2,-1.26%,1.26%,0,0,405,34,6,MIN,HOU,LGO,LGO,,1
Jimbo Fishy,1984,42.0,Tim Burr,2129,913.0,BB,129.0,B4,0,0,0,2,5.09%,-5.09%,0,0,406,34,6,HOU,MIN,BB,BB,,1
Triston Uzumaki,125,420.0,Tim Burr,2129,89.0,DP,331.0,B4,0,1,0,2,-11.94%,11.94%,0,0,406,34,6,HOU,MIN,LGO,LGO,,1
Jay Money,241,12.0,Tim Burr,2129,910.0,1B,102.0,B4,2,0,0,2,3.10%,-3.10%,0,0,406,34,6,HOU,MIN,1B,1B,,1
Buck Cheeks,457,722.0,Tim Burr,2129,269.0,LGO,453.0,B4,2,1,0,2,-5.36%,5.36%,0,0,406,34,6,HOU,MIN,LGO,LGO,,1
Travis Hanky,2125,743.0,Whitt Bass,39,615.0,1B,128.0,T5,0,0,0,2,1.17%,-1.17%,0,0,407,34,6,MIN,HOU,1B,1B,,1
Shiny Tenson,2124,399.0,Whitt Bass,39,460.0,1B,61.0,T5,0,1,0,2,2.47%,-2.47%,0,0,407,34,6,MIN,HOU,1B,1B,,1
Miguel Snow,290,419.0,Whitt Bass,39,960.0,DP,459.0,T5,0,4,0,2,-4.46%,4.46%,0,0,407,34,6,MIN,HOU,LGO,LGO,,1
Victor Justice,410,159.0,Whitt Bass,39,702.0,LGO,457.0,T5,2,3,0,2,-2.81%,2.81%,0,0,407,34,6,MIN,HOU,LGO,LGO,,1
Jasper Orbit,1983,350.0,Tim Burr,2129,513.0,BB,163.0,B5,0,0,0,2,6.11%,-6.11%,0,0,408,34,6,HOU,MIN,BB,BB,,1
Chester Facto,2032,729.0,Tim Burr,2129,478.0,K,251.0,B5,0,1,0,2,-5.21%,5.21%,0,0,408,34,6,HOU,MIN,K,K,,1
Jacques Blaque,2202,578.0,Tim Burr,2129,613.0,2B,35.0,B5,1,1,0,2,17.17%,-17.17%,0,0,408,34,6,HOU,MIN,2B,2B,,1
Khalil Underscore,3289,,Tim Burr,2129,,IBB,,B5,1,6,0,2,4.19%,-4.19%,0,0,408,34,6,HOU,MIN,IBB,IBB,,8
Lemmy Fraser,2166,622.0,Tim Burr,2129,117.0,DP,495.0,B5,1,7,0,2,-32.40%,32.40%,0,0,408,34,6,HOU,MIN,LGO,LGO,,1
Twinkie Power,2128,565.0,Whitt Bass,39,56.0,LGO,491.0,T6,0,0,0,2,-0.82%,0.82%,0,0,409,34,6,MIN,HOU,LGO,LGO,,1
"Jake ""JP"" Panik",267,602.0,Whitt Bass,39,215.0,LGO,387.0,T6,1,0,0,2,-0.80%,0.80%,0,0,409,34,6,MIN,HOU,LGO,LGO,,1
Jack Marnette,213,129.0,Whitt Bass,39,567.0,LGO,438.0,T6,2,0,0,2,-0.69%,0.69%,0,0,409,34,6,MIN,HOU,LGO,LGO,,1
Jimbo Fishy,1984,20.0,Tim Burr,2129,645.0,LGO,375.0,B6,0,0,0,2,-4.76%,4.76%,0,0,410,34,6,HOU,MIN,LGO,LGO,,1
Triston Uzumaki,125,42.0,Tim Burr,2129,43.0,HR,1.0,B6,1,0,0,2,8.54%,-8.54%,1,1,410,34,6,HOU,MIN,HR,HR,,1
Jay Money,241,325.0,Tim Burr,2129,236.0,1B,89.0,B6,1,0,1,2,7.39%,-7.39%,0,0,410,34,6,HOU,MIN,1B,1B,,1
Buck Cheeks,457,946.0,Pablo Sanchez,120,567.0,K,379.0,B6,1,1,1,2,-7.88%,7.88%,0,0,410,34,6,HOU,MIN,K,K,,1
Jasper Orbit,1983,450.0,Pablo Sanchez,120,1.0,LGO,449.0,B6,2,1,1,2,-13.92%,13.92%,0,0,410,34,6,HOU,MIN,LGO,LGO,,1
Chocolate Smegma,2107,398.0,Sal Shark,2147,413.0,HR,15.0,T1,0,0,0,0,11.33%,-11.33%,1,1,411,35,6,NYM,OAK,HR,HR,,1
Mongster Mash,344,410.0,Sal Shark,2147,940.0,LGO,470.0,T1,0,0,0,1,-2.09%,2.09%,0,0,411,35,6,NYM,OAK,LGO,LGO,,1
James Maso,2063,982.0,Sal Shark,2147,880.0,1B,102.0,T1,1,0,0,1,2.17%,-2.17%,0,0,411,35,6,NYM,OAK,1B,1B,,1
James Earl Pwns,2062,231.0,Sal Shark,2147,916.0,K,315.0,T1,1,1,0,1,-2.13%,2.13%,0,0,411,35,6,NYM,OAK,K,K,,1
Bo-Horse Jackman,168,860.0,Sal Shark,2147,604.0,FO,256.0,T1,2,1,0,1,-3.35%,3.35%,0,0,411,35,6,NYM,OAK,FO,FO,,1
Grey Goose McGillicuddy,1961,842.0,Sonny Streaker,2065,678.0,FO,164.0,B1,0,0,0,1,-2.79%,2.79%,0,0,412,35,6,OAK,NYM,FO,FO,,1
Art Zyz,1982,240.0,Sonny Streaker,2065,766.0,LGO,474.0,B1,1,0,0,1,-2.36%,2.36%,0,0,412,35,6,OAK,NYM,LGO,LGO,,1
Blue Moon Barthelemy,2025,1.0,Sonny Streaker,2065,332.0,PO,331.0,B1,2,0,0,1,-1.88%,1.88%,0,0,412,35,6,OAK,NYM,PO,PO,,1
Bix Kayne,3287,347.0,Sal Shark,2147,292.0,1B,55.0,T2,0,0,0,1,2.40%,-2.40%,0,1,413,35,6,NYM,OAK,1B,1B,,1
Pip Squires,2060,688.0,Sal Shark,2147,700.0,3B,12.0,T2,0,1,0,1,15.43%,-15.43%,1,0,413,35,6,NYM,OAK,3B,3B,,1
Xavier Crowbar,2006,326.0,Sal Shark,2147,990.0,K,336.0,T2,0,3,0,2,-2.80%,2.80%,0,0,413,35,6,NYM,OAK,K,K,,1
Trey Paste,2037,850.0,Sal Shark,2147,190.0,PO,340.0,T2,1,3,0,2,-5.29%,5.29%,0,0,413,35,6,NYM,OAK,PO,PO,,1
Chocolate Smegma,2107,462.0,Sal Shark,2147,7.0,LGO,455.0,T2,2,3,0,2,-3.35%,3.35%,0,0,413,35,6,NYM,OAK,LGO,LGO,,1
Caleb VanVacter,2103,125.0,Sonny Streaker,2065,12.0,BB,113.0,B2,0,0,0,2,3.60%,-3.60%,0,1,414,35,6,OAK,NYM,BB,BB,,1
Graham Othrie,2139,104.0,Sonny Streaker,2065,16.0,1B,88.0,B2,0,1,0,2,7.14%,-7.14%,0,1,414,35,6,OAK,NYM,1B,1B,,1
Bobson Dugnutt,2096,338.0,Sonny Streaker,2065,332.0,3B,6.0,B2,0,4,0,2,26.91%,-26.91%,2,1,414,35,6,OAK,NYM,3B,3B,,1
Max Wasson,273,709.0,Sonny Streaker,2065,765.0,1B,56.0,B2,0,3,2,2,4.17%,-4.17%,1,0,414,35,6,OAK,NYM,1B,1B,,1
Kid Notcher,429,541.0,Sonny Streaker,2065,932.0,DP,391.0,B2,0,1,3,2,-5.85%,5.85%,0,0,414,35,6,OAK,NYM,LGO,LGO,,1
Boaty McBoatface,2095,50.0,Sonny Streaker,2065,666.0,LGO,384.0,B2,2,0,3,2,-1.56%,1.56%,0,0,414,35,6,OAK,NYM,LGO,LGO,,1
Mongster Mash,344,628.0,Sal Shark,2147,413.0,FO,215.0,T3,0,0,3,2,-3.32%,3.32%,0,0,415,35,6,NYM,OAK,FO,FO,,1
James Maso,2063,384.0,Sal Shark,2147,806.0,LGO,422.0,T3,1,0,3,2,-2.85%,2.85%,0,0,415,35,6,NYM,OAK,LGO,LGO,,1
James Earl Pwns,2062,970.0,Sal Shark,2147,413.0,LGO,443.0,T3,2,0,3,2,-2.26%,2.26%,0,0,415,35,6,NYM,OAK,LGO,LGO,,1
Grey Goose McGillicuddy,1961,753.0,Sonny Streaker,2065,509.0,FO,244.0,B3,0,0,3,2,-2.04%,2.04%,0,0,416,35,6,OAK,NYM,FO,FO,,1
Art Zyz,1982,320.0,Sonny Streaker,2065,421.0,1B,101.0,B3,1,0,3,2,1.65%,-1.65%,0,0,416,35,6,OAK,NYM,1B,1B,,1
Blue Moon Barthelemy,2025,888.0,Sonny Streaker,2065,223.0,PO,335.0,B3,1,1,3,2,-1.91%,1.91%,0,0,416,35,6,OAK,NYM,PO,PO,,1
Art Zyz,1982,869.0,Sonny Streaker,2065,110.0,SB,241.0,B3,2,1,3,2,0.99%,-0.99%,0,0,416,35,6,OAK,NYM,Steal 2B,Steal 2B,,4
Caleb VanVacter,2103,869.0,Sonny Streaker,2065,110.0,FO,241.0,B3,2,2,3,2,-4.15%,4.15%,0,0,416,35,6,OAK,NYM,FO,FO,,1
Bo-Horse Jackman,168,413.0,Sal Shark,2147,92.0,K,321.0,T4,0,0,3,2,-3.96%,3.96%,0,0,417,35,6,NYM,OAK,K,K,,1
Bix Kayne,3287,290.0,Sal Shark,2147,786.0,LGO,496.0,T4,1,0,3,2,-3.37%,3.37%,0,0,417,35,6,NYM,OAK,LGO,LGO,,1
Pip Squires,2060,525.0,Sal Shark,2147,672.0,BB,147.0,T4,2,0,3,2,3.28%,-3.28%,0,0,417,35,6,NYM,OAK,BB,BB,,1
Xavier Crowbar,2006,500.0,Sal Shark,2147,903.0,LGO,403.0,T4,2,1,3,2,-6.06%,6.06%,0,0,417,35,6,NYM,OAK,LGO,LGO,,1
Graham Othrie,2139,771.0,Sonny Streaker,2065,230.0,LGO,459.0,B4,0,0,3,2,-1.87%,1.87%,0,0,418,35,6,OAK,NYM,LGO,LGO,,1
Bobson Dugnutt,2096,89.0,Sonny Streaker,2065,768.0,LGO,321.0,B4,1,0,3,2,-1.74%,1.74%,0,0,418,35,6,OAK,NYM,LGO,LGO,,1
Max Wasson,273,491.0,Sonny Streaker,2065,900.0,LGO,409.0,B4,2,0,3,2,-1.49%,1.49%,0,0,418,35,6,OAK,NYM,LGO,LGO,,1
Trey Paste,2037,413.0,Sal Shark,2147,888.0,LGO,475.0,T5,0,0,3,2,-4.98%,4.98%,0,0,419,35,6,NYM,OAK,LGO,LGO,,1
Chocolate Smegma,2107,78.0,Sal Shark,2147,790.0,FO,288.0,T5,1,0,3,2,-4.32%,4.32%,0,0,419,35,6,NYM,OAK,FO,FO,,1
Mongster Mash,344,747.0,Sal Shark,2147,385.0,K,362.0,T5,2,0,3,2,-3.61%,3.61%,0,0,419,35,6,NYM,OAK,K,K,,1
Kid Notcher,429,579.0,Sonny Streaker,2065,321.0,K,258.0,B5,0,0,3,2,-1.37%,1.37%,0,0,420,35,6,OAK,NYM,K,K,,1
Boaty McBoatface,2095,770.0,Sonny Streaker,2065,543.0,FO,227.0,B5,1,0,3,2,-1.30%,1.30%,0,0,420,35,6,OAK,NYM,FO,FO,,1
Grey Goose McGillicuddy,1961,666.0,Sonny Streaker,2065,1.0,LGO,335.0,B5,2,0,3,2,-1.14%,1.14%,0,0,420,35,6,OAK,NYM,LGO,LGO,,1
James Maso,2063,837.0,Sal Shark,2147,617.0,FO,220.0,T6,0,0,3,2,-6.73%,6.73%,0,0,421,35,6,NYM,OAK,FO,FO,,1
James Earl Pwns,2062,465.0,Sal Shark,2147,126.0,K,339.0,T6,1,0,3,2,-6.00%,6.00%,0,0,421,35,6,NYM,OAK,K,K,,1
Bo-Horse Jackman,168,617.0,Sal Shark,2147,999.0,PO,382.0,T6,2,0,3,2,-5.13%,5.13%,0,0,421,35,6,NYM,OAK,PO,PO,,1
Thomas Berry,446,510.0,Oliver Yu,286,552.0,1B,42.0,T1,0,0,0,0,2.91%,-2.91%,0,1,422,36,6,TOR,PHI,1B,1B,,1
Graham Grams,400,810.0,Oliver Yu,286,108.0,K,298.0,T1,0,1,0,0,-2.99%,2.99%,0,0,422,36,6,TOR,PHI,K,K,,1
Lane Drew,190,420.0,Oliver Yu,286,338.0,1B,82.0,T1,1,1,0,0,4.11%,-4.11%,0,1,422,36,6,TOR,PHI,1B,1B,,1
Mike Honcho,445,689.0,Oliver Yu,286,719.0,2B,30.0,T1,1,4,0,0,15.68%,-15.68%,1,1,422,36,6,TOR,PHI,2B,2B,,1
S.A.R. Dinka,395,104.0,Oliver Yu,286,813.0,K,291.0,T1,1,6,0,1,-7.59%,7.59%,0,0,422,36,6,TOR,PHI,K,K,,1
Daz Reference,2114,485.0,Oliver Yu,286,402.0,1B,83.0,T1,2,6,0,1,16.50%,-16.50%,2,0,422,36,6,TOR,PHI,1B,1B,,1
Ziggy Ceder,56,220.0,Oliver Yu,286,965.0,FO,255.0,T1,2,1,0,3,-2.06%,2.06%,0,0,422,36,6,TOR,PHI,FO,FO,,1
Cambo Dia,2010,33.0,Timothy Moyer,2345,33.0,HR,0.0,B1,0,0,0,3,9.28%,-9.28%,1,1,423,36,6,PHI,TOR,HR,HR,,1
Jay Lupp,3278,622.0,Timothy Moyer,2345,247.0,LGO,375.0,B1,0,0,1,3,-2.74%,2.74%,0,0,423,36,6,PHI,TOR,LGO,LGO,,1
Conrad Love,300,633.0,Timothy Moyer,2345,691.0,1B,58.0,B1,1,0,1,3,2.83%,-2.83%,0,1,423,36,6,PHI,TOR,1B,1B,,1
Rory Nipponsteer,1992,824.0,Timothy Moyer,2345,436.0,K,388.0,B1,1,1,1,3,-2.89%,2.89%,0,0,423,36,6,PHI,TOR,K,K,,1
Cy Hadd,3295,875.0,Timothy Moyer,2345,784.0,1B,91.0,B1,2,1,1,3,11.22%,-11.22%,1,0,423,36,6,PHI,TOR,1B,1B,,1
Kyle Mack,2011,33.0,Timothy Moyer,2345,520.0,LGO,487.0,B1,2,1,2,3,-4.10%,4.10%,0,0,423,36,6,PHI,TOR,LGO,LGO,,1
Burt Maclin,2101,820.0,Oliver Yu,286,181.0,K,361.0,T2,0,0,2,3,-2.27%,2.27%,0,0,424,36,6,TOR,PHI,K,K,,1
Quentin Adams,397,234.0,Oliver Yu,286,289.0,2B,55.0,T2,1,0,2,3,4.10%,-4.10%,0,1,424,36,6,TOR,PHI,2B,2B,,1
Thomas Berry,446,150.0,Oliver Yu,286,41.0,1B,109.0,T2,1,2,2,3,4.51%,-4.51%,0,0,424,36,6,TOR,PHI,1B,1B,,1
Graham Grams,400,181.0,Cy Hadd,3295,71.0,1B,110.0,T2,1,5,2,3,7.14%,-7.14%,1,0,424,36,6,TOR,PHI,1B,1B,,1
Lane Drew,190,482.0,Cy Hadd,3295,926.0,DP,444.0,T2,1,4,2,4,-7.09%,7.09%,0,0,424,36,6,TOR,PHI,LGO,LGO,,1
Brandon Aconi,2042,817.0,Timothy Moyer,2345,157.0,K,340.0,B2,0,0,2,4,-2.94%,2.94%,0,0,425,36,6,PHI,TOR,K,K,,1
KC Bats,287,425.0,Timothy Moyer,2345,893.0,LGO,468.0,B2,1,0,2,4,-2.53%,2.53%,0,0,425,36,6,PHI,TOR,LGO,LGO,,1
Ronald Eagle Sr.,167,333.0,Timothy Moyer,2345,546.0,PO,213.0,B2,2,0,2,4,-1.92%,1.92%,0,0,425,36,6,PHI,TOR,PO,PO,,1
Mike Honcho,445,499.0,Cy Hadd,3295,446.0,2B,53.0,T3,0,0,2,4,4.18%,-4.18%,0,1,426,36,6,TOR,PHI,2B,2B,,1
S.A.R. Dinka,395,333.0,Cy Hadd,3295,621.0,FO,288.0,T3,0,2,2,4,-2.83%,2.83%,0,0,426,36,6,TOR,PHI,FO,FO,,1
Daz Reference,2114,456.0,Cy Hadd,3295,221.0,FO,235.0,T3,1,2,2,4,-2.49%,2.49%,0,0,426,36,6,TOR,PHI,FO,FO,,1
Ziggy Ceder,56,890.0,Cy Hadd,3295,999.0,1B,109.0,T3,2,2,2,4,8.33%,-8.33%,1,0,426,36,6,TOR,PHI,1B,1B,,1
Burt Maclin,2101,222.0,Cy Hadd,3295,567.0,PO,345.0,T3,2,1,2,5,-1.86%,1.86%,0,0,426,36,6,TOR,PHI,PO,PO,,1
Cambo Dia,2010,461.0,Timothy Moyer,2345,3.0,LGO,458.0,B3,0,0,2,5,-2.70%,2.70%,0,0,427,36,6,PHI,TOR,LGO,LGO,,1
Jay Lupp,3278,888.0,Timothy Moyer,2345,634.0,FO,254.0,B3,1,0,2,5,-2.15%,2.15%,0,0,427,36,6,PHI,TOR,FO,FO,,1
Conrad Love,300,933.0,Timothy Moyer,2345,599.0,K,334.0,B3,2,0,2,5,-1.42%,1.42%,0,0,427,36,6,PHI,TOR,K,K,,1
Quentin Adams,397,438.0,Cy Hadd,3295,878.0,PO,440.0,T4,0,0,2,5,-0.98%,0.98%,0,0,428,36,6,TOR,PHI,PO,PO,,1
Thomas Berry,446,44.0,Cy Hadd,3295,732.0,K,312.0,T4,1,0,2,5,-0.83%,0.83%,0,0,428,36,6,TOR,PHI,K,K,,1
Graham Grams,400,44.0,Cy Hadd,3295,921.0,1B,123.0,T4,2,0,2,5,0.78%,-0.78%,0,1,428,36,6,TOR,PHI,1B,1B,,1
Graham Grams,400,543.0,Cy Hadd,3295,689.0,SB,146.0,T4,2,1,2,5,0.26%,-0.26%,0,0,428,36,6,TOR,PHI,Steal 2B,Steal 2B,,4
Lane Drew,190,543.0,Cy Hadd,3295,689.0,BB,146.0,T4,2,2,2,5,0.51%,-0.51%,0,1,428,36,6,TOR,PHI,BB,BB,,1
Mike Honcho,445,305.0,Cy Hadd,3295,321.0,HR,16.0,T4,2,4,2,5,9.62%,-9.62%,3,1,428,36,6,TOR,PHI,HR,HR,,1
S.A.R. Dinka,395,654.0,Cy Hadd,3295,438.0,FO,216.0,T4,2,0,2,8,-0.14%,0.14%,0,0,428,36,6,TOR,PHI,FO,FO,,1
Rory Nipponsteer,1992,256.0,Timothy Moyer,2345,905.0,K,351.0,B4,0,0,2,8,-0.69%,0.69%,0,0,429,36,6,PHI,TOR,K,K,,1
Cy Hadd,3295,555.0,Timothy Moyer,2345,318.0,FO,237.0,B4,1,0,2,8,-0.50%,0.50%,0,0,429,36,6,PHI,TOR,FO,FO,,1
Kyle Mack,2011,678.0,Timothy Moyer,2345,969.0,K,291.0,B4,2,0,2,8,-0.29%,0.29%,0,0,429,36,6,PHI,TOR,K,K,,1
Daz Reference,2114,199.0,Cy Hadd,3295,510.0,K,311.0,T5,0,0,2,8,-0.08%,0.08%,0,0,430,36,6,TOR,PHI,K,K,,1
Ziggy Ceder,56,556.0,Cy Hadd,3295,976.0,LGO,420.0,T5,1,0,2,8,-0.08%,0.08%,0,0,430,36,6,TOR,PHI,LGO,LGO,,1
Burt Maclin,2101,606.0,Cy Hadd,3295,978.0,K,372.0,T5,2,0,2,8,-0.07%,0.07%,0,0,430,36,6,TOR,PHI,K,K,,1
Ross Fire,47,562.0,Timothy Moyer,2345,728.0,BB,166.0,B5,0,0,2,8,0.76%,-0.76%,0,0,431,36,6,PHI,TOR,BB,BB,,1
KC Bats,287,439.0,Timothy Moyer,2345,851.0,DP,412.0,B5,0,1,2,8,-1.53%,1.53%,0,0,431,36,6,PHI,TOR,LGO,LGO,,1
Ronald Eagle Sr.,167,900.0,Timothy Moyer,2345,125.0,FO,225.0,B5,2,0,2,8,-0.12%,0.12%,0,0,431,36,6,PHI,TOR,FO,FO,,1
Quentin Adams,397,895.0,Ronald Eagle Sr.,167,300.0,PO,405.0,T6,0,0,2,8,-0.02%,0.02%,0,0,432,36,6,TOR,PHI,PO,PO,,1
Thomas Berry,446,726.0,Ronald Eagle Sr.,167,1.0,FO,275.0,T6,1,0,2,8,-0.04%,0.04%,0,0,432,36,6,TOR,PHI,FO,FO,,1
Graham Grams,400,156.0,Ronald Eagle Sr.,167,900.0,FO,256.0,T6,2,0,2,8,-0.04%,0.04%,0,0,432,36,6,TOR,PHI,FO,FO,,1
Cambo Dia,2010,876.0,Timothy Moyer,2345,472.0,LGO,404.0,B6,0,0,2,8,-0.26%,0.26%,0,0,433,36,6,PHI,TOR,LGO,LGO,,1
Jay Lupp,3278,555.0,Timothy Moyer,2345,472.0,1B,83.0,B6,1,0,2,8,0.22%,-0.22%,0,1,433,36,6,PHI,TOR,1B,1B,,1
Conor McRedgor,2039,,Timothy Moyer,2345,,Auto K,,B6,1,1,2,8,-0.28%,0.28%,0,0,433,36,6,PHI,TOR,Auto K,Auto K,,9
Hunter Tuzero,346,33.0,Timothy Moyer,2345,33.0,HR,0.0,B6,2,1,2,8,0.14%,-0.14%,2,1,433,36,6,PHI,TOR,HR,HR,,1
Lefty Schweez,2186,33.0,Timothy Moyer,2345,246.0,FO,213.0,B6,2,0,4,8,-0.22%,0.22%,0,0,433,36,6,PHI,TOR,FO,FO,,1
Mike Cal,2126,624.0,Matt Carver,3294,670.0,2B,46.0,T1,0,0,0,0,6.33%,-6.33%,0,1,434,37,7,MIN,ATL,2B,2B,,1
Dark Bobman,359,250.0,Matt Carver,3294,571.0,K,321.0,T1,0,2,0,0,-4.19%,4.19%,0,0,434,37,7,MIN,ATL,K,K,,1
Shiny Tenson,2124,999.0,Matt Carver,3294,26.0,2B,27.0,T1,1,2,0,0,11.13%,-11.13%,1,1,434,37,7,MIN,ATL,2B,2B,,1
Travis Hanky,2125,333.0,Matt Carver,3294,329.0,HR,4.0,T1,1,2,0,1,15.46%,-15.46%,2,1,434,37,7,MIN,ATL,HR,HR,,1
Holden Ryder,2001,621.0,Matt Carver,3294,790.0,FO,169.0,T1,1,0,0,3,-1.26%,1.26%,0,0,434,37,7,MIN,ATL,FO,FO,,1
Twinkie Power,2128,981.0,Matt Carver,3294,621.0,K,360.0,T1,2,0,0,3,-0.91%,0.91%,0,0,434,37,7,MIN,ATL,K,K,,1
H.B. Boink,1988,321.0,Hudson Quin,58,970.0,K,351.0,B1,0,0,0,3,-2.35%,2.35%,0,0,435,37,7,ATL,MIN,K,K,,1
Jake Blee,232,404.0,Hudson Quin,58,761.0,K,357.0,B1,1,0,0,3,-1.98%,1.98%,0,0,435,37,7,ATL,MIN,K,K,,1
C.J. Bastian,1989,181.0,Hudson Quin,58,523.0,K,342.0,B1,2,0,0,3,-1.42%,1.42%,0,0,435,37,7,ATL,MIN,K,K,,1
Tater Tits,4,666.0,Matt Carver,3294,864.0,FO,198.0,T2,0,0,0,3,-1.19%,1.19%,0,0,436,37,7,MIN,ATL,FO,FO,,1
C.W. Mitzel,2127,106.0,Matt Carver,3294,500.0,LGO,394.0,T2,1,0,0,3,-1.15%,1.15%,0,0,436,37,7,MIN,ATL,LGO,LGO,,1
Jack Marnette,213,239.0,Matt Carver,3294,767.0,LGO,472.0,T2,2,0,0,3,-0.89%,0.89%,0,0,436,37,7,MIN,ATL,LGO,LGO,,1
Sadler Oriole,231,369.0,Hudson Quin,58,211.0,1B,158.0,B2,0,0,0,3,3.29%,-3.29%,0,1,437,37,7,ATL,MIN,1B,1B,,1
Charles Lindberg,242,7.0,Hudson Quin,58,91.0,1B,84.0,B2,0,1,0,3,6.68%,-6.68%,0,0,437,37,7,ATL,MIN,1B,1B,,1
Trey Rangers,224,732.0,Hudson Quin,58,203.0,DP,471.0,B2,0,4,0,3,-11.42%,11.42%,0,0,437,37,7,ATL,MIN,LGO,LGO,,1
Phil Coulson,226,684.0,Hudson Quin,58,660.0,2B,24.0,B2,2,3,0,3,9.41%,-9.41%,1,0,437,37,7,ATL,MIN,2B,2B,,1
Y.E. Wally,5,639.0,Hudson Quin,58,18.0,K,379.0,B2,2,2,1,3,-5.62%,5.62%,0,0,437,37,7,ATL,MIN,K,K,,1
Mike Cal,2126,180.0,Matt Carver,3294,399.0,FO,219.0,T3,0,0,1,3,-1.72%,1.72%,0,0,438,37,7,MIN,ATL,FO,FO,,1
Dark Bobman,359,860.0,Matt Carver,3294,270.0,LGO,410.0,T3,1,0,1,3,-1.56%,1.56%,0,0,438,37,7,MIN,ATL,LGO,LGO,,1
Shiny Tenson,2124,270.0,Matt Carver,3294,847.0,K,423.0,T3,2,0,1,3,-1.30%,1.30%,0,0,438,37,7,MIN,ATL,K,K,,1
Jay Lupp,3278,666.0,Hudson Quin,58,562.0,1B,104.0,B3,0,0,1,3,4.11%,-4.11%,0,1,439,37,7,ATL,MIN,1B,1B,,1
H.B. Boink,1988,34.0,Hudson Quin,58,825.0,FO,209.0,B3,0,1,1,3,-4.06%,4.06%,0,0,439,37,7,ATL,MIN,FO,FO,,1
Jake Blee,232,199.0,Hudson Quin,58,267.0,1B,68.0,B3,1,1,1,3,6.30%,-6.30%,0,1,439,37,7,ATL,MIN,1B,1B,,1
C.J. Bastian,1989,18.0,Hudson Quin,58,941.0,1B,77.0,B3,1,4,1,3,10.85%,-10.85%,0,0,439,37,7,ATL,MIN,1B,1B,,1
Sadler Oriole,231,100.0,Hudson Quin,58,253.0,1B,153.0,B3,1,7,1,3,12.71%,-12.71%,1,0,439,37,7,ATL,MIN,1B,1B,,1
Charles Lindberg,242,22.0,Hudson Quin,58,861.0,Sac,161.0,B3,1,7,2,3,-0.05%,0.05%,1,0,439,37,7,ATL,MIN,FO,FO,,1
Trey Rangers,224,409.0,Hudson Quin,58,591.0,FO,182.0,B3,2,4,3,3,-7.74%,7.74%,0,0,439,37,7,ATL,MIN,FO,FO,,1
Travis Hanky,2125,643.0,Matt Carver,3294,861.0,FO,218.0,T4,0,0,3,3,-3.58%,3.58%,0,0,440,37,7,MIN,ATL,FO,FO,,1
Holden Ryder,2001,168.0,Matt Carver,3294,675.0,LGO,493.0,T4,1,0,3,3,-3.19%,3.19%,0,0,440,37,7,MIN,ATL,LGO,LGO,,1
Twinkie Power,2128,443.0,Matt Carver,3294,389.0,1B,54.0,T4,2,0,3,3,2.88%,-2.88%,0,0,440,37,7,MIN,ATL,1B,1B,,1
Tater Tits,4,725.0,Matt Carver,3294,363.0,K,362.0,T4,2,1,3,3,-5.63%,5.63%,0,0,440,37,7,MIN,ATL,K,K,,1
Phil Coulson,226,970.0,Hudson Quin,58,802.0,BB,168.0,B4,0,0,3,3,3.11%,-3.11%,0,0,441,37,7,ATL,MIN,BB,BB,,1
Phil Coulson,226,542.0,Hudson Quin,58,500.0,CS,42.0,B4,0,1,3,3,-6.54%,6.54%,0,0,441,37,7,ATL,MIN,CS 2B,CS 2B,,4
Y.E. Wally,5,542.0,Hudson Quin,58,1000.0,LGO,458.0,B4,1,0,3,3,-3.17%,3.17%,0,0,441,37,7,ATL,MIN,LGO,LGO,,1
Cal Tiberius Jr.,199,231.0,Hudson Quin,58,372.0,BB,141.0,B4,2,0,3,3,2.65%,-2.65%,0,0,441,37,7,ATL,MIN,BB,BB,,1
H.B. Boink,1988,987.0,Hudson Quin,58,637.0,K,350.0,B4,2,1,3,3,-5.52%,5.52%,0,0,441,37,7,ATL,MIN,K,K,,1
C.W. Mitzel,2127,286.0,Matt Carver,3294,363.0,1B,77.0,T5,0,0,3,3,4.12%,-4.12%,0,0,442,37,7,MIN,ATL,1B,1B,,1
Jack Marnette,213,811.0,Matt Carver,3294,675.0,1B,136.0,T5,0,1,3,3,7.87%,-7.87%,0,0,442,37,7,MIN,ATL,1B,1B,,1
Mike Cal,2126,888.0,Matt Carver,3294,363.0,DP,475.0,T5,0,4,3,3,-14.24%,14.24%,0,0,442,37,7,MIN,ATL,LGO,LGO,,1
Dark Bobman,359,782.0,Matt Carver,3294,228.0,LGO,446.0,T5,2,3,3,3,-9.47%,9.47%,0,0,442,37,7,MIN,ATL,LGO,LGO,,1
Jake Blee,232,643.0,Tim Burr,2129,384.0,K,259.0,B5,0,0,3,3,-4.12%,4.12%,0,0,443,37,7,ATL,MIN,K,K,,1
C.J. Bastian,1989,501.0,Tim Burr,2129,178.0,K,323.0,B5,1,0,3,3,-3.89%,3.89%,0,0,443,37,7,ATL,MIN,K,K,,1
Sadler Oriole,231,500.0,Tim Burr,2129,676.0,FO,176.0,B5,2,0,3,3,-3.68%,3.68%,0,0,443,37,7,ATL,MIN,FO,FO,,1
Shiny Tenson,2124,654.0,Matt Carver,3294,590.0,2B,64.0,T6,0,0,3,3,13.43%,-13.43%,0,1,444,37,7,MIN,ATL,2B,2B,,1
Travis Hanky,2125,862.0,Matt Carver,3294,423.0,LGO,439.0,T6,0,2,3,3,-9.04%,9.04%,0,0,444,37,7,MIN,ATL,LGO,LGO,,1
Ronald Eagle Sr.,167,363.0,Matt Carver,3294,642.0,FO,279.0,T6,1,2,3,3,-7.31%,7.31%,0,0,444,37,7,MIN,ATL,FO,FO,,1
Twinkie Power,2128,314.0,Matt Carver,3294,420.0,1B,106.0,T6,2,2,3,3,33.08%,-33.08%,1,0,444,37,7,MIN,ATL,1B,1B,,1
Daz Reference,2114,284.0,Matt Carver,3294,698.0,K,414.0,T6,2,1,3,4,-2.86%,2.86%,0,0,444,37,7,MIN,ATL,K,K,,1
Charles Lindberg,242,746.0,Tim Burr,2129,410.0,K,336.0,B6,0,0,3,4,-8.33%,8.33%,0,0,445,37,7,ATL,MIN,K,K,,1
Trey Rangers,224,99.0,Tim Burr,2129,542.0,LGO,443.0,B6,1,0,3,4,-7.59%,7.59%,0,0,445,37,7,ATL,MIN,LGO,LGO,,1
Phil Coulson,226,302.0,Tim Burr,2129,547.0,FO,245.0,B6,2,0,3,4,-6.82%,6.82%,0,0,445,37,7,ATL,MIN,FO,FO,,1
Ross Fire,47,412.0,Willoughby Hoose,112,241.0,BB,171.0,T1,0,0,0,0,2.91%,-2.91%,0,1,446,38,7,PHI,HOU,BB,BB,,1
Kyle Mack,2011,957.0,Willoughby Hoose,112,840.0,1B,117.0,T1,0,1,0,0,5.56%,-5.56%,0,1,446,38,7,PHI,HOU,1B,1B,,1
Conrad Love,300,7.0,Willoughby Hoose,112,589.0,K,418.0,T1,0,4,0,0,-4.44%,4.44%,0,0,446,38,7,PHI,HOU,K,K,,1
Gil Metz,206,38.0,Willoughby Hoose,112,374.0,K,336.0,T1,1,4,0,0,-3.93%,3.93%,0,0,446,38,7,PHI,HOU,K,K,,1
Hunter Tuzero,346,666.0,Willoughby Hoose,112,660.0,HR,6.0,T1,2,4,0,0,27.37%,-27.37%,3,1,446,38,7,PHI,HOU,HR,HR,,1
Conor McRedgor,2039,320.0,Willoughby Hoose,112,83.0,FO,237.0,T1,2,0,0,3,-0.91%,0.91%,0,0,446,38,7,PHI,HOU,FO,FO,,1
Riles McGiles,122,926.0,Cy Hadd,3295,631.0,K,295.0,B1,0,0,0,3,-2.35%,2.35%,0,0,447,38,7,HOU,PHI,K,K,,1
Jimbo Fishy,1984,420.0,Cy Hadd,3295,233.0,FO,187.0,B1,1,0,0,3,-1.98%,1.98%,0,0,447,38,7,HOU,PHI,FO,FO,,1
Triston Uzumaki,125,128.0,Cy Hadd,3295,455.0,K,327.0,B1,2,0,0,3,-1.42%,1.42%,0,0,447,38,7,HOU,PHI,K,K,,1
Miguel Snow,290,760.0,Willoughby Hoose,112,10.0,PO,250.0,T2,0,0,0,3,-1.19%,1.19%,0,0,448,38,7,PHI,HOU,PO,PO,,1
KC Bats,287,876.0,Willoughby Hoose,112,376.0,FO,500.0,T2,1,0,0,3,-1.15%,1.15%,0,0,448,38,7,PHI,HOU,FO,FO,,1
Cy Hadd,3295,451.0,Willoughby Hoose,112,787.0,K,336.0,T2,2,0,0,3,-0.89%,0.89%,0,0,448,38,7,PHI,HOU,K,K,,1
Jay Money,241,803.0,Cy Hadd,3295,917.0,1B,114.0,B2,0,0,0,3,3.29%,-3.29%,0,0,449,38,7,HOU,PHI,1B,1B,,1
Buck Cheeks,457,208.0,Cy Hadd,3295,947.0,FO,261.0,B2,0,1,0,3,-3.27%,3.27%,0,0,449,38,7,HOU,PHI,FO,FO,,1
Jasper Orbit,1983,400.0,Cy Hadd,3295,349.0,2B,51.0,B2,1,1,0,3,9.87%,-9.87%,0,0,449,38,7,HOU,PHI,2B,2B,,1
Khalil Underscore,3289,,Cy Hadd,3295,,Auto K,,B2,1,6,0,3,-8.23%,8.23%,0,0,449,38,7,HOU,PHI,Auto K,Auto K,,9
Chris Keebler,2108,485.0,Cy Hadd,3295,819.0,K,334.0,B2,2,6,0,3,-7.70%,7.70%,0,0,449,38,7,HOU,PHI,K,K,,1
Ross Fire,47,191.0,Willoughby Hoose,112,485.0,FO,294.0,T3,0,0,0,3,-1.14%,1.14%,0,0,450,38,7,PHI,HOU,FO,FO,,1
Kyle Mack,2011,245.0,Willoughby Hoose,112,787.0,LGO,458.0,T3,1,0,0,3,-1.03%,1.03%,0,0,450,38,7,PHI,HOU,LGO,LGO,,1
Conrad Love,300,454.0,Willoughby Hoose,112,672.0,FO,218.0,T3,2,0,0,3,-0.88%,0.88%,0,0,450,38,7,PHI,HOU,FO,FO,,1
Lemmy Fraser,2166,789.0,Cy Hadd,3295,209.0,LGO,420.0,B3,0,0,0,3,-2.70%,2.70%,0,0,451,38,7,HOU,PHI,LGO,LGO,,1
Riles McGiles,122,543.0,Cy Hadd,3295,559.0,3B,16.0,B3,1,0,0,3,7.36%,-7.36%,0,1,451,38,7,HOU,PHI,3B,3B,,1
Jimbo Fishy,1984,27.0,Cy Hadd,3295,805.0,Sac,222.0,B3,1,3,0,3,-0.81%,0.81%,1,0,451,38,7,HOU,PHI,FO,FO,,1
Triston Uzumaki,125,205.0,Cy Hadd,3295,369.0,BB,164.0,B3,2,0,1,3,2.71%,-2.71%,0,0,451,38,7,HOU,PHI,BB,BB,,1
Triston Uzumaki,125,501.0,Cy Hadd,3295,921.0,CS,420.0,B3,2,1,1,3,-4.78%,4.78%,0,0,451,38,7,HOU,PHI,CS 2B,CS 2B,,4
Gil Metz,206,781.0,Willoughby Hoose,112,377.0,K,404.0,T4,0,0,1,3,-1.53%,1.53%,0,0,452,38,7,PHI,HOU,K,K,,1
Hunter Tuzero,346,190.0,Willoughby Hoose,112,30.0,FO,160.0,T4,1,0,1,3,-1.44%,1.44%,0,0,452,38,7,PHI,HOU,FO,FO,,1
Conor McRedgor,2039,431.0,Willoughby Hoose,112,588.0,1B,157.0,T4,2,0,1,3,1.30%,-1.30%,0,0,452,38,7,PHI,HOU,1B,1B,,1
Conor McRedgor,2039,420.0,Willoughby Hoose,112,162.0,SB,258.0,T4,2,1,1,3,0.56%,-0.56%,0,0,452,38,7,PHI,HOU,Steal 2B,Steal 2B,,4
Miguel Snow,290,420.0,Willoughby Hoose,112,162.0,FO,258.0,T4,2,2,1,3,-3.12%,3.12%,0,0,452,38,7,PHI,HOU,FO,FO,,1
Jay Money,241,,Cy Hadd,3295,,Auto K,,B4,0,0,1,3,-3.76%,3.76%,0,0,453,38,7,HOU,PHI,Auto K,Auto K,,9
Buck Cheeks,457,734.0,Cy Hadd,3295,737.0,HR,3.0,B4,1,0,1,3,13.98%,-13.98%,1,1,453,38,7,HOU,PHI,HR,HR,,1
Jasper Orbit,1983,450.0,Oliver Yu,286,275.0,BB,175.0,B4,1,0,2,3,4.07%,-4.07%,0,0,453,38,7,HOU,PHI,BB,BB,,1
William Constantine,3292,615.0,Oliver Yu,286,880.0,FO,265.0,B4,1,1,2,3,-4.31%,4.31%,0,0,453,38,7,HOU,PHI,FO,FO,,1
Chris Keebler,2108,177.0,Oliver Yu,286,230.0,1B,53.0,B4,2,1,2,3,4.92%,-4.92%,0,0,453,38,7,HOU,PHI,1B,1B,,1
Lemmy Fraser,2166,493.0,Oliver Yu,286,180.0,K,313.0,B4,2,5,2,3,-11.83%,11.83%,0,0,453,38,7,HOU,PHI,K,K,,1
KC Bats,287,435.0,Willoughby Hoose,112,162.0,FO,273.0,T5,0,0,2,3,-2.29%,2.29%,0,0,454,38,7,PHI,HOU,FO,FO,,1
Oliver Yu,286,850.0,Willoughby Hoose,112,588.0,FO,262.0,T5,1,0,2,3,-2.08%,2.08%,0,0,454,38,7,PHI,HOU,FO,FO,,1
Ross Fire,47,,Willoughby Hoose,112,,Auto K,,T5,2,0,2,3,-1.91%,1.91%,0,0,454,38,7,PHI,HOU,Auto K,Auto K,,9
Riles McGiles,122,704.0,Oliver Yu,286,630.0,1B,74.0,B5,0,0,2,3,6.13%,-6.13%,0,0,455,38,7,HOU,PHI,1B,1B,,1
Jimbo Fishy,1984,622.0,Oliver Yu,286,840.0,FO,218.0,B5,0,1,2,3,-6.57%,6.57%,0,0,455,38,7,HOU,PHI,FO,FO,,1
Triston Uzumaki,125,222.0,Oliver Yu,286,645.0,DP,423.0,B5,1,1,2,3,-14.94%,14.94%,0,0,455,38,7,HOU,PHI,LGO,LGO,,1
Kyle Mack,2011,696.0,Willoughby Hoose,112,723.0,3B,27.0,T6,0,0,2,3,7.72%,-7.72%,0,1,456,38,7,PHI,HOU,3B,3B,,1
Conrad Love,300,800.0,Willoughby Hoose,112,870.0,1B,70.0,T6,0,3,2,3,2.54%,-2.54%,1,1,456,38,7,PHI,HOU,1B,1B,,1
Gil Metz,206,388.0,Willoughby Hoose,112,714.0,K,326.0,T6,0,1,2,4,-0.81%,0.81%,0,0,456,38,7,PHI,HOU,K,K,,1
Hunter Tuzero,346,950.0,Willoughby Hoose,112,17.0,1B,67.0,T6,1,1,2,4,1.09%,-1.09%,0,1,456,38,7,PHI,HOU,1B,1B,,1
Conor McRedgor,2039,239.0,Willoughby Hoose,112,17.0,FO,222.0,T6,1,4,2,4,-1.03%,1.03%,0,0,456,38,7,PHI,HOU,FO,FO,,1
Miguel Snow,290,860.0,Willoughby Hoose,112,725.0,BB,135.0,T6,2,4,2,4,0.85%,-0.85%,0,1,456,38,7,PHI,HOU,BB,BB,,1
KC Bats,287,33.0,Willoughby Hoose,112,993.0,2B,40.0,T6,2,7,2,4,6.82%,-6.82%,3,1,456,38,7,PHI,HOU,2B,2B,,1
Oliver Yu,286,100.0,Willoughby Hoose,112,240.0,1B,140.0,T6,2,2,2,7,0.37%,-0.37%,1,1,456,38,7,PHI,HOU,1B,1B,,1
Ross Fire,47,415.0,Willoughby Hoose,112,420.0,HR,5.0,T6,2,1,2,8,0.31%,-0.31%,2,1,456,38,7,PHI,HOU,HR,HR,,1
Kyle Mack,2011,633.0,Willoughby Hoose,112,420.0,FO,213.0,T6,2,0,2,10,-0.01%,0.01%,0,0,456,38,7,PHI,HOU,FO,FO,,1
Jay Money,241,13.0,Oliver Yu,286,430.0,LGO,417.0,B6,0,0,2,10,-0.04%,0.04%,0,0,457,38,7,HOU,PHI,LGO,LGO,,1
Buck Cheeks,457,101.0,Oliver Yu,286,180.0,1B,79.0,B6,1,0,2,10,0.05%,-0.05%,0,1,457,38,7,HOU,PHI,1B,1B,,1
Jasper Orbit,1983,444.0,Oliver Yu,286,334.0,1B,110.0,B6,1,1,2,10,0.12%,-0.12%,0,1,457,38,7,HOU,PHI,1B,1B,,1
William Constantine,3292,,Oliver Yu,286,,Auto K,,B6,1,4,2,10,-0.16%,0.16%,0,0,457,38,7,HOU,PHI,Auto K,Auto K,,9
Chris Keebler,2108,251.0,Oliver Yu,286,310.0,1B,59.0,B6,2,4,2,10,0.06%,-0.06%,1,1,457,38,7,HOU,PHI,1B,1B,,1
Lemmy Fraser,2166,319.0,Oliver Yu,286,320.0,HR,1.0,B6,2,5,3,10,0.13%,-0.13%,3,1,457,38,7,HOU,PHI,HR,HR,,1
Riles McGiles,122,730.0,Oliver Yu,286,1.0,K,271.0,B6,2,0,6,10,-0.22%,0.22%,0,0,457,38,7,HOU,PHI,K,K,,1
Graham Othrie,2139,203.0,S.A.R. Dinka,395,212.0,HR,9.0,T1,0,0,0,0,11.33%,-11.33%,1,1,458,39,7,OAK,TOR,HR,HR,,1
Art Zyz,1982,698.0,S.A.R. Dinka,395,570.0,1B,128.0,T1,0,0,0,1,2.39%,-2.39%,0,0,458,39,7,OAK,TOR,1B,1B,,1
Caleb VanVacter,2103,467.0,S.A.R. Dinka,395,908.0,DP,441.0,T1,0,1,0,1,-6.32%,6.32%,0,0,458,39,7,OAK,TOR,LGO,LGO,,1
Blue Moon Barthelemy,2025,498.0,S.A.R. Dinka,395,647.0,BB,149.0,T1,2,0,0,1,1.88%,-1.88%,0,0,458,39,7,OAK,TOR,BB,BB,,1
Max Wasson,273,850.0,S.A.R. Dinka,395,198.0,LGO,348.0,T1,2,1,0,1,-3.35%,3.35%,0,0,458,39,7,OAK,TOR,LGO,LGO,,1
Thomas Berry,446,371.0,Sal Shark,2147,876.0,LGO,495.0,B1,0,0,0,1,-2.79%,2.79%,0,0,459,39,7,TOR,OAK,LGO,LGO,,1
Graham Grams,400,365.0,Sal Shark,2147,689.0,K,324.0,B1,1,0,0,1,-2.36%,2.36%,0,0,459,39,7,TOR,OAK,K,K,,1
Lane Drew,190,340.0,Sal Shark,2147,362.0,2B,22.0,B1,2,0,0,1,3.53%,-3.53%,0,1,459,39,7,TOR,OAK,2B,2B,,1
Mike Honcho,445,22.0,Sal Shark,2147,929.0,1B,93.0,B1,2,2,0,1,11.25%,-11.25%,1,1,459,39,7,TOR,OAK,1B,1B,,1
Forrest Gleeson,51,501.0,Sal Shark,2147,472.0,2B,29.0,B1,2,1,1,1,13.34%,-13.34%,1,0,459,39,7,TOR,OAK,2B,2B,,1
Michael Voorhees,23,652.0,Sal Shark,2147,42.0,PO,390.0,B1,2,2,2,1,-4.01%,4.01%,0,0,459,39,7,TOR,OAK,PO,PO,,1
Kid Notcher,429,339.0,S.A.R. Dinka,395,78.0,K,261.0,T2,0,0,2,1,-2.95%,2.95%,0,0,460,39,7,OAK,TOR,K,K,,1
Grey Goose McGillicuddy,1961,604.0,S.A.R. Dinka,395,482.0,1B,122.0,T2,1,0,2,1,2.84%,-2.84%,0,0,460,39,7,OAK,TOR,1B,1B,,1
Boaty McBoatface,2095,850.0,S.A.R. Dinka,395,222.0,DP,372.0,T2,1,1,2,1,-7.31%,7.31%,0,0,460,39,7,OAK,TOR,LGO,LGO,,1
Ziggy Ceder,56,823.0,Sal Shark,2147,432.0,LGO,391.0,B2,0,0,2,1,-2.00%,2.00%,0,0,461,39,7,TOR,OAK,LGO,LGO,,1
Victor Justice,410,713.0,Sal Shark,2147,450.0,FO,263.0,B2,1,0,2,1,-1.83%,1.83%,0,0,461,39,7,TOR,OAK,FO,FO,,1
Quentin Adams,397,656.0,Sal Shark,2147,399.0,FO,257.0,B2,2,0,2,1,-1.56%,1.56%,0,0,461,39,7,TOR,OAK,FO,FO,,1
Bobson Dugnutt,2096,900.0,S.A.R. Dinka,395,792.0,1B,108.0,T3,0,0,2,1,3.96%,-3.96%,0,0,462,39,7,OAK,TOR,1B,1B,,1
Graham Othrie,2139,187.0,S.A.R. Dinka,395,611.0,DP,424.0,T3,0,1,2,1,-10.13%,10.13%,0,0,462,39,7,OAK,TOR,LGO,LGO,,1
Art Zyz,1982,462.0,S.A.R. Dinka,395,974.0,LGO,488.0,T3,2,0,2,1,-2.26%,2.26%,0,0,462,39,7,OAK,TOR,LGO,LGO,,1
Thomas Berry,446,765.0,Sal Shark,2147,87.0,K,322.0,B3,0,0,2,1,-2.04%,2.04%,0,0,463,39,7,TOR,OAK,K,K,,1
Graham Grams,400,950.0,Sal Shark,2147,840.0,1B,110.0,B3,1,0,2,1,1.65%,-1.65%,0,0,463,39,7,TOR,OAK,1B,1B,,1
Lane Drew,190,409.0,Sal Shark,2147,588.0,BB,179.0,B3,1,1,2,1,2.97%,-2.97%,0,0,463,39,7,TOR,OAK,BB,BB,,1
Mike Honcho,445,311.0,Sal Shark,2147,799.0,DP,488.0,B3,1,4,2,1,-8.04%,8.04%,0,0,463,39,7,TOR,OAK,LGO,LGO,,1
Caleb VanVacter,2103,125.0,S.A.R. Dinka,395,298.0,FO,173.0,T4,0,0,2,1,-3.96%,3.96%,0,0,464,39,7,OAK,TOR,FO,FO,,1
Blue Moon Barthelemy,2025,666.0,S.A.R. Dinka,395,111.0,LGO,445.0,T4,1,0,2,1,-3.37%,3.37%,0,0,464,39,7,OAK,TOR,LGO,LGO,,1
Max Wasson,273,509.0,S.A.R. Dinka,395,759.0,FO,250.0,T4,2,0,2,1,-2.78%,2.78%,0,0,464,39,7,OAK,TOR,FO,FO,,1
Forrest Gleeson,51,245.0,Sal Shark,2147,286.0,2B,41.0,B4,0,0,2,1,4.77%,-4.77%,0,0,465,39,7,TOR,OAK,2B,2B,,1
Michael Voorhees,23,472.0,Sal Shark,2147,102.0,K,370.0,B4,0,2,2,1,-3.00%,3.00%,0,0,465,39,7,TOR,OAK,K,K,,1
Ziggy Ceder,56,111.0,Sal Shark,2147,399.0,K,288.0,B4,1,2,2,1,-2.73%,2.73%,0,0,465,39,7,TOR,OAK,K,K,,1
Victor Justice,410,573.0,Sal Shark,2147,716.0,BB,143.0,B4,2,2,2,1,0.93%,-0.93%,0,0,465,39,7,TOR,OAK,BB,BB,,1
Quentin Adams,397,784.0,Sal Shark,2147,670.0,BB,114.0,B4,2,4,2,1,1.78%,-1.78%,0,0,465,39,7,TOR,OAK,BB,BB,,1
Thomas Berry,446,289.0,Sal Shark,2147,625.0,PO,336.0,B4,2,7,2,1,-6.85%,6.85%,0,0,465,39,7,TOR,OAK,PO,PO,,1
Kid Notcher,429,888.0,S.A.R. Dinka,395,811.0,1B,77.0,T5,0,0,2,1,5.72%,-5.72%,0,0,466,39,7,OAK,TOR,1B,1B,,1
Grey Goose McGillicuddy,1961,555.0,S.A.R. Dinka,395,333.0,FO,222.0,T5,0,1,2,1,-5.83%,5.83%,0,0,466,39,7,OAK,TOR,FO,FO,,1
Boaty McBoatface,2095,999.0,S.A.R. Dinka,395,456.0,DP,457.0,T5,1,1,2,1,-12.80%,12.80%,0,0,466,39,7,OAK,TOR,LGO,LGO,,1
Graham Grams,400,915.0,Sal Shark,2147,805.0,1B,110.0,B5,0,0,2,1,1.23%,-1.23%,0,0,467,39,7,TOR,OAK,1B,1B,,1
Lane Drew,190,34.0,Sal Shark,2147,137.0,1B,103.0,B5,0,1,2,1,2.37%,-2.37%,0,0,467,39,7,TOR,OAK,1B,1B,,1
Mike Honcho,445,402.0,Sal Shark,2147,717.0,K,315.0,B5,0,4,2,1,-2.12%,2.12%,0,0,467,39,7,TOR,OAK,K,K,,1
Forrest Gleeson,51,833.0,Sal Shark,2147,287.0,DP,454.0,B5,1,4,2,1,-5.29%,5.29%,0,0,467,39,7,TOR,OAK,LGO,LGO,,1
Bobson Dugnutt,2096,30.0,S.A.R. Dinka,395,512.0,LGO,482.0,T6,0,0,2,1,-6.73%,6.73%,0,0,468,39,7,OAK,TOR,LGO,LGO,,1
Graham Othrie,2139,47.0,S.A.R. Dinka,395,294.0,FO,247.0,T6,1,0,2,1,-6.00%,6.00%,0,0,468,39,7,OAK,TOR,FO,FO,,1
Art Zyz,1982,743.0,S.A.R. Dinka,395,877.0,1B,134.0,T6,2,0,2,1,5.75%,-5.75%,0,0,468,39,7,OAK,TOR,1B,1B,,1
Art Zyz,1982,500.0,S.A.R. Dinka,395,634.0,SB,134.0,T6,2,1,2,1,2.93%,-2.93%,0,0,468,39,7,OAK,TOR,Steal 2B,Steal 2B,,4
Caleb VanVacter,2103,500.0,S.A.R. Dinka,395,634.0,BB,134.0,T6,2,2,2,1,4.09%,-4.09%,0,0,468,39,7,OAK,TOR,BB,BB,,1
Blue Moon Barthelemy,2025,222.0,S.A.R. Dinka,395,726.0,LGO,496.0,T6,2,4,2,1,-17.90%,17.90%,0,0,468,39,7,OAK,TOR,LGO,LGO,,1
Chocolate Smegma,2107,2.0,Einhorn,74,792.0,FO,210.0,T1,0,0,0,0,-2.51%,2.51%,0,0,469,40,7,NYM,ARI,FO,FO,,1
Mongster Mash,344,1000.0,Einhorn,74,95.0,1B,95.0,T1,1,0,0,0,2.43%,-2.43%,0,0,469,40,7,NYM,ARI,1B,1B,,1
James Maso,2063,796.0,Einhorn,74,482.0,K,314.0,T1,1,1,0,0,-2.63%,2.63%,0,0,469,40,7,NYM,ARI,K,K,,1
James Earl Pwns,2062,143.0,Einhorn,74,528.0,K,385.0,T1,2,1,0,0,-3.74%,3.74%,0,0,469,40,7,NYM,ARI,K,K,,1
Will Power,8,625.0,Sonny Streaker,2065,788.0,BB,163.0,B1,0,0,0,0,2.76%,-2.76%,0,0,470,40,7,ARI,NYM,BB,BB,,1
Tsar Zaar,274,700.0,Sonny Streaker,2065,501.0,FO,199.0,B1,0,1,0,0,-2.96%,2.96%,0,0,470,40,7,ARI,NYM,FO,FO,,1
Assassin Panda,15,365.0,Sonny Streaker,2065,224.0,BB,141.0,B1,1,1,0,0,3.89%,-3.89%,0,0,470,40,7,ARI,NYM,BB,BB,,1
Rico Veringhipster,2014,670.0,Sonny Streaker,2065,112.0,DP,442.0,B1,1,4,0,0,-10.13%,10.13%,0,0,470,40,7,ARI,NYM,LGO,LGO,,1
Bo-Horse Jackman,168,474.0,Einhorn,74,317.0,BB,157.0,T2,0,0,0,0,3.09%,-3.09%,0,1,471,40,7,NYM,ARI,BB,BB,,1
Bix Kayne,3287,319.0,Einhorn,74,451.0,1B,132.0,T2,0,1,0,0,5.91%,-5.91%,0,0,471,40,7,NYM,ARI,1B,1B,,1
Pip Squires,2060,603.0,Einhorn,74,52.0,DP,449.0,T2,0,4,0,0,-10.56%,10.56%,0,0,471,40,7,NYM,ARI,LGO,LGO,,1
Xavier Crowbar,2006,99.0,Einhorn,74,961.0,BB,138.0,T2,2,3,0,0,1.78%,-1.78%,0,1,471,40,7,NYM,ARI,BB,BB,,1
Trey Paste,2037,166.0,Einhorn,74,202.0,2B,36.0,T2,2,5,0,0,22.71%,-22.71%,2,1,471,40,7,NYM,ARI,2B,2B,,1
Chocolate Smegma,2107,120.0,Einhorn,74,5.0,1B,115.0,T2,2,2,0,2,7.97%,-7.97%,1,0,471,40,7,NYM,ARI,1B,1B,,1
Mongster Mash,344,42.0,Einhorn,74,500.0,LGO,458.0,T2,2,1,0,3,-1.81%,1.81%,0,0,471,40,7,NYM,ARI,LGO,LGO,,1
I.M. Organic,2132,34.0,Sonny Streaker,2065,888.0,BB,146.0,B2,0,0,0,3,3.29%,-3.29%,0,0,472,40,7,ARI,NYM,BB,BB,,1
S.K. Brettbug,2015,267.0,Sonny Streaker,2065,654.0,DP,387.0,B2,0,1,0,3,-7.85%,7.85%,0,0,472,40,7,ARI,NYM,LGO,LGO,,1
Garren Smudge,133,399.0,Sonny Streaker,2065,788.0,LGO,389.0,B2,2,0,0,3,-1.48%,1.48%,0,0,472,40,7,ARI,NYM,LGO,LGO,,1
James Maso,2063,742.0,Einhorn,74,818.0,1B,76.0,T3,0,0,0,3,1.05%,-1.05%,0,0,473,40,7,NYM,ARI,1B,1B,,1
James Earl Pwns,2062,665.0,Einhorn,74,358.0,K,307.0,T3,0,1,0,3,-1.26%,1.26%,0,0,473,40,7,NYM,ARI,K,K,,1
Bo-Horse Jackman,168,576.0,Einhorn,74,902.0,K,326.0,T3,1,1,0,3,-0.98%,0.98%,0,0,473,40,7,NYM,ARI,K,K,,1
Bix Kayne,3287,403.0,Einhorn,74,467.0,1B,64.0,T3,2,1,0,3,1.08%,-1.08%,0,0,473,40,7,NYM,ARI,1B,1B,,1
Pip Squires,2060,377.0,Einhorn,74,34.0,K,343.0,T3,2,5,0,3,-2.94%,2.94%,0,0,473,40,7,NYM,ARI,K,K,,1
A.Z. Chapman,14,818.0,Sonny Streaker,2065,999.0,FO,181.0,B3,0,0,0,3,-2.70%,2.70%,0,0,474,40,7,ARI,NYM,FO,FO,,1
Burt Maclin,2101,220.0,Sonny Streaker,2065,567.0,K,347.0,B3,1,0,0,3,-2.15%,2.15%,0,0,474,40,7,ARI,NYM,K,K,,1
Will Power,8,362.0,Sonny Streaker,2065,322.0,2B,40.0,B3,2,0,0,3,2.84%,-2.84%,0,1,474,40,7,ARI,NYM,2B,2B,,1
Tsar Zaar,274,229.0,Sonny Streaker,2065,112.0,1B,117.0,B3,2,2,0,3,8.57%,-8.57%,1,0,474,40,7,ARI,NYM,1B,1B,,1
Assassin Panda,15,749.0,Sonny Streaker,2065,4.0,FO,255.0,B3,2,1,1,3,-4.78%,4.78%,0,0,474,40,7,ARI,NYM,FO,FO,,1
Xavier Crowbar,2006,156.0,Syd Kidd,3,764.0,PO,392.0,T4,0,0,1,3,-1.53%,1.53%,0,0,475,40,7,NYM,ARI,PO,PO,,1
Trey Paste,2037,470.0,Syd Kidd,3,28.0,LGO,442.0,T4,1,0,1,3,-1.44%,1.44%,0,0,475,40,7,NYM,ARI,LGO,LGO,,1
Chocolate Smegma,2107,554.0,Syd Kidd,3,983.0,LGO,429.0,T4,2,0,1,3,-1.26%,1.26%,0,0,475,40,7,NYM,ARI,LGO,LGO,,1
Rico Veringhipster,2014,387.0,Sonny Streaker,2065,786.0,LGO,399.0,B4,0,0,1,3,-3.76%,3.76%,0,0,476,40,7,ARI,NYM,LGO,LGO,,1
I.M. Organic,2132,570.0,Sonny Streaker,2065,210.0,LGO,360.0,B4,1,0,1,3,-3.09%,3.09%,0,0,476,40,7,ARI,NYM,LGO,LGO,,1
Cook Froster,2033,560.0,Sonny Streaker,2065,654.0,1B,94.0,B4,2,0,1,3,3.10%,-3.10%,0,0,476,40,7,ARI,NYM,1B,1B,,1
Garren Smudge,133,309.0,Sonny Streaker,2065,784.0,LGO,475.0,B4,2,1,1,3,-5.36%,5.36%,0,0,476,40,7,ARI,NYM,LGO,LGO,,1
Mongster Mash,344,173.0,Syd Kidd,3,720.0,LGO,453.0,T5,0,0,1,3,-1.31%,1.31%,0,0,477,40,7,NYM,ARI,LGO,LGO,,1
James Maso,2063,976.0,Syd Kidd,3,605.0,PO,371.0,T5,1,0,1,3,-1.19%,1.19%,0,0,477,40,7,NYM,ARI,PO,PO,,1
James Earl Pwns,2062,360.0,Syd Kidd,3,317.0,HR,43.0,T5,2,0,1,3,8.05%,-8.05%,1,1,477,40,7,NYM,ARI,HR,HR,,1
Bo-Horse Jackman,168,183.0,Syd Kidd,3,413.0,FO,230.0,T5,2,0,1,4,-0.58%,0.58%,0,0,477,40,7,NYM,ARI,FO,FO,,1
A.Z. Chapman,14,741.0,Sonny Streaker,2065,876.0,BB,135.0,B5,0,0,1,4,4.36%,-4.36%,0,0,478,40,7,ARI,NYM,BB,BB,,1
Burt Maclin,2101,542.0,Sonny Streaker,2065,652.0,1B,110.0,B5,0,1,1,4,8.92%,-8.92%,0,0,478,40,7,ARI,NYM,1B,1B,,1
Will Power,8,128.0,Sonny Streaker,2065,654.0,DP,474.0,B5,0,4,1,4,-15.67%,15.67%,0,0,478,40,7,ARI,NYM,LGO,LGO,,1
Tsar Zaar,274,650.0,Sonny Streaker,2065,900.0,FO,250.0,B5,2,3,1,4,-3.70%,3.70%,0,0,478,40,7,ARI,NYM,FO,FO,,1
Bix Kayne,3287,411.0,Syd Kidd,3,69.0,PO,342.0,T6,0,0,1,4,-0.37%,0.37%,0,0,479,40,7,NYM,ARI,PO,PO,,1
Pip Squires,2060,377.0,Syd Kidd,3,164.0,FO,213.0,T6,1,0,1,4,-0.37%,0.37%,0,0,479,40,7,NYM,ARI,FO,FO,,1
Xavier Crowbar,2006,420.0,Syd Kidd,3,777.0,K,357.0,T6,2,0,1,4,-0.33%,0.33%,0,0,479,40,7,NYM,ARI,K,K,,1
Assassin Panda,15,721.0,Sonny Streaker,2065,212.0,LGO,491.0,B6,0,0,1,4,-2.48%,2.48%,0,0,480,40,7,ARI,NYM,LGO,LGO,,1
Rico Veringhipster,2014,450.0,Sonny Streaker,2065,987.0,LGO,463.0,B6,1,0,1,4,-1.65%,1.65%,0,0,480,40,7,ARI,NYM,LGO,LGO,,1
I.M. Organic,2132,70.0,Sonny Streaker,2065,2.0,2B,68.0,B6,2,0,1,4,1.53%,-1.53%,0,1,480,40,7,ARI,NYM,2B,2B,,1
Cook Froster,2033,282.0,Sonny Streaker,2065,321.0,1B,39.0,B6,2,2,1,4,4.45%,-4.45%,1,0,480,40,7,ARI,NYM,1B,1B,,1
Garren Smudge,133,487.0,Sonny Streaker,2065,2.0,LGO,485.0,B6,2,1,2,4,-6.69%,6.69%,0,0,480,40,7,ARI,NYM,LGO,LGO,,1
Ricky Steele,2271,405.0,Rob Pancakes,1966,822.0,K,417.0,T1,0,0,0,0,-2.51%,2.51%,0,0,481,41,7,PIT,BAL,K,K,,1
Splash Nelson,312,255.0,Rob Pancakes,1966,744.0,LGO,489.0,T1,1,0,0,0,-2.18%,2.18%,0,0,481,41,7,PIT,BAL,LGO,LGO,,1
Jameson Poe,310,364.0,Rob Pancakes,1966,400.0,2B,36.0,T1,2,0,0,0,3.05%,-3.05%,0,1,481,41,7,PIT,BAL,2B,2B,,1
Lance Lummox,314,666.0,Rob Pancakes,1966,620.0,2B,46.0,T1,2,2,0,0,11.79%,-11.79%,1,1,481,41,7,PIT,BAL,2B,2B,,1
Johnny Hopkins,2070,980.0,Rob Pancakes,1966,1.0,2B,21.0,T1,2,2,0,1,10.59%,-10.59%,1,0,481,41,7,PIT,BAL,2B,2B,,1
Baxter Payne,2021,869.0,Rob Pancakes,1966,288.0,K,419.0,T1,2,2,0,2,-3.46%,3.46%,0,0,481,41,7,PIT,BAL,K,K,,1
Whit Merto,162,272.0,Darth Vader,336,65.0,FO,207.0,B1,0,0,0,2,-2.74%,2.74%,0,0,482,41,7,BAL,PIT,FO,FO,,1
Clipper Charge,171,500.0,Darth Vader,336,113.0,LGO,387.0,B1,1,0,0,2,-2.20%,2.20%,0,0,482,41,7,BAL,PIT,LGO,LGO,,1
Randy Nummer,2066,777.0,Darth Vader,336,79.0,FO,302.0,B1,2,0,0,2,-1.72%,1.72%,0,0,482,41,7,BAL,PIT,FO,FO,,1
Mike Anderson,2073,522.0,Rob Pancakes,1966,395.0,1B,127.0,T2,0,0,0,2,1.66%,-1.66%,0,1,483,41,7,PIT,BAL,1B,1B,,1
Jimmy Johns,303,747.0,Rob Pancakes,1966,734.0,HR,13.0,T2,0,1,0,2,12.97%,-12.97%,2,1,483,41,7,PIT,BAL,HR,HR,,1
Rory Nipponsteer,1992,542.0,Rob Pancakes,1966,374.0,FO,168.0,T2,0,0,0,4,-0.85%,0.85%,0,0,483,41,7,PIT,BAL,FO,FO,,1
Ricky Steele,2271,203.0,Rob Pancakes,1966,152.0,2B,51.0,T2,1,0,0,4,1.48%,-1.48%,0,0,483,41,7,PIT,BAL,2B,2B,,1
Splash Nelson,312,370.0,Rob Pancakes,1966,842.0,LGO,472.0,T2,1,2,0,4,-1.04%,1.04%,0,0,483,41,7,PIT,BAL,LGO,LGO,,1
Jameson Poe,310,617.0,Rob Pancakes,1966,998.0,K,381.0,T2,2,2,0,4,-1.86%,1.86%,0,0,483,41,7,PIT,BAL,K,K,,1
Johnny Dickshot,233,885.0,Darth Vader,336,716.0,FO,169.0,B2,0,0,0,4,-1.98%,1.98%,0,0,484,41,7,BAL,PIT,FO,FO,,1
Ludd Van Shark,1968,234.0,Darth Vader,336,831.0,K,403.0,B2,1,0,0,4,-1.51%,1.51%,0,0,484,41,7,BAL,PIT,K,K,,1
Meerkat Timmons,147,100.0,Darth Vader,336,26.0,1B,74.0,B2,2,0,0,4,1.56%,-1.56%,0,0,484,41,7,BAL,PIT,1B,1B,,1
Bernie Petrol,1972,113.0,Darth Vader,336,544.0,PO,431.0,B2,2,1,0,4,-2.59%,2.59%,0,0,484,41,7,BAL,PIT,PO,PO,,1
Lance Lummox,314,206.0,Rob Pancakes,1966,507.0,FO,301.0,T3,0,0,0,4,-0.67%,0.67%,0,0,485,41,7,PIT,BAL,FO,FO,,1
Johnny Hopkins,2070,295.0,Rob Pancakes,1966,836.0,LGO,459.0,T3,1,0,0,4,-0.63%,0.63%,0,0,485,41,7,PIT,BAL,LGO,LGO,,1
Baxter Payne,2021,770.0,Rob Pancakes,1966,237.0,LGO,467.0,T3,2,0,0,4,-0.64%,0.64%,0,0,485,41,7,PIT,BAL,LGO,LGO,,1
Sam Smith,158,825.0,Darth Vader,336,115.0,K,290.0,B3,0,0,0,4,-1.89%,1.89%,0,0,486,41,7,BAL,PIT,K,K,,1
Indy Sayne,151,827.0,Darth Vader,336,468.0,K,359.0,B3,1,0,0,4,-1.53%,1.53%,0,0,486,41,7,BAL,PIT,K,K,,1
Whit Merto,162,824.0,Darth Vader,336,661.0,BB,163.0,B3,2,0,0,4,1.65%,-1.65%,0,0,486,41,7,BAL,PIT,BB,BB,,1
Clipper Charge,171,420.0,Darth Vader,336,932.0,LGO,488.0,B3,2,1,0,4,-2.69%,2.69%,0,0,486,41,7,BAL,PIT,LGO,LGO,,1
Mike Anderson,2073,,Rob Pancakes,1966,,Auto BB,,T4,0,0,0,4,0.51%,-0.51%,0,0,487,41,7,PIT,BAL,Auto BB,Auto BB,,10
Jimmy Johns,303,69.0,Rob Pancakes,1966,720.0,K,349.0,T4,0,1,0,4,-0.55%,0.55%,0,0,487,41,7,PIT,BAL,K,K,,1
Rory Nipponsteer,1992,455.0,Rob Pancakes,1966,274.0,FO,181.0,T4,1,1,0,4,-0.66%,0.66%,0,0,487,41,7,PIT,BAL,FO,FO,,1
Darth Vader,336,518.0,Rob Pancakes,1966,642.0,1B,124.0,T4,2,1,0,4,0.45%,-0.45%,0,0,487,41,7,PIT,BAL,1B,1B,,1
Darth Vader,336,918.0,Rob Pancakes,1966,111.0,SB,193.0,T4,2,5,0,4,0.46%,-0.46%,0,0,487,41,7,PIT,BAL,Steal 2B,Steal 2B,,5
Gare Doctor,307,918.0,Rob Pancakes,1966,111.0,FO,193.0,T4,2,6,0,4,-1.77%,1.77%,0,0,487,41,7,PIT,BAL,FO,FO,,1
Randy Nummer,2066,500.0,Darth Vader,336,735.0,FO,235.0,B4,0,0,0,4,-1.89%,1.89%,0,0,488,41,7,BAL,PIT,FO,FO,,1
Johnny Dickshot,233,282.0,Darth Vader,336,46.0,FO,236.0,B4,1,0,0,4,-1.37%,1.37%,0,0,488,41,7,BAL,PIT,FO,FO,,1
Ludd Van Shark,1968,793.0,Darth Vader,336,188.0,K,395.0,B4,2,0,0,4,-0.89%,0.89%,0,0,488,41,7,BAL,PIT,K,K,,1
Jameson Poe,310,762.0,Rob Pancakes,1966,3.0,FO,241.0,T5,0,0,0,4,-0.37%,0.37%,0,0,489,41,7,PIT,BAL,FO,FO,,1
Lance Lummox,314,596.0,Rob Pancakes,1966,922.0,K,326.0,T5,1,0,0,4,-0.34%,0.34%,0,0,489,41,7,PIT,BAL,K,K,,1
Johnny Hopkins,2070,671.0,Rob Pancakes,1966,541.0,BB,130.0,T5,2,0,0,4,0.34%,-0.34%,0,0,489,41,7,PIT,BAL,BB,BB,,1
Baxter Payne,2021,669.0,Rob Pancakes,1966,477.0,FO,192.0,T5,2,1,0,4,-0.64%,0.64%,0,0,489,41,7,PIT,BAL,FO,FO,,1
Meerkat Timmons,147,762.0,Darth Vader,336,59.0,K,297.0,B5,0,0,0,4,-1.65%,1.65%,0,0,490,41,7,BAL,PIT,K,K,,1
Bernie Petrol,1972,818.0,Darth Vader,336,325.0,LGO,493.0,B5,1,0,0,4,-1.16%,1.16%,0,0,490,41,7,BAL,PIT,LGO,LGO,,1
Sam Smith,158,622.0,Darth Vader,336,138.0,LGO,484.0,B5,2,0,0,4,-0.63%,0.63%,0,0,490,41,7,BAL,PIT,LGO,LGO,,1
Mike Anderson,2073,155.0,Rob Pancakes,1966,748.0,LGO,407.0,T6,0,0,0,4,-0.18%,0.18%,0,0,491,41,7,PIT,BAL,LGO,LGO,,1
Jimmy Johns,303,901.0,Rob Pancakes,1966,486.0,LGO,415.0,T6,1,0,0,4,-0.15%,0.15%,0,0,491,41,7,PIT,BAL,LGO,LGO,,1
Rory Nipponsteer,1992,151.0,Rob Pancakes,1966,611.0,LGO,460.0,T6,2,0,0,4,-0.14%,0.14%,0,0,491,41,7,PIT,BAL,LGO,LGO,,1
Indy Sayne,151,222.0,Darth Vader,336,796.0,LGO,426.0,B6,0,0,0,4,-1.19%,1.19%,0,0,492,41,7,BAL,PIT,LGO,LGO,,1
Whit Merto,162,176.0,Darth Vader,336,579.0,LGO,403.0,B6,1,0,0,4,-0.70%,0.70%,0,0,492,41,7,BAL,PIT,LGO,LGO,,1
Clipper Charge,171,1000.0,Darth Vader,336,51.0,1B,51.0,B6,2,0,0,4,0.46%,-0.46%,0,0,492,41,7,BAL,PIT,1B,1B,,1
Randy Nummer,2066,240.0,Darth Vader,336,539.0,FO,299.0,B6,2,1,0,4,-0.68%,0.68%,0,0,492,41,7,BAL,PIT,FO,FO,,1
BB Bambino Jr.,115,1.0,Jay Bedia,2151,102.0,1B,101.0,T1,0,0,0,0,2.91%,-2.91%,0,1,493,42,7,DET,WAS,1B,1B,,1
Mason Spurs,103,862.0,Jay Bedia,2151,877.0,HR,15.0,T1,0,1,0,0,18.75%,-18.75%,2,1,493,42,7,DET,WAS,HR,HR,,1
King Fielder,222,238.0,Jay Bedia,2151,642.0,K,404.0,T1,0,0,0,2,-1.68%,1.68%,0,0,493,42,7,DET,WAS,K,K,,1
Otis Nixon Sr.,107,410.0,Jay Bedia,2151,590.0,FO,180.0,T1,1,0,0,2,-1.46%,1.46%,0,0,493,42,7,DET,WAS,FO,FO,,1
Morris Deratt,104,222.0,Jay Bedia,2151,167.0,1B,55.0,T1,2,0,0,2,1.42%,-1.42%,0,0,493,42,7,DET,WAS,1B,1B,,1
Merodach Baladan,100,,Jay Bedia,2151,,Auto K,,T1,2,1,0,2,-2.66%,2.66%,0,0,493,42,7,DET,WAS,Auto K,Auto K,,9
Gene Hennig,2040,624.0,Bartholemew Masters,2019,267.0,K,357.0,B1,0,0,0,2,-2.74%,2.74%,0,0,494,42,7,WAS,DET,K,K,,1
Mylo Grams,396,624.0,Bartholemew Masters,2019,426.0,BB,198.0,B1,1,0,0,2,2.83%,-2.83%,0,0,494,42,7,WAS,DET,BB,BB,,1
Chad Barrett,2030,782.0,Bartholemew Masters,2019,124.0,K,342.0,B1,1,1,0,2,-2.89%,2.89%,0,0,494,42,7,WAS,DET,K,K,,1
Jason Girth,2143,12.0,Bartholemew Masters,2019,330.0,K,318.0,B1,2,1,0,2,-3.86%,3.86%,0,0,494,42,7,WAS,DET,K,K,,1
Casey Nine,101,624.0,Jay Bedia,2151,211.0,LGO,413.0,T2,0,0,0,2,-1.70%,1.70%,0,0,495,42,7,DET,WAS,LGO,LGO,,1
Sevag Vapor,106,475.0,Jay Bedia,2151,967.0,LGO,492.0,T2,1,0,0,2,-1.52%,1.52%,0,0,495,42,7,DET,WAS,LGO,LGO,,1
Lightning Balls,350,595.0,Jay Bedia,2151,402.0,BB,193.0,T2,2,0,0,2,1.27%,-1.27%,0,0,495,42,7,DET,WAS,BB,BB,,1
BB Bambino Jr.,115,293.0,Jay Bedia,2151,104.0,BB,189.0,T2,2,1,0,2,1.88%,-1.88%,0,0,495,42,7,DET,WAS,BB,BB,,1
Mason Spurs,103,777.0,Jay Bedia,2151,167.0,LGO,390.0,T2,2,4,0,2,-4.52%,4.52%,0,0,495,42,7,DET,WAS,LGO,LGO,,1
Herrera O'Doubles,2055,200.0,Bartholemew Masters,2019,541.0,K,341.0,B2,0,0,0,2,-2.94%,2.94%,0,0,496,42,7,WAS,DET,K,K,,1
Osmosis Jones,37,630.0,Bartholemew Masters,2019,73.0,LGO,443.0,B2,1,0,0,2,-2.53%,2.53%,0,0,496,42,7,WAS,DET,LGO,LGO,,1
Bo Kinsella,2051,443.0,Bartholemew Masters,2019,333.0,1B,110.0,B2,2,0,0,2,2.19%,-2.19%,0,1,496,42,7,WAS,DET,1B,1B,,1
Bo Kinsella,2051,811.0,Bartholemew Masters,2019,731.0,SB,80.0,B2,2,1,0,2,1.51%,-1.51%,0,0,496,42,7,WAS,DET,Steal 2B,Steal 2B,,4
Donnie Lindsanity,2052,811.0,Bartholemew Masters,2019,731.0,1B,80.0,B2,2,2,0,2,10.90%,-10.90%,1,1,496,42,7,WAS,DET,1B,1B,,1
Larry Wayne,2053,455.0,Bartholemew Masters,2019,501.0,2B,46.0,B2,2,1,1,2,15.64%,-15.64%,1,1,496,42,7,WAS,DET,2B,2B,,1
Gene Hennig,2040,92.0,Bartholemew Masters,2019,10.0,1B,82.0,B2,2,2,2,2,12.80%,-12.80%,1,0,496,42,7,WAS,DET,1B,1B,,1
Gene Hennig,2040,5.0,Bartholemew Masters,2019,415.0,CS,410.0,B2,2,1,3,2,-3.16%,3.16%,0,0,496,42,7,WAS,DET,CS 2B,CS 2B,,4
King Fielder,222,712.0,Jay Bedia,2151,805.0,1B,93.0,T3,0,0,3,2,3.96%,-3.96%,0,0,497,42,7,DET,WAS,1B,1B,,1
Otis Nixon Sr.,107,905.0,Jay Bedia,2151,606.0,K,299.0,T3,0,1,3,2,-4.01%,4.01%,0,0,497,42,7,DET,WAS,K,K,,1
Morris Deratt,104,333.0,Jay Bedia,2151,731.0,K,398.0,T3,1,1,3,2,-3.44%,3.44%,0,0,497,42,7,DET,WAS,K,K,,1
Merodach Baladan,100,512.0,Jay Bedia,2151,445.0,1B,67.0,T3,2,1,3,2,3.93%,-3.93%,0,0,497,42,7,DET,WAS,1B,1B,,1
Casey Nine,101,888.0,Jay Bedia,2151,697.0,FO,191.0,T3,2,5,3,2,-8.87%,8.87%,0,0,497,42,7,DET,WAS,FO,FO,,1
Mylo Grams,396,,Bartholemew Masters,2019,,Auto BB,,B3,0,0,3,2,2.09%,-2.09%,0,0,498,42,7,WAS,DET,Auto BB,Auto BB,,10
Chad Barrett,2030,735.0,Bartholemew Masters,2019,12.0,FO,277.0,B3,0,1,3,2,-2.48%,2.48%,0,0,498,42,7,WAS,DET,FO,FO,,1
Jason Girth,2143,486.0,Bartholemew Masters,2019,800.0,K,314.0,B3,1,1,3,2,-1.91%,1.91%,0,0,498,42,7,WAS,DET,K,K,,1
Herrera O'Doubles,2055,800.0,Bartholemew Masters,2019,546.0,FO,254.0,B3,2,1,3,2,-3.16%,3.16%,0,0,498,42,7,WAS,DET,FO,FO,,1
Sevag Vapor,106,,Jay Bedia,2151,,Auto K,,T4,0,0,3,2,-3.96%,3.96%,0,0,499,42,7,DET,WAS,Auto K,Auto K,,9
Lightning Balls,350,713.0,Jay Bedia,2151,256.0,LGO,457.0,T4,1,0,3,2,-3.37%,3.37%,0,0,499,42,7,DET,WAS,LGO,LGO,,1
BB Bambino Jr.,115,641.0,Jay Bedia,2151,699.0,1B,58.0,T4,2,0,3,2,3.28%,-3.28%,0,1,499,42,7,DET,WAS,1B,1B,,1
Mason Spurs,103,112.0,Jay Bedia,2151,103.0,HR,9.0,T4,2,1,3,2,35.47%,-35.47%,2,1,499,42,7,DET,WAS,HR,HR,,1
King Fielder,222,117.0,Jay Bedia,2151,268.0,BB,151.0,T4,2,0,3,4,1.85%,-1.85%,0,0,499,42,7,DET,WAS,BB,BB,,1
Otis Nixon Sr.,107,755.0,Jay Bedia,2151,188.0,PO,433.0,T4,2,1,3,4,-3.78%,3.78%,0,0,499,42,7,DET,WAS,PO,PO,,1
Osmosis Jones,37,312.0,Bartholemew Masters,2019,543.0,FO,231.0,B4,0,0,3,4,-4.38%,4.38%,0,0,500,42,7,WAS,DET,FO,FO,,1
Bo Kinsella,2051,502.0,Bartholemew Masters,2019,902.0,K,400.0,B4,1,0,3,4,-3.91%,3.91%,0,0,500,42,7,WAS,DET,K,K,,1
Donnie Lindsanity,2052,311.0,Bartholemew Masters,2019,717.0,K,406.0,B4,2,0,3,4,-3.24%,3.24%,0,0,500,42,7,WAS,DET,K,K,,1
Morris Deratt,104,696.0,Jay Bedia,2151,887.0,FO,191.0,T5,0,0,3,4,-2.29%,2.29%,0,0,501,42,7,DET,WAS,FO,FO,,1
Merodach Baladan,100,,Jay Bedia,2151,,Auto K,,T5,1,0,3,4,-2.08%,2.08%,0,0,501,42,7,DET,WAS,Auto K,Auto K,,9
Casey Nine,101,204.0,Jay Bedia,2151,831.0,PO,373.0,T5,2,0,3,4,-1.91%,1.91%,0,0,501,42,7,DET,WAS,PO,PO,,1
Larry Wayne,2053,46.0,Bartholemew Masters,2019,455.0,K,409.0,B5,0,0,3,4,-5.77%,5.77%,0,0,502,42,7,WAS,DET,K,K,,1
Gene Hennig,2040,998.0,Bartholemew Masters,2019,501.0,LGO,497.0,B5,1,0,3,4,-5.16%,5.16%,0,0,502,42,7,WAS,DET,LGO,LGO,,1
Mylo Grams,396,905.0,Bartholemew Masters,2019,199.0,FO,294.0,B5,2,0,3,4,-4.45%,4.45%,0,0,502,42,7,WAS,DET,FO,FO,,1
Sevag Vapor,106,633.0,Hudson Hildebrandt,284,406.0,FO,227.0,T6,0,0,3,4,-1.71%,1.71%,0,0,503,42,7,DET,WAS,FO,FO,,1
Lightning Balls,350,313.0,Hudson Hildebrandt,284,703.0,LGO,390.0,T6,1,0,3,4,-1.62%,1.62%,0,0,503,42,7,DET,WAS,LGO,LGO,,1
BB Bambino Jr.,115,284.0,Hudson Hildebrandt,284,230.0,1B,54.0,T6,2,0,3,4,1.36%,-1.36%,0,0,503,42,7,DET,WAS,1B,1B,,1
Mason Spurs,103,118.0,Hudson Hildebrandt,284,666.0,LGO,452.0,T6,2,1,3,4,-2.86%,2.86%,0,0,503,42,7,DET,WAS,LGO,LGO,,1
Chad Barrett,2030,500.0,Bartholemew Masters,2019,333.0,BB,167.0,B6,0,0,3,4,8.33%,-8.33%,0,0,504,42,7,WAS,DET,BB,BB,,1
Jason Girth,2143,623.0,Bartholemew Masters,2019,145.0,DP,478.0,B6,0,1,3,4,-24.25%,24.25%,0,0,504,42,7,WAS,DET,LGO,LGO,,1
Herrera O'Doubles,2055,600.0,Bartholemew Masters,2019,989.0,LGO,389.0,B6,2,0,3,4,-6.82%,6.82%,0,0,504,42,7,WAS,DET,LGO,LGO,,1
